h,n_obs,b_re,b_dg,b_dp,sum
1,1117,0.06920611743403143,0.1395923643606527,0.7918591573472933,1.0006576391419775
2,1105,0.15150714200962928,0.21073638721455287,0.6383612949593811,1.0006048241835632
3,1093,0.2108281443163205,0.23131240090444802,0.5580959641119339,1.0002365093327024
4,1081,0.2777170281716273,0.23685651011892278,0.48532833332935044,0.9999018716199005
5,1069,0.35774437934581815,0.23329523324832332,0.40825813261546706,0.9992977452096086
6,1057,0.39885002607492315,0.23474659762167915,0.36518387334205477,0.9987804970386571
7,1045,0.443777307102457,0.2292200844948602,0.3253769546194077,0.9983743462167249
8,1033,0.5139310698812235,0.23897829347091934,0.24533608923175093,0.9982454525838937
9,1021,0.5774133585219218,0.22539352775084867,0.19561179979309032,0.9984186860658607
10,1009,0.6193517576186197,0.2085912803489908,0.17102730320521767,0.9989703411728281
11,997,0.6807346809677992,0.21430999380956245,0.1041389809496313,0.999183655726993
12,985,0.7419369288927208,0.23765990959187314,0.01969431831443565,0.9992911567990296
13,973,0.7673772369741992,0.25734085625598496,-0.02555656147735787,0.9991615317528264
14,961,0.7770932075831546,0.2699413208966604,-0.04801746844588843,0.9990170600339267
15,949,0.7720272289532953,0.28068702954831953,-0.05389985981717691,0.998814398684438
16,937,0.7692935120483113,0.27251183294440406,-0.04344828391643255,0.9983570610762829
17,925,0.7712306700215438,0.2618309879439894,-0.03511619315195155,0.9979454648135816
18,913,0.8144703913004196,0.21683765329752627,-0.03391654173906979,0.9973915028588761
19,901,0.8558183376900197,0.1664734699556316,-0.025174624953271156,0.9971171826923801
20,889,0.875250181456093,0.14559368975550652,-0.023832891830990497,0.997010979380609
