h,b_re,b_dg,b_dp,sum,b_dp_direct
1,0.0688332107664891,0.14054345908004753,0.7906233301534634,1.0,0.7912983712142294
2,0.14608084593991455,0.21005785337690497,0.6438613006831805,1.0,0.6442024834194606
3,0.20309991155227416,0.25700956973958383,0.539890518708142,1.0,0.5399411819000746
4,0.24927917464489371,0.2974493439493653,0.45327148140574103,1.0,0.4531179018016492
5,0.28815639236038143,0.3319268141592536,0.379916793480365,1.0,0.3795962192452586
6,0.32080865692275806,0.36081124386701946,0.3183800992102225,1.0,0.3179182816004434
7,0.3481576334000735,0.38497850016346485,0.2668638664364616,1.0,0.2662834352714836
8,0.3710612034965329,0.4052183657096732,0.223720430793794,1.0,0.22304068129280163
9,0.39024495940771015,0.42217226494890386,0.18758277564338594,1.0,0.18681985354936442
10,0.4063134755635624,0.43637310500013987,0.15731341943629767,1.0,0.15648083182084985
11,0.4197725391477057,0.44826774649233253,0.13195971435996184,1.0,0.13106877396687294
12,0.43104588517612125,0.4582307208148356,0.11072339400904319,1.0,0.10978357709185904
13,0.440488470256838,0.4665757364387852,0.09293579330437679,1.0,0.09195503729784624
14,0.44839760642377513,0.47356554577874876,0.0780368477974761,1.0,0.07702180109878395
15,0.45502232146632055,0.47942023002576317,0.06555744850791634,1.0,0.06451367982720016
16,0.46057120164925724,0.4843241301986907,0.05510466815205206,1.0,0.054036841857123964
17,0.4652189594827168,0.48843165093889135,0.04634938957839191,1.0,0.04526141255731974
18,0.4691119346734907,0.49187212200352454,0.0390159433229848,1.0,0.03791108799634885
19,0.47237270177483753,0.49475387036087914,0.03287342786428327,1.0,0.03175443522086367
20,0.47510392958083214,0.49716763098798566,0.027728439431182195,1.0,0.02659760533098171
