H,n_obs,a,b,r2,r2_adj
1,1117,-0.03141087888868182,2.8038027429963175,0.04651702345657449,0.045661881773575774
2,1105,-0.029801046585867484,2.6857695075095775,0.0916876874050242,0.09086419482787556
3,1093,-0.01807165960316251,2.3903314727803697,0.12024367039261885,0.11943729428848737
4,1081,-0.018169162268055854,2.417255705805297,0.17962121382032925,0.17886089983869846
5,1069,-0.01583022824941557,2.4006053177721567,0.25485763124528993,0.25415927850981224
6,1057,-0.0042060116929834345,2.1228720116175985,0.2820269151529299,0.28134637194454404
7,1045,0.001551446852504089,1.9775769053603147,0.31154229460509986,0.31088222010328315
8,1033,0.0019506613598793525,1.9596868203394158,0.34952113905183824,0.3488902187211417
9,1021,0.0030050563144466765,1.9109238078616724,0.3589490750406561,0.35831997697887064
10,1009,0.0050697627178539545,1.8381099524600384,0.36212624321661846,0.3614928035375883
11,997,0.0034690378713339493,1.8617645051648404,0.387513271777124,0.38689770722614625
12,985,0.001901858827483089,1.8823082145497445,0.4194214338094149,0.4188308147186818
13,973,0.0034587318967324444,1.8406375754566726,0.4346314140485822,0.4340491600980657
14,961,0.006493588632216914,1.7710262051390282,0.4438044916949615,0.44322451723374656
15,949,0.011971540630216824,1.644732549202266,0.4219024268870063,0.421291975384247
