window_end,window_start,n,r2_os
1990-12,1941-01,600,0.15801988688705604
1991-01,1941-02,600,0.15725021747214918
1991-02,1941-03,600,0.15649917116947165
1991-03,1941-04,600,0.1556353611127168
1991-04,1941-05,600,0.15463918324210502
1991-05,1941-06,600,0.15483477845199944
1991-06,1941-07,600,0.15500524508954083
1991-07,1941-08,600,0.15503113541218716
1991-08,1941-09,600,0.15490981171083273
1991-09,1941-10,600,0.15488244175832844
1991-10,1941-11,600,0.1548940424212647
1991-11,1941-12,600,0.15494690807915634
1991-12,1942-01,600,0.15457941326258828
1992-01,1942-02,600,0.15405633415287523
1992-02,1942-03,600,0.15401436440965643
1992-03,1942-04,600,0.15478710061994394
1992-04,1942-05,600,0.1558124049827776
1992-05,1942-06,600,0.15679071895644014
1992-06,1942-07,600,0.1573521754240773
1992-07,1942-08,600,0.1574574106437432
1992-08,1942-09,600,0.15800990875097876
1992-09,1942-10,600,0.1582286399220536
1992-10,1942-11,600,0.15827519923956557
1992-11,1942-12,600,0.15733060239880148
1992-12,1943-01,600,0.15686738470306938
1993-01,1943-02,600,0.15565978556356042
1993-02,1943-03,600,0.15375973360219286
1993-03,1943-04,600,0.14909379080014207
1993-04,1943-05,600,0.14312662283199207
1993-05,1943-06,600,0.13762693355286415
1993-06,1943-07,600,0.13192812531506137
1993-07,1943-08,600,0.12794380599781874
1993-08,1943-09,600,0.12338276502528567
1993-09,1943-10,600,0.11921918725038705
1993-10,1943-11,600,0.1162782118266753
1993-11,1943-12,600,0.11475590696316007
1993-12,1944-01,600,0.1135886733567486
1994-01,1944-02,600,0.11253857902297826
1994-02,1944-03,600,0.1120435225695976
1994-03,1944-04,600,0.11260966430273178
1994-04,1944-05,600,0.1125413224293853
1994-05,1944-06,600,0.1128104799095252
1994-06,1944-07,600,0.1138321376044622
1994-07,1944-08,600,0.11452396804788023
1994-08,1944-09,600,0.11521013700897031
1994-09,1944-10,600,0.11604235947807828
1994-10,1944-11,600,0.11695133371895672
1994-11,1944-12,600,0.11816331116855794
1994-12,1945-01,600,0.11968978305221045
1995-01,1945-02,600,0.12143175204622292
1995-02,1945-03,600,0.12274992876192625
1995-03,1945-04,600,0.12272090497088417
1995-04,1945-05,600,0.12313812670574542
1995-05,1945-06,600,0.12315001150575189
1995-06,1945-07,600,0.12210591237821411
1995-07,1945-08,600,0.12064909199179286
1995-08,1945-09,600,0.12005765242604383
1995-09,1945-10,600,0.1191494476793904
1995-10,1945-11,600,0.11900831546791779
1995-11,1945-12,600,0.11811726508224263
1995-12,1946-01,600,0.11744903286468011
1996-01,1946-02,600,0.11746596040368751
1996-02,1946-03,600,0.11661222673339011
1996-03,1946-04,600,0.11672863857846538
1996-04,1946-05,600,0.11702253531455442
1996-05,1946-06,600,0.11768938622865677
1996-06,1946-07,600,0.1184014449153249
1996-07,1946-08,600,0.1199441459860483
1996-08,1946-09,600,0.12013652535189967
1996-09,1946-10,600,0.11887196434800507
1996-10,1946-11,600,0.11705779776108605
1996-11,1946-12,600,0.1143575077651724
1996-12,1947-01,600,0.11222486052538583
1997-01,1947-02,600,0.10931004084525242
1997-02,1947-03,600,0.10710323959599655
1997-03,1947-04,600,0.10487986403436
1997-04,1947-05,600,0.10151441201034206
1997-05,1947-06,600,0.09672154551576251
1997-06,1947-07,600,0.09191775028897575
1997-07,1947-08,600,0.0852276473371083
1997-08,1947-09,600,0.08041220666440407
1997-09,1947-10,600,0.07639501049119624
1997-10,1947-11,600,0.07343714240726129
1997-11,1947-12,600,0.07065393337206449
1997-12,1948-01,600,0.06718552483323281
1998-01,1948-02,600,0.06406645623781682
1998-02,1948-03,600,0.0595011856963189
1998-03,1948-04,600,0.05345974398129316
1998-04,1948-05,600,0.04839165133551282
1998-05,1948-06,600,0.045248356966293146
1998-06,1948-07,600,0.04246084431087915
1998-07,1948-08,600,0.041054860888659395
1998-08,1948-09,600,0.041742150621356444
1998-09,1948-10,600,0.04232123008994415
1998-10,1948-11,600,0.04141237423944677
1998-11,1948-12,600,0.04027678730034978
1998-12,1949-01,600,0.038365478317164414
1999-01,1949-02,600,0.035944852856162446
1999-02,1949-03,600,0.03525093700822113
1999-03,1949-04,600,0.03475059483245868
1999-04,1949-05,600,0.033722730669447754
1999-05,1949-06,600,0.03221533136205135
1999-06,1949-07,600,0.03053965995934016
1999-07,1949-08,600,0.029290002072672183
1999-08,1949-09,600,0.02580412876860738
1999-09,1949-10,600,0.02353597027304033
1999-10,1949-11,600,0.021307434371387823
1999-11,1949-12,600,0.018738960318079978
1999-12,1950-01,600,0.015698681783979707
2000-01,1950-02,600,0.013941745023472008
2000-02,1950-03,600,0.010358810711319055
2000-03,1950-04,600,0.006959315125450227
2000-04,1950-05,600,0.004454009515313384
2000-05,1950-06,600,0.0005494201862179526
2000-06,1950-07,600,-0.0022787806672981414
2000-07,1950-08,600,-0.004138869579990212
2000-08,1950-09,600,-0.0074668149453160915
2000-09,1950-10,600,-0.010330428581336148
2000-10,1950-11,600,-0.01130991013324345
2000-11,1950-12,600,-0.010827454203328646
2000-12,1951-01,600,-0.00923351029871955
2001-01,1951-02,600,-0.008925557329905631
2001-02,1951-03,600,-0.007145812037830046
2001-03,1951-04,600,-0.0036950502221426706
2001-04,1951-05,600,-0.0016464854277389307
2001-05,1951-06,600,0.00016560450533498194
2001-06,1951-07,600,0.0022864023327228145
2001-07,1951-08,600,0.0038137646673058745
2001-08,1951-09,600,0.006660175787500444
2001-09,1951-10,600,0.01009895209132805
2001-10,1951-11,600,0.01293277949722016
2001-11,1951-12,600,0.013833046663180748
2001-12,1952-01,600,0.01500085559238351
2002-01,1952-02,600,0.0170228436883747
2002-02,1952-03,600,0.01854557958821157
2002-03,1952-04,600,0.018417506233077363
2002-04,1952-05,600,0.020347530785757795
2002-05,1952-06,600,0.022058604833981255
2002-06,1952-07,600,0.02334461676408628
2002-07,1952-08,600,0.025753687485758348
2002-08,1952-09,600,0.027814472288928527
2002-09,1952-10,600,0.030072673818275164
2002-10,1952-11,600,0.032177726499099446
2002-11,1952-12,600,0.03417670208941759
2002-12,1953-01,600,0.03697161383448011
2003-01,1953-02,600,0.039896282257497195
2003-02,1953-03,600,0.042586683722710905
2003-03,1953-04,600,0.0458479791079085
2003-04,1953-05,600,0.047843711895220076
2003-05,1953-06,600,0.04921464778669171
2003-06,1953-07,600,0.049719203995230776
2003-07,1953-08,600,0.0489006416308263
2003-08,1953-09,600,0.04790019020111169
2003-09,1953-10,600,0.04581548402511881
2003-10,1953-11,600,0.0435858923155823
2003-11,1953-12,600,0.04186633969331144
2003-12,1954-01,600,0.03870294522546036
2004-01,1954-02,600,0.03496587854933708
2004-02,1954-03,600,0.030829994968078922
2004-03,1954-04,600,0.02702788939948575
2004-04,1954-05,600,0.02430160999215014
2004-05,1954-06,600,0.022045293523087373
2004-06,1954-07,600,0.019431208678399203
2004-07,1954-08,600,0.01772755974821094
2004-08,1954-09,600,0.015666307763479215
2004-09,1954-10,600,0.012772814033605862
2004-10,1954-11,600,0.011274228259672059
2004-11,1954-12,600,0.009150600059755765
2004-12,1955-01,600,0.006478384901129286
2005-01,1955-02,600,0.005227314426273222
2005-02,1955-03,600,0.0039445189912552525
2005-03,1955-04,600,0.003168901082053255
2005-04,1955-05,600,0.0029658055306542863
2005-05,1955-06,600,0.002683297555069686
2005-06,1955-07,600,0.0025675587647685516
2005-07,1955-08,600,0.00210438217503528
2005-08,1955-09,600,0.0011949543517862926
2005-09,1955-10,600,0.0009685647237247519
2005-10,1955-11,600,0.0009341072110301551
2005-11,1955-12,600,0.0014152280106810577
2005-12,1956-01,600,0.00240915761418814
2006-01,1956-02,600,0.0028260718900178228
2006-02,1956-03,600,0.0035110233927567736
2006-03,1956-04,600,0.004294102544794898
2006-04,1956-05,600,0.00493601272014943
2006-05,1956-06,600,0.005454077931957069
2006-06,1956-07,600,0.006054382914994938
2006-07,1956-08,600,0.0072052543453147155
2006-08,1956-09,600,0.007801710194129785
2006-09,1956-10,600,0.007963151364247412
2006-10,1956-11,600,0.007873455712631428
2006-11,1956-12,600,0.007488111778696016
2006-12,1957-01,600,0.007096136446771872
2007-01,1957-02,600,0.006730643409245007
2007-02,1957-03,600,0.006253834244275391
2007-03,1957-04,600,0.005503758073706733
2007-04,1957-05,600,0.004803782628538311
2007-05,1957-06,600,0.004191893155444881
2007-06,1957-07,600,0.0035723812798906796
2007-07,1957-08,600,0.0028743260763399725
2007-08,1957-09,600,0.0022009261947681935
2007-09,1957-10,600,0.0015198338263222588
2007-10,1957-11,600,0.0007841964662569367
2007-11,1957-12,600,0.0003665038958843292
2007-12,1958-01,600,-0.0003914232598181133
2008-01,1958-02,600,-0.0003310721255123106
2008-02,1958-03,600,-0.00014385838841479703
2008-03,1958-04,600,2.7264794255299485e-05
2008-04,1958-05,600,5.251987217291809e-05
2008-05,1958-06,600,-4.8915510174385446e-05
2008-06,1958-07,600,0.00015960768019185334
2008-07,1958-08,600,0.00029936270409169907
2008-08,1958-09,600,0.0007619242806505833
2008-09,1958-10,600,0.0012157812125833667
2008-10,1958-11,600,0.0007645654173543681
2008-11,1958-12,600,-0.00029713904168859884
2008-12,1959-01,600,-0.002214279460840407
2009-01,1959-02,600,-0.00441941976910365
2009-02,1959-03,600,-0.007600948421028875
2009-03,1959-04,600,-0.009996712667598828
2009-04,1959-05,600,-0.0114223202255046
2009-05,1959-06,600,-0.012219972115803168
2009-06,1959-07,600,-0.013182288564804301
2009-07,1959-08,600,-0.013769325324394233
2009-08,1959-09,600,-0.014119717430914447
2009-09,1959-10,600,-0.014357120021707637
2009-10,1959-11,600,-0.013732143554930465
2009-11,1959-12,600,-0.011618027111254703
2009-12,1960-01,600,-0.00971534881910685
2010-01,1960-02,600,-0.00757709466684009
2010-02,1960-03,600,-0.0027699863347394604
2010-03,1960-04,600,0.0024503321725029004
2010-04,1960-05,600,0.005086627817198597
2010-05,1960-06,600,0.005736985477537981
2010-06,1960-07,600,0.005939867329370574
2010-07,1960-08,600,0.005485642512127908
2010-08,1960-09,600,0.004996507789723714
2010-09,1960-10,600,0.004592709270633266
2010-10,1960-11,600,0.004304226359011398
2010-11,1960-12,600,0.0038490414311856957
2010-12,1961-01,600,0.0034437418282009524
2011-01,1961-02,600,0.003949462566333106
2011-02,1961-03,600,0.004491257126732817
2011-03,1961-04,600,0.004733881887454383
2011-04,1961-05,600,0.004862923427290222
2011-05,1961-06,600,0.0047782578855239954
2011-06,1961-07,600,0.00441113822597472
2011-07,1961-08,600,0.004744811971478358
2011-08,1961-09,600,0.005253380924320372
2011-09,1961-10,600,0.0062688638125616425
2011-10,1961-11,600,0.006988689093437195
2011-11,1961-12,600,0.007931805296633399
2011-12,1962-01,600,0.009211767621133626
2012-01,1962-02,600,0.009807503410877105
2012-02,1962-03,600,0.01028189702346527
2012-03,1962-04,600,0.010382749638285005
2012-04,1962-05,600,0.010179878792578312
2012-05,1962-06,600,0.00946549523193796
2012-06,1962-07,600,0.008170787367920318
2012-07,1962-08,600,0.006801850894981865
2012-08,1962-09,600,0.005093264158205102
2012-09,1962-10,600,0.003098880463723974
2012-10,1962-11,600,0.0009638760283261494
2012-11,1962-12,600,-0.0008110306184059279
2012-12,1963-01,600,-0.0025827657943979787
2013-01,1963-02,600,-0.003617729899340727
2013-02,1963-03,600,-0.004887907970392735
2013-03,1963-04,600,-0.005961931629602457
2013-04,1963-05,600,-0.006169534460048753
2013-05,1963-06,600,-0.00600156856909817
2013-06,1963-07,600,-0.005872670418348713
2013-07,1963-08,600,-0.005984776913205758
2013-08,1963-09,600,-0.005652818402558379
2013-09,1963-10,600,-0.0055873688336085525
2013-10,1963-11,600,-0.00570358393455539
2013-11,1963-12,600,-0.0060981607058541165
2013-12,1964-01,600,-0.006288253666689503
2014-01,1964-02,600,-0.006328536540374241
2014-02,1964-03,600,-0.006427384133577352
2014-03,1964-04,600,-0.006454088876449493
2014-04,1964-05,600,-0.006624635241807786
2014-05,1964-06,600,-0.0068503563995221395
2014-06,1964-07,600,-0.006927796149705845
2014-07,1964-08,600,-0.006613053881959985
2014-08,1964-09,600,-0.006965696223316442
2014-09,1964-10,600,-0.006847823966706024
2014-10,1964-11,600,-0.006713740429592274
2014-11,1964-12,600,-0.006610742329860919
2014-12,1965-01,600,-0.006503016574585629
2015-01,1965-02,600,-0.006247281438979124
2015-02,1965-03,600,-0.006140165846511003
2015-03,1965-04,600,-0.006130937240895751
2015-04,1965-05,600,-0.005965356380135622
2015-05,1965-06,600,-0.005908213349108182
2015-06,1965-07,600,-0.006124561238409099
2015-07,1965-08,600,-0.006548589414558714
2015-08,1965-09,600,-0.006171098676706066
2015-09,1965-10,600,-0.005703953546480456
2015-10,1965-11,600,-0.005341142237652141
2015-11,1965-12,600,-0.004886446764020391
2015-12,1966-01,600,-0.0042656287231668255
2016-01,1966-02,600,-0.0036844456674594017
2016-02,1966-03,600,-0.002901078971073945
2016-03,1966-04,600,-0.002614939283240192
2016-04,1966-05,600,-0.0023978555874843988
2016-05,1966-06,600,-0.002521578237307587
2016-06,1966-07,600,-0.002464495862613658
2016-07,1966-08,600,-0.002679369857988778
2016-08,1966-09,600,-0.003707830721557892
2016-09,1966-10,600,-0.005108880786889092
2016-10,1966-11,600,-0.006248197151505597
2016-11,1966-12,600,-0.0074054103154566064
2016-12,1967-01,600,-0.008779187252497156
2017-01,1967-02,600,-0.009891681385533202
2017-02,1967-03,600,-0.010966205643431648
2017-03,1967-04,600,-0.011474385813613708
2017-04,1967-05,600,-0.01187631234896469
2017-05,1967-06,600,-0.012226978713947512
2017-06,1967-07,600,-0.012377290301699206
2017-07,1967-08,600,-0.012226868178727424
2017-08,1967-09,600,-0.012140208538170105
2017-09,1967-10,600,-0.012045473267764617
2017-10,1967-11,600,-0.01212746644842011
2017-11,1967-12,600,-0.012199270662567319
2017-12,1968-01,600,-0.012136925876004012
2018-01,1968-02,600,-0.012601341072045358
2018-02,1968-03,600,-0.012998804536043629
2018-03,1968-04,600,-0.013509777033112735
2018-04,1968-05,600,-0.013681643814752231
2018-05,1968-06,600,-0.013591826143103614
2018-06,1968-07,600,-0.013524647400577905
2018-07,1968-08,600,-0.013911966391936037
2018-08,1968-09,600,-0.01427025669755455
2018-09,1968-10,600,-0.014512201576489803
2018-10,1968-11,600,-0.014169646554046178
2018-11,1968-12,600,-0.013439224525850557
2018-12,1969-01,600,-0.012629650568875439
2019-01,1969-02,600,-0.0117892983853074
2019-02,1969-03,600,-0.011491635214042395
2019-03,1969-04,600,-0.011215684287893879
2019-04,1969-05,600,-0.0114418781702883
2019-05,1969-06,600,-0.011373684514086602
2019-06,1969-07,600,-0.012078359947040207
2019-07,1969-08,600,-0.012921348955500456
2019-08,1969-09,600,-0.01333988513815254
2019-09,1969-10,600,-0.014340918440557404
2019-10,1969-11,600,-0.01552054029108918
2019-11,1969-12,600,-0.017513155856674345
2019-12,1970-01,600,-0.01951162745842483
2020-01,1970-02,600,-0.021958872330398505
2020-02,1970-03,600,-0.02314857697355399
2020-03,1970-04,600,-0.024075843687521692
2020-04,1970-05,600,-0.026276560554207018
2020-05,1970-06,600,-0.029489072450251008
2020-06,1970-07,600,-0.03216445360459996
2020-07,1970-08,600,-0.034019682338443546
2020-08,1970-09,600,-0.03668020148249629
2020-09,1970-10,600,-0.03854085400062757
2020-10,1970-11,600,-0.04091806681827603
2020-11,1970-12,600,-0.0433389112264746
2020-12,1971-01,600,-0.0452895082977649
2021-01,1971-02,600,-0.04633062735476057
2021-02,1971-03,600,-0.04808544500552059
2021-03,1971-04,600,-0.04930558959213904
2021-04,1971-05,600,-0.05041269915593105
2021-05,1971-06,600,-0.05170646883471908
2021-06,1971-07,600,-0.05343830925646453
2021-07,1971-08,600,-0.05490132585837881
2021-08,1971-09,600,-0.05599673410754136
2021-09,1971-10,600,-0.05702788695931371
2021-10,1971-11,600,-0.05860520409857162
2021-11,1971-12,600,-0.059676619672060616
2021-12,1972-01,600,-0.060420959660509865
