parameter,value
g_window,regressor_months
n_forecasts,973
first_target,1940-12
last_target,2021-12
g_first_n,144
g_first_start,1927-12
g_first_end,1939-11
G_first,1.000022957040639
G_last,1.0283944581575224
a_is,-0.03141087888868182
b_is,2.8038027429963175
sse,26.779663346314706
sst,26.83274540524908
r2_os,0.001978256720760019
r2_os_q2d_reference,0.0018246710670309918
roll_months,600
roll_first_start,1941-01
roll_first_end,1990-12
roll_last_end,2021-12
roll_n_windows,373
roll_r2_min,0.0018150036182684737
roll_r2_min_end,2021-12
roll_r2_max,0.05033465211241117
roll_r2_max_end,1996-08
