yyyymm,date,n,intercept,slope,r2
196406,1964-06-01,1665,0.015601746399847405,1.0102000072098805,0.8620982056172499
196407,1964-07-01,1662,0.032794305469730625,0.7979166788479554,0.8698213364084473
196408,1964-08-01,1666,-0.02988782230409634,0.8936901151847815,0.9212736515148551
196409,1964-09-01,1668,0.02152131899455048,0.9381776143973077,0.9131294677951612
196410,1964-10-01,1671,-0.0031454097674724346,0.9330524693394452,0.928562319577344
196411,1964-11-01,1678,0.02894061749993493,0.95052095478164,0.9352252377484845
196412,1964-12-01,1682,0.013093338010644162,0.9818791044687591,0.9239428569893642
196501,1965-01-01,1688,-0.001467034447578619,0.7814266433235346,0.8780752692117025
196502,1965-02-01,1689,-0.00883721308490995,0.9063960322965355,0.9260108948010785
196503,1965-03-01,1684,-0.00685431315356913,0.8923688154465859,0.8944078522866299
196504,1965-04-01,1693,0.0349636598307799,0.8503359914811695,0.8688190298865482
196505,1965-05-01,1700,0.014431443827326473,0.916963765939615,0.9299422891523058
196506,1965-06-01,1706,0.014421213273048017,0.8861606819398619,0.9076147589118566
196507,1965-07-01,1714,-0.016848820515568283,0.8965241633271945,0.9211249376829909
196508,1965-08-01,1714,0.01947218607358206,0.9097534742561298,0.9122175184257091
196509,1965-09-01,1717,-0.01733392351072688,0.8723154245854947,0.8945883481093165
196510,1965-10-01,1713,-0.0009975940487768065,0.8744300487236465,0.9210748214802056
196511,1965-11-01,1717,0.010679089608971293,0.9674726712063176,0.9467368883939244
196512,1965-12-01,1720,0.01969490641711824,1.013287508419461,0.9389858393659025
196601,1966-01-01,1721,-0.039348917771098446,0.8458230573924388,0.9430811225708041
196602,1966-02-01,1725,0.0009488415954454488,0.870999097733543,0.9406384378826436
196603,1966-03-01,1728,0.04023614684726562,0.8271225192277609,0.9414540966960928
196604,1966-04-01,1730,-0.01472853064146129,0.869317513188762,0.9251836545670749
196605,1966-05-01,1728,0.03333362738205309,0.9151316357954435,0.947750492221408
196606,1966-06-01,1733,0.09239389015602911,1.1413048608265566,0.9633099013784756
196607,1966-07-01,1732,0.00034709150449963033,0.8726391244892752,0.961237177404743
196608,1966-08-01,1738,-0.007946831729733872,0.8364468341973975,0.9152112639715978
196609,1966-09-01,1742,-0.02079256582578988,0.8701012928887099,0.9300742618236141
196610,1966-10-01,1745,-0.05563061381275075,0.7683694587185029,0.8816786759314236
196611,1966-11-01,1748,-0.05469261843345137,0.8133405026878735,0.8500826550539765
196612,1966-12-01,1746,-0.050622041901667615,0.8177458534281526,0.8570170673228886
196701,1967-01-01,1749,-0.07206358813515548,0.8157826408453864,0.8813238723456169
196702,1967-02-01,1751,-0.029022760897850296,0.8555098105537562,0.8596616353971565
196703,1967-03-01,1748,0.019016726404795042,0.8817648199710644,0.8510149246257392
196704,1967-04-01,1747,-0.03405958889204396,0.7951004003253742,0.8744520288700586
196705,1967-05-01,1745,0.10979359182461573,1.0304748345359434,0.9256176287329455
196706,1967-06-01,1745,0.01724170197590813,0.9323607614235877,0.9448628251282405
196707,1967-07-01,1746,0.030055198580729137,0.9801311360343984,0.9556359470402357
196708,1967-08-01,1750,0.11541847207401701,1.1256734163440323,0.9456797413495447
196709,1967-09-01,1746,0.030811464780841846,1.0176066413760314,0.9578948389596577
196710,1967-10-01,1740,0.025340189199705154,1.048194908199683,0.9509427794213897
196711,1967-11-01,1738,-0.00010832365751534123,0.9085919700153842,0.93694855571163
196712,1967-12-01,1732,0.007085881334202404,0.9631384938077455,0.9353997963051056
196801,1968-01-01,1721,-0.04671009697931361,0.7064982424968734,0.9564430447173553
196802,1968-02-01,1718,0.023721197934706173,0.8249859332430322,0.9190419641808695
196803,1968-03-01,1717,0.0059469936077525265,0.7835608927858279,0.9013358125851796
196804,1968-04-01,1716,-0.011417076413122396,0.8540838070331481,0.9163535352756033
196805,1968-05-01,1718,0.04103725474654907,0.9278455425119999,0.9319768383953039
196806,1968-06-01,1712,0.0026908952846356193,0.7635518909700414,0.8976856947131494
196807,1968-07-01,1703,-0.01792389272539846,0.7873572875544098,0.8980534862158098
196808,1968-08-01,1710,0.016609520177452597,0.933841591803522,0.9307031492342204
196809,1968-09-01,1717,-0.013166282622336822,0.7819641446593313,0.905339852762811
196810,1968-10-01,1718,0.05960966580323429,0.9130039877363089,0.9201459890727567
196811,1968-11-01,1720,0.005643099063899704,0.9995762090735044,0.9293833690302947
196812,1968-12-01,1718,-0.029580946702311317,0.8368723201770139,0.9207251032198179
196901,1969-01-01,1717,0.06436894612686783,0.7543162090287204,0.8819577106269078
196902,1969-02-01,1715,0.08635597912331022,1.0081413439786864,0.9322279787748396
196903,1969-03-01,1721,0.03013426783310258,0.9525692935134783,0.9380201620296343
196904,1969-04-01,1725,-0.08861850881299269,0.7488528494738501,0.8904487502562631
196905,1969-05-01,1727,-0.05846187931679535,0.7583367316596729,0.8701374000953576
196906,1969-06-01,1731,0.00031967406151037214,0.9034527913382062,0.912091546486935
196907,1969-07-01,1735,0.02747133900064254,0.8946985844388381,0.9211368532921782
196908,1969-08-01,1740,-0.04557324137625847,0.8752422431378518,0.9207672091768281
196909,1969-09-01,1742,-0.073698725059585,0.8572969298678005,0.9229789158294474
196910,1969-10-01,1755,-0.0207110954912616,0.911889618898905,0.9253265596355241
196911,1969-11-01,1760,-0.06790939661165002,0.8896272827624627,0.9250403789243115
196912,1969-12-01,1764,-0.016338669606572848,0.9315925076540166,0.9112892851022661
197001,1970-01-01,1777,-0.0028033048917894265,0.9645987137491726,0.9541784909789773
197002,1970-02-01,1795,0.07394302242042214,1.0285256119716581,0.9654422277879459
197003,1970-03-01,1808,-0.03545842086145773,0.9110144032952439,0.9520449405800517
197004,1970-04-01,1816,-0.0316156176367246,0.8776727220781807,0.9389028269737639
197005,1970-05-01,1820,-0.02913285147814282,0.9272362162484077,0.9381699501738475
197006,1970-06-01,1826,0.0725044269399217,1.0020346671974907,0.9449141664356264
197007,1970-07-01,1834,0.05676261185501413,0.9846225333846086,0.9421692151033265
197008,1970-08-01,1851,-0.06195183714583086,0.9081086415460318,0.9512615632232995
197009,1970-09-01,1864,5.781769637891454e-05,0.9396596357824006,0.9215956537457272
197010,1970-10-01,1868,-0.09313159268032833,0.8587673135342382,0.8824934327964986
197011,1970-11-01,1872,0.029997538466942975,0.9700256317246997,0.9459310649488825
197012,1970-12-01,1873,0.04416137621104432,0.9635342037579276,0.9172698884049121
197101,1971-01-01,1877,0.033423352365233916,0.9630086584542624,0.9061304861869434
197102,1971-02-01,1888,-0.03236720961217529,0.8931131934383134,0.9099258995539953
197103,1971-03-01,1894,0.028936754532719662,0.9186253861501738,0.9202343752572204
197104,1971-04-01,1894,0.2164253137656676,1.0938709723741815,0.8691758884208258
197105,1971-05-01,1895,0.14600333779712404,0.9993704392376793,0.8885027716606623
197106,1971-06-01,1896,0.1322949549103153,0.9925785935488264,0.8614877698055314
197107,1971-07-01,1905,0.013332360134574561,0.8201703301244841,0.8813356812642122
197108,1971-08-01,1909,-0.022003510413875493,0.850072038028141,0.8958739110708253
197109,1971-09-01,1918,-0.08806209650248209,0.8202751049695575,0.8847112382864802
197110,1971-10-01,1929,0.0902797578882297,0.93998212679474,0.8995655497311722
197111,1971-11-01,1936,0.02127928784193195,0.9107623201805729,0.9202956350352411
197112,1971-12-01,1938,-0.06381575869984334,0.8260813303257534,0.9150435808840637
197201,1972-01-01,1941,-0.10449104372594598,0.8046831751058263,0.8880767349781418
197202,1972-02-01,1948,-0.03701255476725729,0.8844903835312324,0.9187847128434151
197203,1972-03-01,1948,-0.03567663837938298,0.8174466105097238,0.901995215721477
197204,1972-04-01,1952,-0.021998504800569696,0.8690715694586416,0.8987834173843603
197205,1972-05-01,1960,0.058078838803868715,0.9744750048342619,0.9343452561278547
197206,1972-06-01,1962,0.027980429279193586,0.9430212822912727,0.9337088839249699
197207,1972-07-01,1964,0.06944985339841422,1.0111779732469774,0.9468847342696192
197208,1972-08-01,1968,-0.030690193849470596,0.8494067250509004,0.9344022428938472
197209,1972-09-01,1978,0.012985311041618264,0.9298776499368483,0.914683725086592
197210,1972-10-01,1980,0.07517324918581204,0.9999681352042324,0.9300659954853058
197211,1972-11-01,1990,0.043292074586769994,0.9510830542086307,0.9330437253582093
197212,1972-12-01,2004,-0.09102264542174543,0.7787870787113835,0.8894654444380997
197301,1973-01-01,2008,-0.08999384877274436,0.8022886101477172,0.8651481621674593
197302,1973-02-01,2010,-0.05720469282141796,0.8386607456145015,0.9047833303868161
197303,1973-03-01,2015,-0.012866310755814486,0.9265076042912409,0.9235064806598653
197304,1973-04-01,2019,-0.02451781883106266,0.9074616749003279,0.9293780918196881
197305,1973-05-01,2015,-0.013699934810487147,0.9111653487834629,0.9306087198853856
197306,1973-06-01,2018,0.014179233677097447,0.969558731694048,0.94885691480524
197307,1973-07-01,2027,-0.00013938492417314707,0.9407990663113279,0.950540195613189
197308,1973-08-01,2036,-0.03572995198350584,0.8844787233934684,0.9221469213538035
197309,1973-09-01,2040,0.02375751859216979,0.9916119135461954,0.9613568669883974
197310,1973-10-01,2046,0.002653534896202403,0.9315017217862512,0.9496648296536959
197311,1973-11-01,2053,-0.06408369580298598,0.849275228962802,0.9279645147409689
197312,1973-12-01,4039,-0.012110706987826014,0.9493896061575844,0.969945174162849
197401,1974-01-01,4045,-0.028589846855118783,0.8833762651494785,0.9250523280132894
197402,1974-02-01,4046,0.04804223400700128,0.9616622867671067,0.9255959300488641
197403,1974-03-01,4043,0.011491772654257354,0.945946304501705,0.9278641601222374
197404,1974-04-01,4020,0.0550442558960495,0.9556964242500015,0.8991024873294206
197405,1974-05-01,3983,0.07744431212716343,0.9729671191134219,0.887613901994205
197406,1974-06-01,3954,0.03661172386469615,0.9681891337733171,0.891141160243003
197407,1974-07-01,3941,-0.11211258146325383,0.8039774055120523,0.8490517042128123
197408,1974-08-01,3914,0.01808711798945775,0.9372357941852631,0.9098921705514054
197409,1974-09-01,3886,-0.08669761845510526,0.8636527192803912,0.8900968042370869
197410,1974-10-01,3861,-0.04653542451021969,0.8881028213392742,0.8981734887536135
197411,1974-11-01,3831,0.18507323867942638,1.1000242012812984,0.862258999196472
197412,1974-12-01,3810,0.020355721306584418,0.9241435220726694,0.8891987153792152
197501,1975-01-01,3781,-0.1369764008058196,0.7918031938836569,0.8760554566752916
197502,1975-02-01,3770,-0.026039839570397405,0.8818149319948302,0.8942960498410528
197503,1975-03-01,3767,-0.02419183668042668,0.8956198247939955,0.8928189219716995
197504,1975-04-01,3761,0.04361791365920466,0.9532718358406133,0.9078214033117493
197505,1975-05-01,3765,0.07479633914086864,0.9805079756316277,0.9054356981165214
197506,1975-06-01,3743,0.03970527943714516,0.9675547247185263,0.9245326902562488
197507,1975-07-01,3738,0.08542376184946038,0.9712370596235141,0.892619437061669
197508,1975-08-01,3732,0.12724886489900866,0.990364575855744,0.883964654492622
197509,1975-09-01,3726,0.13597684275081695,1.0262006500584073,0.8638057978626151
197510,1975-10-01,3716,-0.01678957710156581,0.7967232735493063,0.8133471542329515
197511,1975-11-01,3711,0.09374404866851355,0.9851231467386089,0.8787616456340809
197512,1975-12-01,3705,0.134262326716862,1.0391427603180003,0.8644491938167501
197601,1976-01-01,3704,-0.11605980696569257,0.6149181489069794,0.7754038437485083
197602,1976-02-01,3711,0.008973728635330414,0.8289588108738154,0.8459971338591973
197603,1976-03-01,3699,0.015565980508335964,0.7519994035910927,0.8288793901320689
197604,1976-04-01,3687,0.032105642413526425,0.8271776779306339,0.8307581113949971
197605,1976-05-01,3682,-0.010872126668098392,0.8020429767464844,0.8341541693681919
197606,1976-06-01,3687,-0.030405104460679067,0.8152956468939246,0.8373968546144336
197607,1976-07-01,3690,0.04097355260089566,0.8733332756687945,0.8524258969018768
197608,1976-08-01,3688,0.07167541283888107,0.9659535270593179,0.8981039130945412
197609,1976-09-01,3684,0.07110913644202155,0.9287613036906953,0.8957048254859796
197610,1976-10-01,3689,0.021787078661023418,0.8867439058953294,0.8607601957870827
197611,1976-11-01,3686,0.008429487876244757,0.9075001835359732,0.8753008678355448
197612,1976-12-01,3677,0.03843197578114371,0.9233937146409248,0.894770598281512
197701,1977-01-01,3684,-0.10735264650244139,0.7263462970924057,0.8116889136472208
197702,1977-02-01,3676,-0.06336226726313779,0.758147054123691,0.8148405217396357
197703,1977-03-01,3673,0.0023489412675432586,0.8352529495369235,0.8323255520641912
197704,1977-04-01,3681,0.021471216090524575,0.8751734951085198,0.8812346405065689
197705,1977-05-01,3677,0.034223517614755034,0.9423327111617935,0.9046585226591688
197706,1977-06-01,3681,-0.010573626941433406,0.90071002665447,0.8989727560102194
197707,1977-07-01,3678,0.02365979316115918,0.8863685966891778,0.8984676867476679
197708,1977-08-01,3675,0.04165333145625946,0.9242752161463603,0.8879421193945287
197709,1977-09-01,3678,-0.009704973693117097,0.9979147324233539,0.909703913636447
197710,1977-10-01,3675,0.06666494593353103,0.8674276554672701,0.9140020386943489
197711,1977-11-01,3671,0.0027726254783148885,0.8769426659963719,0.9029047185552617
197712,1977-12-01,3656,-0.0529941011322044,0.7913169956331823,0.8797526423752563
197801,1978-01-01,3632,-0.0007653061637535874,0.7999692192135329,0.8620309824824863
197802,1978-02-01,3625,0.014871134936277147,0.9025683151060405,0.9007789479328268
197803,1978-03-01,3616,0.009704669678343436,0.8784195643800136,0.8746395832595028
197804,1978-04-01,3603,0.014234117769775623,0.8682053586790949,0.8908731303902017
197805,1978-05-01,3579,0.030621888006548914,0.9025923220578242,0.8965217245803211
197806,1978-06-01,3560,-0.0094179592306039,0.852922500302435,0.8958514916917633
197807,1978-07-01,3550,0.031623865281970476,0.8794166667411359,0.9137021311878725
197808,1978-08-01,3535,0.0417474623551633,0.9254781301351047,0.9201333613999564
197809,1978-09-01,3527,0.024326143185013915,0.9345257940019511,0.9079537952898759
197810,1978-10-01,3514,0.0578457908062221,0.9835580863143604,0.9303349637941785
197811,1978-11-01,3507,-0.0490543058407035,0.873189233097963,0.9006872738401134
197812,1978-12-01,3497,0.0030826415200612134,0.870117717781601,0.9228183806334105
197901,1979-01-01,3479,0.036549975109105765,0.9276993048638746,0.9069559787359973
197902,1979-02-01,3467,-0.006357061561279798,0.927294645941922,0.9489016338826045
197903,1979-03-01,3463,-0.027952573781454826,0.8069212131363304,0.8960576137215698
197904,1979-04-01,3457,-0.0331213308980825,0.7693662776079404,0.8779493318369181
197905,1979-05-01,3462,-0.03132686231561735,0.76060116959072,0.8710399457575382
197906,1979-06-01,3448,0.01794704712109005,0.8233115988244794,0.8540329459765406
197907,1979-07-01,3439,-0.03532646775543777,0.8713056041835867,0.9023494151714164
197908,1979-08-01,3437,-0.0647652320650228,0.795080594814833,0.8088276114185445
197909,1979-09-01,3449,0.017599069243504933,0.8673906410971098,0.8634259869164009
197910,1979-10-01,3456,0.2746206215500818,1.164721961431878,0.8169395339614662
197911,1979-11-01,3447,-0.019429672686700955,0.8818700260348239,0.9047860512590271
197912,1979-12-01,3440,0.00736470214456425,0.9392986708238332,0.9340159021096243
198001,1980-01-01,3422,-0.05116794113704165,0.8231456067980015,0.9165151306604293
198002,1980-02-01,3415,0.051325106773635276,0.9532120746505501,0.9501465296316264
198003,1980-03-01,3425,-0.044759781083909767,0.8279093335750439,0.9241941861377998
198004,1980-04-01,3414,-0.019467337632624926,0.8906184673481772,0.915163929041687
198005,1980-05-01,3412,0.02001334630393521,0.9368806981714144,0.922827599906506
198006,1980-06-01,3414,-0.022704337344346598,0.8080605361291426,0.9019019951651278
198007,1980-07-01,3415,-0.0025434238063525294,0.8903018474163716,0.9186977204453258
198008,1980-08-01,3416,-0.0461110207161983,0.8249903804485065,0.9075464762148621
198009,1980-09-01,3411,0.02829817483585023,0.8880747950438471,0.9048670289481647
198010,1980-10-01,3414,0.14817454664004653,1.013612976153314,0.9089020058785955
198011,1980-11-01,3413,-0.012092431582133356,0.8290409681207858,0.9148074280911157
198012,1980-12-01,3414,0.026156498322947863,0.7438050100688761,0.8750102797276788
198101,1981-01-01,3419,-0.045023613107308014,0.7586534943673141,0.8508724895765515
198102,1981-02-01,3418,0.03503950638914036,0.8782088221849977,0.8929300168845458
198103,1981-03-01,3424,0.2278173702401794,1.1721744382710977,0.8904605136917682
198104,1981-04-01,3409,0.014913806433095145,0.8805919005824974,0.9150506146673748
198105,1981-05-01,3422,-0.03687026172805108,0.9006775001793246,0.9286972702861942
198106,1981-06-01,3434,-0.012792370963155442,0.9248942998389134,0.940656111177226
198107,1981-07-01,3441,-0.055478921844781426,0.8282952908296757,0.914172911099461
198108,1981-08-01,3457,-0.024624581685394165,0.7987995152640162,0.8875054807084956
198109,1981-09-01,3483,-0.024447710578665086,0.7684412573300029,0.8495239134860787
198110,1981-10-01,3509,-0.04721949755363641,0.7959223034276356,0.8336555461620344
198111,1981-11-01,3520,-0.06017922977121596,0.8779273665769948,0.8776982396256113
198112,1981-12-01,3549,0.035452468008779735,0.9251112739979955,0.9090392374560798
198201,1982-01-01,3573,-0.007175197148502142,0.9010483538327283,0.9193192840266177
198202,1982-02-01,3588,-0.01117857933383952,0.8982899035084356,0.925812476169915
198203,1982-03-01,3618,-0.08154166228017483,0.8396540414860023,0.8973761669640619
198204,1982-04-01,3653,-0.054830395677222976,0.8456434391990607,0.8873458790627414
198205,1982-05-01,3684,-0.04591591262167777,0.8780136011019414,0.9025704997717723
198206,1982-06-01,3726,-0.009250523404872202,0.8984979276683315,0.9207929703491086
198207,1982-07-01,3759,0.006604675057193005,0.9385459781185215,0.9100151334797284
198208,1982-08-01,3777,0.07400000697703996,1.0116183590913046,0.9289735897038137
198209,1982-09-01,3777,0.08916645890168912,0.9803609355256366,0.9122726122494538
198210,1982-10-01,3785,-0.06377240511324173,0.8698254629572532,0.8978751879160226
198211,1982-11-01,3793,-0.0076006667666699,0.8876577201442013,0.9133444690057272
198212,1982-12-01,3807,0.030938509917480178,0.9753570420641825,0.9372869460496376
198301,1983-01-01,3793,0.040434684130803866,0.9258816507040597,0.920097572503672
198302,1983-02-01,3789,0.06198976385432187,1.0342952241295498,0.922283595760069
198303,1983-03-01,3782,0.07036476036644734,0.906791104039412,0.9157836851621456
198304,1983-04-01,3776,0.022366104969735345,0.8237831838512407,0.8965913417476534
198305,1983-05-01,3767,0.059510476003390655,0.9819702462516751,0.9406618150953333
198306,1983-06-01,3755,0.10219756972596228,0.9617926947948485,0.9372287365178548
198307,1983-07-01,3766,0.11534292450762362,0.9249924342720284,0.9283600384987101
198308,1983-08-01,3739,-0.026286132104674342,0.9309342134280044,0.9183492285655831
198309,1983-09-01,3730,0.022509697561298725,0.9153788807364571,0.9201867150642263
198310,1983-10-01,3719,-0.05248499317660471,0.8037768129785695,0.8709228659235456
198311,1983-11-01,3738,-0.0120861986621843,0.7612191864071138,0.8325145251637951
198312,1983-12-01,3757,0.03166004248072812,0.84274109275999,0.8671029887516436
198401,1984-01-01,3746,-0.055064137522312956,0.792096609124657,0.8063671681131933
198402,1984-02-01,3744,-0.04098473879203407,0.8541034618143218,0.8990269357736071
198403,1984-03-01,3773,-0.04469266695553184,0.9287686829083225,0.9113652144701362
198404,1984-04-01,3788,-0.0676092292014509,0.8622456452064327,0.9317142301065665
198405,1984-05-01,3812,-0.10803047285087164,0.5914560357461234,0.72741027969798
198406,1984-06-01,3846,-0.06973279209156222,0.849202949436667,0.8772309560809196
198407,1984-07-01,3883,-0.006789864826721087,0.8942003482466149,0.9065517997685151
198408,1984-08-01,3951,0.02176254001870051,0.9678221341843473,0.9285761980243462
198409,1984-09-01,3962,-0.01536195855857636,0.9030695080257868,0.9250269941012352
198410,1984-10-01,3998,0.05211648825742046,0.9683148895816258,0.9214992409345066
198411,1984-11-01,4023,-0.04031405217249913,0.8956837553251206,0.9198526306603534
198412,1984-12-01,4084,0.004732738466120018,0.9340844293781042,0.9404998060545573
198501,1985-01-01,4095,-0.014123462175216817,0.8967832959530341,0.9128401066531296
198502,1985-02-01,4107,0.06520694619964092,0.9833926306782043,0.9216051198949331
198503,1985-03-01,4132,-0.0013719264813540216,0.8984568415176263,0.9177412198472281
198504,1985-04-01,4131,0.023502883221125308,0.9348134674384996,0.9086640028519625
198505,1985-05-01,4126,0.05833397054636083,0.9673749465046477,0.9265056806676718
198506,1985-06-01,4120,-0.004928709806184567,0.8820812855893555,0.9181393663575733
198507,1985-07-01,4102,0.06525290080807829,0.952998421660649,0.9113167932392932
198508,1985-08-01,4090,-0.06886369675390801,0.8018426445308698,0.8627043870319262
198509,1985-09-01,4079,0.014278184797756693,0.9417739644863299,0.9173317945742492
198510,1985-10-01,4066,0.027865965427547962,0.9303048437700376,0.9032485842513266
198511,1985-11-01,4051,0.04832616204844274,0.9471705933418622,0.8982934457907258
198512,1985-12-01,4033,0.02764927249255658,0.8247793708758031,0.8501898861051503
198601,1986-01-01,4026,-0.08785819769083185,0.7536533773639457,0.8426925293042328
198602,1986-02-01,4008,-0.032142207672760006,0.8231140768413361,0.8749494651687133
198603,1986-03-01,3996,0.031759173418476644,0.9032752184722181,0.9008443498640611
198604,1986-04-01,3954,0.034817299165584986,0.92381813760934,0.9315299488432137
198605,1986-05-01,3941,-0.009118152733550572,0.9093138049426588,0.9019325601185931
198606,1986-06-01,3932,0.01807820540712951,0.931746746799174,0.9468382010723095
198607,1986-07-01,3918,0.015937301845454166,0.8465422688115066,0.8927421021900154
198608,1986-08-01,3919,0.022501904301299225,0.897808890815248,0.8984978497271756
198609,1986-09-01,3912,0.07378556685860177,1.011769885159091,0.9326692525362651
198610,1986-10-01,3906,-0.0037319993641464766,0.9114798516320701,0.9130347418463325
198611,1986-11-01,3891,-0.03499341721951593,0.8442615743620233,0.8862065527134149
198612,1986-12-01,3843,-0.023827954430288942,0.9063650759142626,0.91229424105547
198701,1987-01-01,3825,-0.033793527704859785,0.8619525321045766,0.8855395524846226
198702,1987-02-01,3839,-0.04453808657924602,0.8781288895539489,0.9008501940434589
198703,1987-03-01,3851,-0.029808309555785784,0.8052304395606228,0.8348844630360629
198704,1987-04-01,3928,-0.006359339951468659,0.902613067319567,0.8826218597045865
198705,1987-05-01,3977,-0.03017068759843794,0.8626641514296572,0.8805422295573369
198706,1987-06-01,4032,0.009854275281366925,0.8242046963637356,0.8364685016082877
198707,1987-07-01,4069,0.10166562872112997,1.0761268300858784,0.913097228232686
198708,1987-08-01,4073,0.017236629627898264,0.814962049504453,0.9018419032173673
198709,1987-09-01,4093,0.09491193166032214,0.9692196407453204,0.885894458735219
198710,1987-10-01,4109,-0.01020679936185137,0.9236740731592359,0.8809512960152509
198711,1987-11-01,4121,-0.009253114665404294,0.9054605519076608,0.9133733286033634
198712,1987-12-01,4138,0.02675385568568478,0.9626898588454789,0.9048347082055552
198801,1988-01-01,4147,-0.12453537388590874,0.7679292133654504,0.8681163938109677
198802,1988-02-01,4156,-0.0898383285460233,0.842522950139967,0.8569566097303982
198803,1988-03-01,4177,-0.06284101609801632,0.8075443164177974,0.8521667426515913
198804,1988-04-01,4166,0.0011763861750866689,0.9105878925030784,0.8979345184970285
198805,1988-05-01,4162,-0.02277184421113866,0.8781290203812386,0.8922864084120004
198806,1988-06-01,4192,-0.04119955398980463,0.8749408810260899,0.8934977733524617
198807,1988-07-01,4213,-0.0538073941824488,0.8518876022307097,0.8710893674565198
198808,1988-08-01,4228,-0.03551748767432664,0.8757894258236854,0.8866724227562487
198809,1988-09-01,4244,-0.0026429264425722465,0.9338866856533874,0.9016868990298922
198810,1988-10-01,4237,0.40392815571324314,1.1955238969960063,0.8171203980590108
198811,1988-11-01,4202,0.09521411144490513,0.9357466292851065,0.8494066885331278
198812,1988-12-01,4158,-0.020104602723857834,0.8919857795853426,0.8315936547970083
198901,1989-01-01,4133,-0.046835788452560756,0.8598929282907429,0.8847607744881214
198902,1989-02-01,4122,-0.021437254904610986,0.683014594202045,0.752321208000379
198903,1989-03-01,4094,-0.027675450233000443,0.8472828155952988,0.8642327534615432
198904,1989-04-01,4091,-0.010712321616886233,0.8980556917484216,0.8899032288878518
198905,1989-05-01,4082,0.03761767525823137,0.8503565193443533,0.8540039894558016
198906,1989-06-01,4061,-0.038476837026908906,0.8610030136830576,0.891621140638532
198907,1989-07-01,4062,0.008615914670532979,0.9344947354176459,0.9225181184434481
198908,1989-08-01,4043,0.041749773883706515,0.9310272146290568,0.9020830493579699
198909,1989-09-01,4025,-0.004624468679665761,0.8865493912934749,0.9049414929134
198910,1989-10-01,4031,0.028557489772793432,0.9704134749689227,0.9199699682905712
198911,1989-11-01,4012,0.05263248831387021,0.9886792903828774,0.9128018632483861
198912,1989-12-01,4009,-0.016570719235503684,0.8762345150480496,0.8953196737944312
199001,1990-01-01,3996,-0.050884166487314086,0.8709444320341017,0.9004355891317316
199002,1990-02-01,3989,-0.00518028617658855,0.8902906358255156,0.9151967193315236
199003,1990-03-01,3982,-0.024388335871802117,0.8757326389056105,0.903331455212714
199004,1990-04-01,3971,-0.0355775800603503,0.8585464942169679,0.8871842863964357
199005,1990-05-01,3963,-0.03772789303811935,0.8523174147806797,0.8723684761564191
199006,1990-06-01,3944,0.019503598186623308,0.9433450977717371,0.9196608952395163
199007,1990-07-01,3941,-0.031006422982590057,0.8722453688056274,0.8899902054377425
199008,1990-08-01,3931,-0.01956071901494874,0.9337835562030141,0.911329362816875
199009,1990-09-01,3933,-0.030725563974536213,0.8558491050114094,0.8997636424599982
199010,1990-10-01,3926,0.03266900694989719,0.961113724528492,0.8884205012258037
199011,1990-11-01,3936,-0.008291572432385846,0.9434463232357713,0.8760110624318067
199012,1990-12-01,3949,-0.016674938681811774,0.9056045545557868,0.9040002176708704
199101,1991-01-01,3946,0.04032693214764263,0.9574179948575442,0.9090388894714585
199102,1991-02-01,3947,-0.03775581230663537,0.8356612859402563,0.8870905667344207
199103,1991-03-01,3944,-0.035715370347717795,0.863649170547897,0.8568253323919611
199104,1991-04-01,3936,0.024570472284856266,0.8724183495673309,0.877013363065505
199105,1991-05-01,3946,-0.04818606605509016,0.8321712402449547,0.8512540818275482
199106,1991-06-01,3957,-0.005532727892815559,0.8727962177146291,0.8988940761654964
199107,1991-07-01,3954,0.033147525409073654,0.9490119871585463,0.8389505992360967
199108,1991-08-01,3959,0.1631286358386504,0.9040917273944544,0.802019246267421
199109,1991-09-01,3955,0.11662510605582166,1.0827004309692128,0.8809966552428296
199110,1991-10-01,3942,0.10599901125868805,0.9781805906118128,0.8288922260596316
199111,1991-11-01,3928,-0.0033068329147888376,0.9032768701863738,0.8558316345493403
199112,1991-12-01,3907,0.0715046064443382,0.8538056286452134,0.8466650090670463
199201,1992-01-01,3896,-0.03619124585218847,0.8182386236065462,0.8944352104990344
199202,1992-02-01,3885,-0.09098307956293228,0.8412133342248063,0.9056638995872042
199203,1992-03-01,3885,-0.04247264194131822,0.8449471232830027,0.8113743521813306
199204,1992-04-01,3887,0.09880996507855946,0.6031612602179585,0.670241923565355
199205,1992-05-01,3888,-0.010516969956057803,0.8717688795323345,0.8933711665792327
199206,1992-06-01,3890,0.053356506167238915,0.9943815028076111,0.8684501544173806
199207,1992-07-01,3877,-0.00939766930765304,0.8702542457026228,0.8913981490624239
199208,1992-08-01,3874,0.0006410591666087262,0.7788643994559108,0.8077502970904312
199209,1992-09-01,3882,0.003031249559940219,0.8768642982466343,0.8635663179646961
199210,1992-10-01,3897,-0.01748408751754789,0.8537122770684594,0.7928805081277038
199211,1992-11-01,3925,0.04121266482012376,0.9026844494211453,0.8808457283029858
199212,1992-12-01,3949,-0.024991234286337066,0.8963695573716804,0.8480796422365529
199301,1993-01-01,3975,-0.11289815867996564,0.8315718207419154,0.8835451810142892
199302,1993-02-01,4000,-0.04422858691878838,0.9120321819562137,0.9512687982457038
199303,1993-03-01,4047,0.03060080171621421,0.5807795384902593,0.7770604864825393
199304,1993-04-01,4073,0.05866985997036625,0.911262625457435,0.9375875400034137
199305,1993-05-01,4092,0.018945246216476058,0.8563120067495983,0.935764404314545
199306,1993-06-01,4113,0.10025652627763723,0.8194252588846456,0.7900568394768005
199307,1993-07-01,4116,0.002491484201850469,0.8727080055932622,0.9161032890822727
199308,1993-08-01,4132,0.03818984204980319,1.0409045856877706,0.8568776763710844
199309,1993-09-01,4142,0.04735991602057571,0.7851684655415572,0.8288211490285058
199310,1993-10-01,4168,0.013336274173500584,0.8663409865516144,0.8707217734040543
199311,1993-11-01,4185,-0.028642964064888032,0.810121153675816,0.8346149127189252
199312,1993-12-01,4213,-0.013319859056225958,0.8879041597292247,0.8886799108377921
199401,1994-01-01,4223,-0.023796980647614124,0.7715227676770123,0.8439308266294171
199402,1994-02-01,4242,0.04432223857238474,0.9367387016297171,0.8972263052738835
199403,1994-03-01,4285,-0.0004786997832585127,0.863608067447932,0.8920470494085118
199404,1994-04-01,4306,0.046659555624460475,0.8343396905880439,0.8408283348699181
199405,1994-05-01,4330,-0.03220321448739229,0.8131203522135133,0.8849132178591333
199406,1994-06-01,4358,0.0039295981575470235,0.8604585485619,0.8431452370709044
199407,1994-07-01,4403,-0.0019828065920380923,0.8591101658832467,0.8666502833505594
199408,1994-08-01,4431,-0.029188422351858402,0.840519006790607,0.866837683697762
199409,1994-09-01,4452,-0.019122516142267933,0.8651377878420413,0.8595390329071277
199410,1994-10-01,4488,-0.03666318221875012,0.8889876321560274,0.8672851285837607
199411,1994-11-01,4555,0.016964852350059123,0.9313777167192513,0.897451505570831
199412,1994-12-01,4598,-0.012405502967985631,0.940601034122503,0.8613923525139932
199501,1995-01-01,4613,-0.05454531162828094,0.8520653746929319,0.9077209225660495
199502,1995-02-01,4649,-0.004025046779315297,0.9156233222181637,0.907977243884046
199503,1995-03-01,4682,0.04645292809550633,0.9650600478318377,0.915216112044616
199504,1995-04-01,4693,0.01706217324726319,0.9189843491307923,0.9247158639012517
199505,1995-05-01,4719,0.015388633805043572,0.9093541314860814,0.9226012139807369
199506,1995-06-01,4729,0.049005449034783266,0.9493563118808263,0.9176903833382845
199507,1995-07-01,4722,0.0013824813769396926,0.9063520008258144,0.9291815120475125
199508,1995-08-01,4726,-0.023726701757661867,0.8685481270262004,0.9059850213130723
199509,1995-09-01,4735,0.015291442901849334,0.8819577244036951,0.9045797133435576
199510,1995-10-01,4739,0.016407454083190276,0.8917958429890777,0.9033018981640147
199511,1995-11-01,4747,0.05539467660997441,0.9697091683826276,0.9010076551274279
199512,1995-12-01,4755,0.04101801960461898,0.9367429274622758,0.8907121680827482
199601,1996-01-01,4743,0.007444059557702776,0.860504313878435,0.9028824538216947
199602,1996-02-01,4749,-0.018608569388980978,0.9199981873085407,0.9076932046327794
199603,1996-03-01,4764,-0.004817604577437851,0.9259340107391104,0.8927072038932389
199604,1996-04-01,4779,-0.009239638902664049,0.9275029547748477,0.920065164060554
199605,1996-05-01,4786,0.01974935085021179,0.8730589233560553,0.8869891974749602
199606,1996-06-01,4826,-0.015202055654401525,0.8455105195990656,0.9458817253438725
199607,1996-07-01,4839,-0.05063159013185409,0.9193741155661423,0.8752646711588461
199608,1996-08-01,4863,-0.02002748774489696,0.8729158637617572,0.9268879484110913
199609,1996-09-01,4870,0.003603760616624027,0.6789193360274717,0.8009089128077942
199610,1996-10-01,4899,0.06965111892615297,0.9550519093660291,0.8892292353304185
199611,1996-11-01,4936,-0.002356899046315808,0.9222374640148899,0.8982961822523454
199612,1996-12-01,4974,0.0031266113178059496,0.9675538647194003,0.8611991576355428
199701,1997-01-01,4971,-0.004830310662318954,0.8469049715889333,0.8742108503367062
199702,1997-02-01,5005,-0.02740624782317802,0.9152515275181188,0.898939579978494
199703,1997-03-01,5041,-0.022430755834387556,0.9091491521896472,0.9123986597722957
199704,1997-04-01,5073,-0.0672370225057468,0.6673071759841683,0.7984953251158696
199705,1997-05-01,5137,-0.0788222592941068,0.7819802391179886,0.8465430402480555
199706,1997-06-01,5173,0.0415959379988437,0.9576884911132894,0.906458344473195
199707,1997-07-01,5180,0.11302219035305218,0.978200814229858,0.8899314490903105
199708,1997-08-01,5198,-0.03168518413810731,0.8813657195788913,0.9273978211362234
199709,1997-09-01,5204,-0.0150746969325401,0.8886740778315355,0.907284026916996
199710,1997-10-01,5252,0.059111189266665615,0.9099249526677217,0.8972353568897725
199711,1997-11-01,5285,-0.0022673973562380434,0.9101416115259903,0.870765127639492
199712,1997-12-01,5268,0.017944092054696242,0.9564561279549084,0.8917662206639938
199801,1998-01-01,5246,-0.028058592111390376,0.7497897541439196,0.8067862039770501
199802,1998-02-01,5250,0.03466540493939223,0.9332550766249009,0.9066514652603567
199803,1998-03-01,5224,0.07941191859903174,0.9754243962518264,0.9009545948201175
199804,1998-04-01,5213,0.057455808013022414,0.9465092910406065,0.9019188850519998
199805,1998-05-01,5199,-0.07864344401364048,0.8611232207537793,0.8228020092345985
199806,1998-06-01,5176,-0.021558679108800993,0.8748451864875898,0.9105761213477441
199807,1998-07-01,5180,-0.021294411339476377,0.7419065171514322,0.8239235458708314
199808,1998-08-01,5165,-0.030545551839225738,0.8896770077074351,0.914846993746473
199809,1998-09-01,5131,-0.09659521481503289,0.8326233217276461,0.889551006557475
199810,1998-10-01,5107,0.004998330024660325,0.9327174659563454,0.914302227231251
199811,1998-11-01,5120,0.00763552669841891,0.9537896549245449,0.939729624310735
199812,1998-12-01,5087,0.03841370620623327,0.9879434262056885,0.8848964422710922
199901,1999-01-01,5042,-0.020894074097435385,0.8872327541328174,0.9184559110226576
199902,1999-02-01,5020,-0.0631659048851254,0.840897590924754,0.9258121520635421
199903,1999-03-01,4959,-0.06635143202698014,0.8342758330474712,0.9080316261026814
199904,1999-04-01,4937,-0.0631022907021057,0.8089435706140791,0.8898188460984935
199905,1999-05-01,4934,0.03706078292511686,0.937319437951242,0.927575811435471
199906,1999-06-01,4918,0.021029579869240922,0.9345592806348668,0.9010685527726204
199907,1999-07-01,4899,0.07072592754040481,0.9483775950649906,0.8501183633343217
199908,1999-08-01,4855,0.2968851115686344,1.2821892285118146,0.8941980671661156
199909,1999-09-01,4798,0.019625549580449098,0.8129249431235123,0.833385045457793
199910,1999-10-01,4750,-0.011893866456690827,0.863287023841247,0.8678044201808476
199911,1999-11-01,4694,-0.04208824863496782,0.7409666449568395,0.8465353282788027
199912,1999-12-01,4656,-0.003272840967494306,0.8916678154356318,0.8730179088466983
200001,2000-01-01,4631,-0.02521367692966786,0.7615667044992116,0.8779372433405696
200002,2000-02-01,4606,0.10304558061040264,0.9900079126774897,0.9343971128857775
200003,2000-03-01,4591,0.04446367846265353,0.9774576089392407,0.9254055400388361
200004,2000-04-01,4589,0.027789666306782923,0.784056471555638,0.8624727985878536
200005,2000-05-01,4592,-0.005472455607336335,0.89408496203606,0.9390511566058679
200006,2000-06-01,4585,-0.033325752512067514,0.8534597830328075,0.9124850892938559
200007,2000-07-01,4614,0.011088343350531493,0.8646542483389947,0.9412545182629453
200008,2000-08-01,4600,0.039148171176567714,0.9387373426818924,0.93150148868785
200009,2000-09-01,4595,0.04670441058836611,0.9051704332233971,0.9127152446688119
200010,2000-10-01,4573,0.016811550261405628,0.9790853278229853,0.907849001438201
200011,2000-11-01,4562,-0.0494784733507594,0.6768451890141873,0.84066629966825
200012,2000-12-01,4536,-0.0909196829940215,0.7462671844376262,0.815957487624395
200101,2001-01-01,4481,-0.04976957867142996,0.860353376520494,0.8977984272360742
200102,2001-02-01,4490,-0.0851235966909861,0.8340957981711995,0.816108436217938
200103,2001-03-01,4481,-0.04065984820242849,0.8734941240575265,0.9019120800719562
200104,2001-04-01,4460,0.0466921960860438,0.9658360763261893,0.9082094026634006
200105,2001-05-01,4413,0.037772038814659126,0.9401339528163919,0.909320036315706
200106,2001-06-01,4400,-0.06182787845120922,0.8424213051793781,0.8846882464486945
200107,2001-07-01,4395,0.01004444282240564,0.9193333932882544,0.9137646296880277
200108,2001-08-01,4373,-0.061001172214360855,0.8782549094447429,0.900467689842786
200109,2001-09-01,4366,0.03034505085839198,0.9642903665307607,0.8945211400208194
200110,2001-10-01,4348,0.01617487154294514,0.8806652528579797,0.8358356755126676
200111,2001-11-01,4304,0.12643130094851324,1.0328388419968872,0.8510199876701398
200112,2001-12-01,4275,0.04388466005182065,1.0379363728785305,0.8245358982238457
200201,2002-01-01,4238,-0.13587476161937842,0.5927549109018752,0.7897095900767621
200202,2002-02-01,4216,0.07982585748253981,0.8966652010294036,0.8797108879344222
200203,2002-03-01,4200,0.08982809332314298,0.8820311409351308,0.8249547330469842
200204,2002-04-01,4157,-0.05590985861968764,0.7991844132333898,0.8393016893293711
200205,2002-05-01,4133,-0.05389116604825488,0.812286552603018,0.8646459463233412
200206,2002-06-01,4111,-0.00957208861446951,0.8848899606576711,0.880712983336161
200207,2002-07-01,4085,0.02043944490047695,0.9218949448119678,0.8970107120221149
200208,2002-08-01,4052,0.016453081459697816,0.9193438373571284,0.8932146353411397
200209,2002-09-01,4033,0.15096232306877264,0.9747235083113176,0.8259069947026463
200210,2002-10-01,3994,-0.07610418591045442,0.8511842240686146,0.8555939404850531
200211,2002-11-01,3976,-0.08360462272787296,0.8514018158383494,0.8783874091883238
200212,2002-12-01,3947,-0.06790697845585994,0.8653317095184829,0.8817523752513473
200301,2003-01-01,3916,-0.061832795666997675,0.7868728300565282,0.8602822552732471
200302,2003-02-01,3891,0.010697948447499328,0.9283829603623783,0.9031666489130131
200303,2003-03-01,3846,-0.09395148215782495,0.8498341239699867,0.8666173440953705
200304,2003-04-01,3821,-0.06688525292533806,0.7367033617852026,0.8024830110643495
200305,2003-05-01,3805,0.013473709562592862,0.9375849456048544,0.8783219931966485
200306,2003-06-01,3787,0.09937380433386735,0.9708696010449085,0.834806548689775
200307,2003-07-01,3758,0.1831364387033466,1.0178873462975986,0.8433863933744253
200308,2003-08-01,3721,0.07121452979514326,0.8521762589812146,0.8511846480636199
200309,2003-09-01,3697,0.15672508438182298,1.091675162063879,0.7957759267295059
200310,2003-10-01,3673,0.14199349502753644,0.7016143852527563,0.7692308327704547
200311,2003-11-01,3657,0.08379840067394384,0.6020528374413361,0.7912111947130136
200312,2003-12-01,3631,0.06806265527393018,1.1105511174992122,0.8864494390786459
200401,2004-01-01,3612,0.13385863513682983,0.8387438961458403,0.8657184810890098
200402,2004-02-01,3596,0.11547001503777654,0.958978843989664,0.9142833933795964
200403,2004-03-01,3577,0.08774348551640498,0.9039326858364974,0.9030713361314268
200404,2004-04-01,3555,0.08189120668466554,0.7320221311800825,0.8522533200767652
200405,2004-05-01,3537,-0.004287165904798718,0.6890045283224199,0.8446045398135152
200406,2004-06-01,3521,0.029854968014102645,0.7771715431353334,0.8657083144058353
200407,2004-07-01,3506,-0.0008873168534536124,0.7765515398569384,0.8621663499974453
200408,2004-08-01,3486,-0.031293351789502794,0.8619731671533314,0.9075628017711129
200409,2004-09-01,3485,0.004867586554135994,0.8419696213538992,0.8795542242693526
200410,2004-10-01,3479,-0.05744798528545893,0.7909272063305421,0.8569420383567393
200411,2004-11-01,3480,-0.024916140100505857,0.8705647395936837,0.8976199579430305
200412,2004-12-01,3481,-0.012631728953783339,0.8077173255931319,0.86390700119397
200501,2005-01-01,3472,-0.043006160357286466,0.8244548926598408,0.8834386091738778
200502,2005-02-01,3480,-0.006432209667796188,0.8835841496782364,0.9052191605311157
200503,2005-03-01,3475,0.0025714907712249824,0.9106134805957385,0.9189882279937711
200504,2005-04-01,3467,0.031088970923070537,0.906779772994184,0.9167101974270374
200505,2005-05-01,3464,0.0003506607905419505,0.9351931556619101,0.9190992356005767
200506,2005-06-01,3471,-0.02262102106857887,0.9020171352750168,0.9290601095843728
200507,2005-07-01,3466,0.08584452649166308,0.9717532612218367,0.9177434122882019
200508,2005-08-01,3448,0.0412318655705623,0.9515989932798307,0.9301168148541844
200509,2005-09-01,3442,-0.03527340062957113,0.9165254422725791,0.9211122897716936
200510,2005-10-01,3430,0.011623508523787074,0.8480570568767036,0.9163694001598718
200511,2005-11-01,3426,-0.0609337727864212,0.7846759983567375,0.8403074756362193
200512,2005-12-01,3424,-0.04934057082913939,0.9039543680626432,0.9328736493018103
200601,2006-01-01,3403,0.04112559718520202,0.9101406037771033,0.9253630144315019
200602,2006-02-01,3398,0.006317364735411446,0.834004436888057,0.8961529199245507
200603,2006-03-01,3390,0.049213063388476086,0.9433653077491776,0.883391617185502
200604,2006-04-01,3379,0.10259011573133553,0.9481400113785171,0.8829597019147581
200605,2006-05-01,3374,-0.006814264460506536,0.8247368995259594,0.8759533054825681
200606,2006-06-01,3369,-0.018092451302606366,0.9020317985784948,0.9250954036741041
200607,2006-07-01,3363,-0.052924464829439535,0.8338207366793057,0.8936016564693724
200608,2006-08-01,3376,0.013471803939898552,0.9024245710334802,0.8917019503880588
200609,2006-09-01,3373,-0.0017557212794554952,0.8969721183347441,0.8931038395226348
200610,2006-10-01,3369,0.04255540404328985,0.9713279857842416,0.8843625862238007
200611,2006-11-01,3362,-0.017500487888799793,0.8268271301196435,0.8688064740976681
200612,2006-12-01,3357,0.00288879427792349,0.904441807916173,0.9096313808433427
200701,2007-01-01,3332,-0.06513381808905595,0.8225786999464451,0.8808443183054935
200702,2007-02-01,3334,0.005248168561002631,0.8922775234892575,0.9084547284562076
200703,2007-03-01,3332,-0.0359468356322202,0.8319740830927299,0.8948824186606094
200704,2007-04-01,3313,-0.003746656286147447,0.9060813415909335,0.9019628458185062
200705,2007-05-01,3314,0.06793628976746026,0.9423492922693809,0.8906318563224259
200706,2007-06-01,3320,0.027529157411856575,0.9531688524093669,0.9143841568335365
200707,2007-07-01,3307,0.06194881766104779,0.960514679238392,0.9093356092081143
200708,2007-08-01,3287,-0.005435249387830077,0.9142082924720045,0.8973697997679043
200709,2007-09-01,3281,0.002547176009397384,0.9037328504290594,0.9038782540181503
200710,2007-10-01,3274,-0.035383978344875444,0.8411239644518043,0.90461853755739
200711,2007-11-01,3258,-0.020013869923615285,0.8687802011004548,0.9269807838760243
200712,2007-12-01,3254,-0.010957323583922691,0.9396458351711111,0.9321455483666836
200801,2008-01-01,3245,-0.030186349949567304,0.901021353832263,0.9371074482406792
200802,2008-02-01,3246,-0.017765170682677897,0.9014796602211067,0.9260527210408519
200803,2008-03-01,3244,-0.02129620069294602,0.9207761012155243,0.9397839437099216
200804,2008-04-01,3236,-0.04354880936356298,0.8996019650147618,0.9363966953588388
200805,2008-05-01,3238,-0.044431440909858816,0.8944472269031967,0.9229029965389303
200806,2008-06-01,3243,-0.0052133115815593545,0.9642817146900776,0.9425761094816293
200807,2008-07-01,3238,0.044222312820850485,1.0326154169799868,0.95532208046435
200808,2008-08-01,3241,-0.004521325565240153,0.914135890476425,0.9225748563449222
200809,2008-09-01,3220,-0.03359675153882122,0.9014295195363478,0.9517118143636716
200810,2008-10-01,3212,-0.0784051130255716,0.7852023125523283,0.867762592748726
200811,2008-11-01,3210,0.023095370565979434,0.9469970378240717,0.8705754883732788
200812,2008-12-01,3209,-0.008602524415820212,0.9718616455487886,0.9426227091294654
200901,2009-01-01,3195,0.013847432891928357,0.9460404413875969,0.8984356262578287
200902,2009-02-01,3192,0.0027570703040439293,0.9770345447548682,0.9241464028663258
200903,2009-03-01,3169,-0.006547437656445554,0.9614554982784962,0.9309837398469536
200904,2009-04-01,3146,-0.07423823529447704,0.8747588246659307,0.9134048610311208
200905,2009-05-01,3137,-0.07565684263526651,0.8627111918726582,0.9034723535567802
200906,2009-06-01,3114,0.09762826361497956,1.081180018981876,0.904003159126405
200907,2009-07-01,3106,-0.00512685339373381,0.98441080479724,0.8263362044914031
200908,2009-08-01,3096,-0.039317456616203283,0.8965641523352604,0.9321808464545567
200909,2009-09-01,3087,0.15447220262093575,1.1052225252135903,0.8197386359828812
200910,2009-10-01,3075,0.3724072807390695,1.205111183202976,0.710968515678068
200911,2009-11-01,3047,0.22988497518827433,1.2494940400852987,0.7045876749717283
200912,2009-12-01,3029,-0.030062929536864846,0.9927477326865114,0.8920375087477685
201001,2010-01-01,3011,0.10830478900257146,0.9588132705402758,0.9235789745306894
201002,2010-02-01,2993,0.3039115526153475,0.9954781440501216,0.8874897475798504
201003,2010-03-01,2975,0.27341513431715037,0.5704634693256169,0.7160345729762722
201004,2010-04-01,2962,0.0740061682210722,0.5356676859519387,0.7192475079361454
201005,2010-05-01,2957,0.0848639378763626,0.6894193360115848,0.761628462409588
201006,2010-06-01,2951,0.0029074111101534683,0.9155073349189584,0.8650931542473117
201007,2010-07-01,2929,-0.04666274280008442,0.7543363257466404,0.805486506122095
201008,2010-08-01,2921,0.015049839050338049,0.6295798969302754,0.7519907303788014
201009,2010-09-01,2918,-0.06448420377996146,0.7854898276907266,0.8760744044178363
201010,2010-10-01,2914,0.08596550214651205,0.9151648293814516,0.8535675612399539
201011,2010-11-01,2910,0.0060317570366733575,0.8591112466631633,0.8574101357448686
201012,2010-12-01,2891,-0.04318358528831573,0.8449119269645322,0.8839172279290508
201101,2011-01-01,2890,0.06294244518844577,0.8915552516295473,0.8970280761851034
201102,2011-02-01,2887,-0.01982370029931796,0.890067668140488,0.9179415383403356
201103,2011-03-01,2880,-0.041732321867729544,0.8229427272658956,0.8725038929701211
201104,2011-04-01,2864,-0.02816025559177282,0.8008161215078043,0.8713781590533547
201105,2011-05-01,2864,0.10497802879167867,1.0234317069731012,0.8930491798571987
201106,2011-06-01,2831,0.10996743785120477,1.0031754344925072,0.8975573860289021
201107,2011-07-01,2826,-0.03647575155888616,0.8805982793062969,0.9156540106225515
201108,2011-08-01,2823,0.10853570549980274,0.9515559112313714,0.8848446027692788
201109,2011-09-01,2812,-0.09365160441544595,0.8282257863025286,0.9016941012285092
201110,2011-10-01,2808,-0.04992443371893906,0.8709661620311536,0.9178130458694758
201111,2011-11-01,2803,-0.029877869823116597,0.8575307885833345,0.890561327797385
201112,2011-12-01,2795,-0.07564715104599644,0.8754324681706859,0.9136572715244672
201201,2012-01-01,2787,-0.015505273780374376,0.9459984126102896,0.9194084879882916
201202,2012-02-01,2784,-0.049096716788497814,0.8774929623015219,0.9024157296738191
201203,2012-03-01,2781,-0.025267791620568796,0.894688605940432,0.9170303783551511
201204,2012-04-01,2775,-0.02571791915802602,0.8806541373722703,0.9233148500395618
201205,2012-05-01,2774,0.010781015446256446,0.9348101491333223,0.9274342199517672
201206,2012-06-01,2786,0.018858972633353302,0.9647209307790078,0.9335888081315273
201207,2012-07-01,2784,0.023181412733027616,0.9348632068761186,0.9278425967833306
201208,2012-08-01,2766,0.1031367653733282,1.0187629277934322,0.9136365987756013
201209,2012-09-01,2759,0.14337718810570477,1.0339381238100915,0.8907853051768969
201210,2012-10-01,2742,-0.1012301354031876,0.8385302391275506,0.8978240303723873
201211,2012-11-01,2740,0.029159206141409183,0.8986619837112731,0.8730862074886171
201212,2012-12-01,2726,0.011091452186917289,0.945422502105698,0.9092386966828268
201301,2013-01-01,2720,-0.06664912864751153,0.8145303779505884,0.8852588075108675
201302,2013-02-01,2725,-0.022178499469917262,0.8245586649943223,0.9021774467351923
201303,2013-03-01,2724,-0.015403984591663852,0.8233054594122624,0.8812308195175369
201304,2013-04-01,2719,0.02968472587866594,0.9128050857055988,0.8713403932479821
201305,2013-05-01,2720,0.09799098974871823,0.9978446351634976,0.8885274017928134
201306,2013-06-01,2705,-0.04506600063864158,0.9993025369087519,0.8851182337737333
201307,2013-07-01,2701,0.021721021675574104,1.0046168962328539,0.8943335537978583
201308,2013-08-01,2696,-0.08657522384109834,1.145370685537816,0.8941078859017962
201309,2013-09-01,2686,0.009358870331316327,0.8213779204917803,0.7519286736085031
201310,2013-10-01,2687,0.16001482452545748,0.6365530954388676,0.6675147550378626
201311,2013-11-01,2674,0.039611917278246256,0.8751241527802296,0.8587724152931773
201312,2013-12-01,2671,0.002975223123554638,0.9201733186898214,0.9349145622360421
201401,2014-01-01,2665,-0.0075255196396116775,0.7941138443814629,0.8982737902853338
201402,2014-02-01,2654,0.005299299092435261,0.9602066178882321,0.8345726104787675
201403,2014-03-01,2653,-0.012378875675562284,0.8768704320287888,0.934984398697053
201404,2014-04-01,2661,-0.03408948216332919,1.1148750041244055,0.9271717588701153
201405,2014-05-01,2674,0.036467296486805745,0.6527059689212048,0.7910411839578342
201406,2014-06-01,2688,0.0180386081862208,0.9453221231811199,0.9293409764812344
201407,2014-07-01,2693,-0.03577772145282357,0.8215389267346968,0.8954603930052728
201408,2014-08-01,2698,0.03546016487853146,0.8924329534352072,0.8942449824836726
201409,2014-09-01,2710,-0.030070572150284608,0.7965152489253343,0.8597978734195131
201410,2014-10-01,2715,-0.015568929287128032,0.8657390368723212,0.8427331890687872
201411,2014-11-01,2725,-0.0321502437081171,0.8729618875185601,0.8951103480095065
201412,2014-12-01,2718,-0.030954177287231467,0.8748227128010883,0.8972815184055752
201501,2015-01-01,2728,0.004166342417495823,0.844092646297729,0.8556788417871011
201502,2015-02-01,2734,-0.046277038780071944,0.8905511901495486,0.9310468671082399
201503,2015-03-01,2751,0.008086217252095953,0.951272705342324,0.9036801827871201
201504,2015-04-01,2765,0.050592912833984136,1.0228941848823314,0.9252520822759108
201505,2015-05-01,2771,0.001176219104149015,0.9291370547340049,0.9234044765139676
201506,2015-06-01,2783,-0.039998764607313164,0.8581980829659078,0.9285840683695492
201507,2015-07-01,2792,0.05710360564597222,1.0221201309111678,0.9350118666180478
201508,2015-08-01,2798,-0.038908830749344356,0.8510436394548841,0.9272696564379687
201509,2015-09-01,2795,0.050611216355289396,0.9998511499861751,0.9133822980736489
201510,2015-10-01,2792,-0.03912803903511909,0.8708830474409286,0.9185012204596991
201511,2015-11-01,2809,-0.008051931863741736,0.9155608923572777,0.9270579512811264
201512,2015-12-01,2804,-0.02326021747954473,0.901682099292962,0.8640951200298059
201601,2016-01-01,2794,0.01549156728189191,0.895909429399817,0.9007975936092465
201602,2016-02-01,2786,-0.07105093718988034,0.882757589251755,0.909209419264083
201603,2016-03-01,2784,-0.02728324991135478,0.8888504069756041,0.9136053364232567
201604,2016-04-01,2785,-0.0021574727739492316,0.9338704417654027,0.894121613052333
201605,2016-05-01,2773,-0.025863793081912348,0.891678392596375,0.9151054511242757
201606,2016-06-01,2786,0.00047525135115047967,0.9771721460828712,0.9562369530754768
201607,2016-07-01,2796,0.033828844066437394,1.0024983265692131,0.9016347544365217
201608,2016-08-01,2791,0.04897241456918667,0.9586821111217725,0.85950611612134
201609,2016-09-01,2774,0.076832467627693,1.0508761976241179,0.8879324344378069
201610,2016-10-01,2776,-0.037750321061442965,0.8579203325971008,0.8787921988199658
201611,2016-11-01,2773,-0.01809488576165158,0.8364378791224792,0.870696269761232
201612,2016-12-01,2759,0.06113490706302481,0.9812700379157968,0.9097240705283701
201701,2017-01-01,2749,0.13671123833032556,0.9732536228597723,0.8536827406524239
201702,2017-02-01,2737,0.019805978285403092,0.9370015173206345,0.8709207819535111
201703,2017-03-01,2728,-0.06979626892476154,0.8917854978575487,0.8922356147276398
201704,2017-04-01,2726,-0.00905792652909529,0.8446327804368343,0.9051281966267585
201705,2017-05-01,2727,0.01632893038688807,0.9046054179885497,0.904669857732197
201706,2017-06-01,2724,0.020303916162399627,0.9370739954263563,0.8930204348249878
201707,2017-07-01,2731,-0.04225686960654229,0.8649243820468753,0.9010608699294721
201708,2017-08-01,2732,6.29806409819661e-05,0.7935840048521218,0.8673675549044326
201709,2017-09-01,2725,-0.01462298176967082,0.8987746041910889,0.9299850220133147
201710,2017-10-01,2727,0.0759664343497409,1.0278864333901763,0.9078573126930479
201711,2017-11-01,2719,-0.056739660867291264,0.8491617154780841,0.8747501533367203
201712,2017-12-01,2705,0.0019117072817824432,0.946703246986285,0.9252582639200557
201801,2018-01-01,2713,-0.0072392106238355625,0.915693384919305,0.9276933010021341
201802,2018-02-01,2703,0.001267203813008766,0.8455248770597851,0.9131700595585052
201803,2018-03-01,2708,-0.002060749031785644,0.9026049979915258,0.9050100656174994
201804,2018-04-01,2716,0.0004952127647749743,0.9988959200008111,0.9059703260316478
201805,2018-05-01,2718,0.033288441437989924,0.9661266881404953,0.8736173568591141
201806,2018-06-01,2727,-0.013945301792215758,0.8831984884531721,0.9363749781040116
201807,2018-07-01,2726,0.013530421842335993,0.938932046533741,0.9455116872814162
201808,2018-08-01,2727,0.03574214254877417,0.8766190691432418,0.9145608847972524
201809,2018-09-01,2730,-0.026488689611792043,0.7558787255268524,0.854678661405298
201810,2018-10-01,2732,0.01970724417505393,0.9020864019219821,0.7886654042068745
201811,2018-11-01,2740,-0.03136616982652919,1.016121545782274,0.8546467185369842
201812,2018-12-01,2735,-0.014102314197807476,0.8600697667689309,0.9081966098994937
201901,2019-01-01,2732,-0.04802023926611507,0.8752637557355737,0.9563701929289206
201902,2019-02-01,2728,0.0283755968587659,0.9275480707945974,0.9237518465082086
201903,2019-03-01,2730,-0.007482607805064678,0.7970016965311226,0.8821231401357944
201904,2019-04-01,2730,-0.009633204781060917,0.8422293965276473,0.9189158001701448
201905,2019-05-01,2744,-0.05205696197683348,0.8135923155372496,0.8615876135398234
201906,2019-06-01,2769,-0.030043152598156445,0.8459426385808415,0.8493724486349581
201907,2019-07-01,2774,-0.011974881444389823,0.934937949769481,0.916102492028264
201908,2019-08-01,2772,-0.05762384209060821,0.8039347689795655,0.869884507639458
201909,2019-09-01,2769,0.006871828733404334,0.9581881241974953,0.9338565792618011
201910,2019-10-01,2775,0.10778488724021351,1.0117346042167035,0.900587378663233
201911,2019-11-01,2767,-0.0016572742116862903,0.9125717673030345,0.8882656746859101
201912,2019-12-01,2757,0.15471953724026077,1.1375360014323008,0.9135895519964472
202001,2020-01-01,2752,-0.05459495809155855,0.5635321616195257,0.7763589572061473
202002,2020-02-01,2756,-0.05114645887477054,0.8970257672820603,0.9379615252791875
202003,2020-03-01,2757,0.0032961715037220715,0.9470574763415243,0.9220296460150177
202004,2020-04-01,2766,-0.031486165863401916,0.941435062293214,0.9471238674433667
202005,2020-05-01,2774,0.06724026925730973,0.9754041133954917,0.8957973075091523
202006,2020-06-01,2780,-0.04752197086288034,0.9343625335025638,0.8883437502924557
202007,2020-07-01,2786,0.011527707381786122,0.8859995988086398,0.9000791129880816
202008,2020-08-01,2781,0.06965740501180744,0.9329828803762794,0.9215401641367337
202009,2020-09-01,2790,-0.0033474089293328846,1.0374535081760639,0.9140137384834521
202010,2020-10-01,2794,0.008167689524889915,1.0166678187206408,0.9162034505202256
202011,2020-11-01,2797,-0.02664281785945477,0.9141048514562259,0.8750083007762269
202012,2020-12-01,2795,-0.03337143273790716,0.945300614383141,0.9082449222007996
202101,2021-01-01,2799,0.08020218053134764,0.7755222004833973,0.8578284338960507
202102,2021-02-01,2811,0.10681408636599288,1.0528232684062853,0.9344621609028122
202103,2021-03-01,2801,0.37945748275721947,1.390938912517425,0.8848653852036876
202104,2021-04-01,2793,-0.027548399790683353,0.7185838708633538,0.9007069353934328
202105,2021-05-01,2795,0.08134375069571542,0.7554662017667202,0.8500095425048546
202106,2021-06-01,2806,0.026934512140685762,0.8220567584114673,0.8823324141825319
202107,2021-07-01,2818,0.07100696907059534,0.8205133975864524,0.8598571227806772
202108,2021-08-01,2833,0.043586069254943016,0.8173488777606385,0.8632404277268266
202109,2021-09-01,2860,0.10578775085457848,0.9109181939420273,0.8706268205940569
202110,2021-10-01,2894,0.0030184806691168076,1.0131717196570067,0.9307439972871777
202111,2021-11-01,2907,-0.10381498443776283,0.6917101451241281,0.885459243902535
202112,2021-12-01,2934,-0.017775413650788163,0.6333106373181387,0.6839001427254424
202201,2022-01-01,2961,-0.05126174082475244,0.7405103385219048,0.7598042635846316
202202,2022-02-01,3006,-0.08729187778808942,0.7909455214685799,0.8998526667753053
202203,2022-03-01,3076,-0.02311735980780784,0.9125457546819751,0.8979955313032657
202204,2022-04-01,3134,-0.01926611902817331,0.9330385251065608,0.9514770961834998
202205,2022-05-01,3171,-0.0669436680704886,0.7727899217834713,0.8862903189327939
202206,2022-06-01,3213,-0.038899000398244704,0.9142612824542572,0.9498017169561727
202207,2022-07-01,3269,0.015574577194805095,0.9690349233125536,0.9416010739376941
202208,2022-08-01,3298,-0.030981822588445118,0.9305009304541421,0.9476714077964337
202209,2022-09-01,3334,-0.004047347024372622,0.916857781001195,0.9397064558685166
202210,2022-10-01,3370,-0.04183890257070583,0.9198831392168695,0.9467383580235641
202211,2022-11-01,3412,0.03707152025434987,0.9943653637909675,0.9235603107320226
202212,2022-12-01,3386,-0.015461061907944607,0.9497521012230657,0.9376421467323174
202301,2023-01-01,3397,0.050066959022687624,0.9443241418379553,0.920583619335245
202302,2023-02-01,3400,-0.00427579839741353,0.934225962181094,0.9142544536001522
202303,2023-03-01,3382,-0.0377251484917506,0.8355283471937484,0.8404661524120841
202304,2023-04-01,3390,0.1290850471355254,1.1345104167456987,0.897720177571403
202305,2023-05-01,3380,0.01946520995354238,0.9411620359070022,0.8880211390404984
202306,2023-06-01,3364,0.0694715593009826,0.9442537215453861,0.8578891226370631
202307,2023-07-01,3347,-0.07982575018279539,0.8336241625453074,0.900465911165117
202308,2023-08-01,3333,0.007329446554783325,0.9191106035503305,0.8720542699120394
202309,2023-09-01,3329,0.12426998548236787,1.1034992388799336,0.8912875445270917
202310,2023-10-01,3307,-0.06437198911950431,0.8889957181598369,0.7591786840243285
202311,2023-11-01,3286,-0.016549067477863444,0.9508859683581569,0.906797967268129
202312,2023-12-01,3254,0.03383395502840704,0.6693138355742854,0.7395524947333183
202401,2024-01-01,3249,-0.11344422937103069,0.725481893974491,0.8806995445041642
202402,2024-02-01,3234,0.03176507383102078,1.0374059232450774,0.9067835945006945
202403,2024-03-01,3209,0.05749691007945082,0.9454648600646111,0.8857984468145207
202404,2024-04-01,3191,0.02802043082664965,0.905195117305119,0.8927145883256988
202405,2024-05-01,3176,0.0036881931334052445,0.8519177296207369,0.867923499732009
202406,2024-06-01,3151,-0.05466039320026375,0.7882247097982111,0.8644345499100309
202407,2024-07-01,3136,-0.04553266423649889,0.8729114601351725,0.9261234234522054
202408,2024-08-01,3123,0.055344435055531056,0.9600067994791237,0.8876096181311486
202409,2024-09-01,3107,0.07948093801204434,0.9830660580401059,0.8880208958965692
202410,2024-10-01,3090,0.0935097929708773,1.1458131383475512,0.8820428108155031
202411,2024-11-01,3074,-0.08385213409332287,0.9436197390454942,0.9289428221207019
202412,2024-12-01,3050,-0.05554231644421337,0.680406425458577,0.9098203940561568
