scheme,signal,decile,mean_xret_pct,n_months
i,BM_CZ,1,0.59765348297368,738
i,BM_CZ,2,0.6228813290082126,738
i,BM_CZ,3,0.698981724518977,738
i,BM_CZ,4,0.46873223822431687,738
i,BM_CZ,5,0.6529511131225307,738
i,BM_CZ,6,0.7033342127841175,738
i,BM_CZ,7,0.7168546250436715,738
i,BM_CZ,8,0.7411488107246017,738
i,BM_CZ,9,0.8917575383281516,738
i,BM_CZ,10,0.967349217829447,738
i,MOM_CZ,1,0.5179232474400124,738
i,MOM_CZ,2,0.5921073296293106,738
i,MOM_CZ,3,0.5984979621902705,738
i,MOM_CZ,4,0.600001330435287,738
i,MOM_CZ,5,0.5595801002612744,738
i,MOM_CZ,6,0.674386266642091,738
i,MOM_CZ,7,0.6789183490165609,738
i,MOM_CZ,8,0.6535957526481316,738
i,MOM_CZ,9,0.7488780622704853,738
i,MOM_CZ,10,0.8720471773611046,738
i,GP_CZ,1,0.42698203191799294,738
i,GP_CZ,2,0.4171142319615163,738
i,GP_CZ,3,0.5347717690892222,738
i,GP_CZ,4,0.6308865456200766,738
i,GP_CZ,5,0.6478936904802846,738
i,GP_CZ,6,0.588689691061969,738
i,GP_CZ,7,0.6342189417390056,738
i,GP_CZ,8,0.6101290005608349,738
i,GP_CZ,9,0.7224838299719443,738
i,GP_CZ,10,0.785898384718303,738
ii,BM_CZ,1,0.47993374518030274,738
ii,BM_CZ,2,0.6519159414959176,738
ii,BM_CZ,3,0.7650867685365672,738
ii,BM_CZ,4,0.7931492501939172,738
ii,BM_CZ,5,0.9032997153844915,738
ii,BM_CZ,6,0.9432306311753414,738
ii,BM_CZ,7,1.035275837859194,738
ii,BM_CZ,8,1.028072563048419,738
ii,BM_CZ,9,1.1890964691157127,738
ii,BM_CZ,10,1.478620532564931,738
ii,MOM_CZ,1,1.0237770078532664,738
ii,MOM_CZ,2,0.9286624218574534,738
ii,MOM_CZ,3,0.9125350174794383,738
ii,MOM_CZ,4,0.919022448854393,738
ii,MOM_CZ,5,0.9172282866971033,738
ii,MOM_CZ,6,0.917836637620615,738
ii,MOM_CZ,7,0.9020833730918467,738
ii,MOM_CZ,8,0.8777653343114323,738
ii,MOM_CZ,9,0.8779245314843873,738
ii,MOM_CZ,10,0.8087990912549586,738
ii,GP_CZ,1,0.6110477104613524,738
ii,GP_CZ,2,0.6547475454684915,738
ii,GP_CZ,3,0.7769369924330612,738
ii,GP_CZ,4,0.8104594986364547,738
ii,GP_CZ,5,0.9101228446428864,738
ii,GP_CZ,6,0.9106473315448229,738
ii,GP_CZ,7,0.9818459368975885,738
ii,GP_CZ,8,1.0164304874017558,738
ii,GP_CZ,9,1.0533476634875605,738
ii,GP_CZ,10,1.1437325483129572,738
iii,BM_CZ,1,0.6024189404050375,738
iii,BM_CZ,2,0.6682240360759494,738
iii,BM_CZ,3,0.6607632398071825,738
iii,BM_CZ,4,0.5055530884212184,738
iii,BM_CZ,5,0.6081590586552132,738
iii,BM_CZ,6,0.6829744029598656,738
iii,BM_CZ,7,0.698039099987063,738
iii,BM_CZ,8,0.7022564272204503,738
iii,BM_CZ,9,0.8626154172521385,738
iii,BM_CZ,10,0.9213605222271983,738
iii,MOM_CZ,1,-0.018130433067103137,738
iii,MOM_CZ,2,0.4040989382156311,738
iii,MOM_CZ,3,0.4561014223742727,738
iii,MOM_CZ,4,0.5878665060552315,738
iii,MOM_CZ,5,0.5851982797215164,738
iii,MOM_CZ,6,0.5663112152068144,738
iii,MOM_CZ,7,0.6186499056419356,738
iii,MOM_CZ,8,0.7015386660933313,738
iii,MOM_CZ,9,0.7894182111292494,738
iii,MOM_CZ,10,1.2184998483589335,738
iii,GP_CZ,1,0.4168243080102989,738
iii,GP_CZ,2,0.38684916141085984,738
iii,GP_CZ,3,0.5570067508320465,738
iii,GP_CZ,4,0.583956618910378,738
iii,GP_CZ,5,0.6039594454910076,738
iii,GP_CZ,6,0.5741589612487513,738
iii,GP_CZ,7,0.6261943768208581,738
iii,GP_CZ,8,0.5922298997612576,738
iii,GP_CZ,9,0.8087581838154417,738
iii,GP_CZ,10,0.7593298154751581,738
iv,BM_CZ,1,0.5611226217549675,738
iv,BM_CZ,2,0.5999676561701652,738
iv,BM_CZ,3,0.653937122326748,738
iv,BM_CZ,4,0.5157594530551015,738
iv,BM_CZ,5,0.6175585106232564,738
iv,BM_CZ,6,0.6738479837668467,738
iv,BM_CZ,7,0.8223196346464843,738
iv,BM_CZ,8,0.6946629456353525,738
iv,BM_CZ,9,0.9457164340175208,738
iv,BM_CZ,10,1.0070497997359489,738
iv,MOM_CZ,1,0.45024407022565177,738
iv,MOM_CZ,2,0.44866822081086266,738
iv,MOM_CZ,3,0.5670919068768788,738
iv,MOM_CZ,4,0.5585465375052873,738
iv,MOM_CZ,5,0.6224764777104639,738
iv,MOM_CZ,6,0.5372505677787126,738
iv,MOM_CZ,7,0.6679927489104268,738
iv,MOM_CZ,8,0.6869215852974784,738
iv,MOM_CZ,9,0.7415999257378361,738
iv,MOM_CZ,10,0.8871509249159107,738
iv,GP_CZ,1,0.32454879211118154,738
iv,GP_CZ,2,0.3906471801659743,738
iv,GP_CZ,3,0.4774795183614887,738
iv,GP_CZ,4,0.5890591574470113,738
iv,GP_CZ,5,0.6458413314455919,738
iv,GP_CZ,6,0.5070853411605579,738
iv,GP_CZ,7,0.5909206181141062,738
iv,GP_CZ,8,0.591993106774215,738
iv,GP_CZ,9,0.8348929415070212,738
iv,GP_CZ,10,0.7488157948048161,738
v,BM_CZ,1,0.5515328432761865,738
v,BM_CZ,2,0.5614346865624855,738
v,BM_CZ,3,0.7076277401998041,738
v,BM_CZ,4,0.7377579132020933,738
v,BM_CZ,5,0.8955101226650808,738
v,BM_CZ,6,0.9393607793426626,738
v,BM_CZ,7,1.0308535542955257,738
v,BM_CZ,8,1.0679500561289297,738
v,BM_CZ,9,1.1800019580013976,738
v,BM_CZ,10,1.490616685763706,738
v,MOM_CZ,1,0.7803741847694279,738
v,MOM_CZ,2,0.4036715380901833,738
v,MOM_CZ,3,0.5573306739699939,738
v,MOM_CZ,4,0.6848982320245169,738
v,MOM_CZ,5,0.7438131022051738,738
v,MOM_CZ,6,0.8263628433058183,738
v,MOM_CZ,7,0.9508535570629951,738
v,MOM_CZ,8,1.083292988797364,738
v,MOM_CZ,9,1.212669038778815,738
v,MOM_CZ,10,1.3748095678979328,738
v,GP_CZ,1,0.6178819983859383,738
v,GP_CZ,2,0.4062607157489465,738
v,GP_CZ,3,0.6700650318775446,738
v,GP_CZ,4,0.7951662266224226,738
v,GP_CZ,5,0.8595124892288801,738
v,GP_CZ,6,0.8925687357409358,738
v,GP_CZ,7,0.961410310077886,738
v,GP_CZ,8,1.0349760910717534,738
v,GP_CZ,9,1.0689173396264555,738
v,GP_CZ,10,1.2109717895670329,738
