scheme,scheme_label,signal,hml_pct,tstat,nw_lag,n_months,first,last
i,"VW, annual (June), NYSE breakpoints",BM_CZ,0.36969573485576684,1.662883122438367,7,738,196307,202412
i,"VW, annual (June), NYSE breakpoints",MOM_CZ,0.3541239299210923,1.4633235222479846,3,738,196307,202412
i,"VW, annual (June), NYSE breakpoints",GP_CZ,0.3589163528003101,2.09326653989653,11,738,196307,202412
ii,"EW, annual (June), NYSE breakpoints",BM_CZ,0.998686787384628,5.128221144650363,14,738,196307,202412
ii,"EW, annual (June), NYSE breakpoints",MOM_CZ,-0.21497791659830764,-0.9743690020484707,11,738,196307,202412
ii,"EW, annual (June), NYSE breakpoints",GP_CZ,0.5326848378516048,3.160328603106508,13,738,196307,202412
iii,"VW, monthly, NYSE breakpoints",BM_CZ,0.3189415818221608,1.540787734756646,6,738,196307,202412
iii,"VW, monthly, NYSE breakpoints",MOM_CZ,1.2366302814260366,4.563225796449298,5,738,196307,202412
iii,"VW, monthly, NYSE breakpoints",GP_CZ,0.3425055074648593,2.01035463900727,11,738,196307,202412
iv,"VW, annual (June), general breakpoints",BM_CZ,0.4459271779809813,1.750532556474179,12,738,196307,202412
iv,"VW, annual (June), general breakpoints",MOM_CZ,0.43690685469025886,1.4134240684768742,4,738,196307,202412
iv,"VW, annual (June), general breakpoints",GP_CZ,0.42426700269363443,1.898632102243325,10,738,196307,202412
v,"EW, monthly, general breakpoints",BM_CZ,0.9390838424875193,4.784407223129701,14,738,196307,202412
v,"EW, monthly, general breakpoints",MOM_CZ,0.5944353831285053,1.8824117121315003,10,738,196307,202412
v,"EW, monthly, general breakpoints",GP_CZ,0.5930897911810945,2.8471689466223262,13,738,196307,202412
