spec,method,n_months,avg_n_firms,a,a_t,a_L,b_BM,b_BM_t,b_BM_L,b_GP,b_GP_t,b_GP_L,b_Dur,b_Dur_t,b_Dur_L
(i),OLS,617,2279.0210696920585,0.00555875381329899,2.2689638546165964,11,0.009272452075336772,3.712222239876218,12.0,,,,,,
(i),WLS,617,2279.0210696920585,0.0063613942880456666,2.9608575612551906,5,0.0021272992776023808,0.6750458272189072,10.0,,,,,,
(ii),OLS,617,2279.0210696920585,0.00733057746479251,2.4763122470264527,6,,,,0.0057306126153020736,3.5036893976964407,11.0,,,
(ii),WLS,617,2279.0210696920585,0.004913395060740379,2.164946957231106,1,,,,0.003408111368076338,1.4992982487794422,6.0,,,
(iii),OLS,617,2279.0210696920585,0.01595718653457631,6.9834270373250735,15,,,,,,,-0.011515081215903845,-5.9464269256431,12.0
(iii),WLS,617,2279.0210696920585,0.013025763494045618,6.76579455003707,8,,,,,,,-0.008747780215036515,-2.8352918232000164,14.0
(iv),OLS,617,2279.0210696920585,0.000910539445880855,0.31714481483349494,6,0.010756146950335424,4.309325528998724,12.0,0.007808803656079897,5.00990246136611,11.0,,,
(iv),WLS,617,2279.0210696920585,0.002259565927889044,0.7910394386329623,11,0.005705680089360509,1.7624047131822016,11.0,0.005616689082889844,2.775198458145516,7.0,,,
(v),OLS,617,2279.0210696920585,0.013529334474456992,5.711097648472206,11,0.00321379308709795,1.1347090628688503,12.0,,,,-0.009875383439465184,-3.7163779940638504,15.0
(v),WLS,617,2279.0210696920585,0.01317396797323952,3.968900852240723,4,-0.002106576957960046,-0.5560490954165885,5.0,,,,-0.008402749550973398,-2.0886786906515833,13.0
(vi),OLS,617,2279.0210696920585,0.014018937722835438,4.97892323219416,9,,,,0.002710609179066562,1.591505577085042,10.0,-0.01035083687713037,-4.766833077162146,13.0
(vi),WLS,617,2279.0210696920585,0.00842389897324829,2.391258157594473,3,,,,0.0048576279179919956,1.7002512090596706,4.0,-0.005392775444853026,-1.301136495945692,13.0
(vii),OLS,617,2279.0210696920585,0.00718211104662252,2.7816784110115864,3,0.00627042289464099,1.9476137589323375,12.0,0.005563040426570743,2.773649622604195,13.0,-0.00580567730325945,-1.932871883126237,13.0
(vii),WLS,617,2279.0210696920585,0.004660552640776504,1.2347350257430147,3,0.0033423742167642263,1.2668595834096121,12.0,0.005977537852557711,2.321529814739089,4.0,-0.0022097923734499757,-0.5460450576749962,10.0
