spec,weighting,n_portfolios,n_months,n_obs,a,a_t,b_BM,b_BM_t,b_GP,b_GP_t,b_Dur,b_Dur_t
(i),VW,10,618,6180,0.006065833876638941,3.023064155664195,0.00035270620665568805,1.433145835560565,,,,
(ii),VW,10,618,6180,0.005519013556881219,2.250570214883537,,,0.00025238177906961436,1.1844966583380516,,
(iii),VW,10,618,6180,0.01201841006250385,6.007519143308801,,,,,-0.0006545258377539037,-3.1849573595547094
(iv),VW,20,618,12360,-0.0023295591619980423,-0.5835577648934815,0.001022401798169604,2.8589575835853305,0.0009488512453093106,2.8349811331645856,,
(v),VW,20,618,12360,0.012625398418672306,5.259028626758551,3.326825060111042e-05,0.11356595467480649,,,-0.0008090182895789686,-3.348237203314589
(vi),VW,20,618,12360,0.014460212318415488,4.433191064656798,,,-0.00013054761307066849,-0.5299946495996536,-0.0010007600040274278,-3.6463887149643766
(vii),VW,30,618,18540,0.01772851098388182,2.3348630264082466,-0.0002535129894630116,-0.45943047398895703,-0.00026994484654308036,-0.5684079816300632,-0.0012241316091819846,-2.64046339555646
(i),EW,10,618,6180,0.0052946469594744375,2.074715612787734,0.0009054838122788776,4.177678141596282,,,,
(ii),EW,10,618,6180,0.007410089146959143,2.4891391992482004,,,0.0005195170093253942,3.6284539339937507,,
(iii),EW,10,618,6180,0.01551826530712047,6.366061320292598,,,,,-0.000967865006667272,-6.124097612814536
(iv),EW,20,618,12360,-0.0020656922897195483,-0.6595860184122,0.001249862057269702,5.305461280582708,0.0009406208563260729,5.987520512246866,,
(v),EW,20,618,12360,0.011474543093166577,4.067515448616692,0.000545411774551871,1.6156878465905833,,,-0.000775041390367896,-2.6947277882754133
(vi),EW,20,618,12360,0.016892811562859423,5.0679434839977935,,,-7.69922467298473e-05,-0.4021944562240139,-0.0011418584610465802,-5.083334605081477
(vii),EW,30,618,18540,0.0066293295057339675,0.9541492230262246,0.0007905313540379125,1.5597798690964444,0.000445435442941859,1.2263385701536198,-0.0006098090545033736,-1.2300256369599314
