month,r2,r3,r4,r5
1952-06,,,,
1952-07,,,,
1952-08,,,,
1952-09,,,,
1952-10,,,,
1952-11,,,,
1952-12,,,,
1953-01,,,,
1953-02,,,,
1953-03,,,,
1953-04,,,,
1953-05,,,,
1953-06,0.013909513830682115,0.010403582235566741,0.007382938123001462,0.0034125592337061472
1953-07,0.017483701761280408,0.015884454470664375,0.011589675104861294,0.010154810711820658
1953-08,0.017120314217676496,0.01871013042502192,0.012750773138480553,0.011471405126007486
1953-09,0.02129313242271082,0.021945200427154594,0.014944230206637182,0.025208199564832362
1953-10,0.024279523437909085,0.0275113644360701,0.02579687893341899,0.026325636157615795
1953-11,0.027281144850749065,0.028234892102624663,0.026985453344007815,0.02718211816613926
1953-12,0.02771933980305681,0.02994443231478104,0.02520486572332474,0.03196103733936355
1954-01,0.030961912135428378,0.034673140372500424,0.034700629007761684,0.04491699197211459
1954-02,0.03244174750813067,0.03891162380553051,0.04193785770878025,0.0513193218346879
1954-03,0.03327489546285792,0.045653381592502054,0.0507976549680423,0.059278543609907405
1954-04,0.04072184964082829,0.042537208202548984,0.0545253352428416,0.07143007198004274
1954-05,0.04395571255554081,0.04964900225789301,0.06104502139310188,0.07717648665827345
1954-06,0.04098310865613403,0.05023916986142385,0.05708902633685607,0.07228541167178179
1954-07,0.03988260982106007,0.04927446776801607,0.05598658962778395,0.07038201095004658
1954-08,0.036489479064095304,0.04966525421993676,0.057700169123686106,0.07384742067513035
1954-09,0.032508774641824584,0.045662266769744435,0.042769139101714586,0.05509440725763329
1954-10,0.025852091268525064,0.03151610431565186,0.03353773359041008,0.04068520066032373
1954-11,0.026282573278707873,0.0300388346661244,0.03310853911186832,0.045278992672814475
1954-12,0.024345158079915094,0.028840236426032704,0.0262971450756746,0.03062779669102056
1955-01,0.01575376034574591,0.014673129693239743,0.011351738038109065,0.021523664482770308
1955-02,0.009297422811813623,0.006916672394099273,0.0030082992088215355,0.0008749572454228305
1955-03,0.008627009649906989,0.00226413828654716,-0.0014516388082917997,-0.0002211641922821167
1955-04,0.0064237023330939134,-0.00048028932670535207,-0.0063933332005289695,-0.011641761232314016
1955-05,0.003884478083123505,0.0020079137030911617,0.0033906719097565735,-0.003608939333468175
1955-06,-5.62885115340285e-05,-0.00352627436124911,-0.006514579684847005,-0.009106352640887383
1955-07,-0.0015260860525323702,-0.006060011227797681,-0.010825744556450384,-0.012946346901743788
1955-08,-0.0027872935156137424,-0.010509772268166087,-0.014591626777068253,-0.014176351829573663
1955-09,0.0011631008550893468,-0.0018104044188978832,-0.008954079185039751,-0.008632373845302577
1955-10,0.005424830652109407,0.0017540135323957928,-0.0017434309256222913,-0.007475415804361951
1955-11,0.0012359070585837503,-0.0009397478803653894,-0.007074193411856694,-0.0061120731212614965
1955-12,0.003253723195141972,-0.0008626194480790203,-0.004215010448450629,-0.0035722153693833053
1956-01,0.011610248486478986,0.007035396645901713,0.007085236457050961,0.003734950858568703
1956-02,0.012835711351328896,0.013206686326211192,0.014365146122115216,0.012565680964443382
1956-03,0.01532247213550705,0.01140483753202709,0.010170551418471091,0.00813594541173275
1956-04,0.012667103486611993,0.005652139789841686,-0.00036348429371516056,0.0004407316832140684
1956-05,0.012655190652655395,0.011888219684434716,0.007396563906183956,0.00485845373497
1956-06,0.017679257595993404,0.0162951728619172,0.014400347924747495,0.012602485833766316
1956-07,0.018943770083445496,0.01325341646542312,0.01335639751131322,0.011131823547745792
1956-08,0.019388533195879236,0.015559899958797765,0.00876931099730685,0.003166317204174096
1956-09,0.015814179779877896,0.010200264091385358,0.00371802063155148,-0.004250682329174832
1956-10,0.015254515130686448,0.009036218445964778,0.003456742570111887,-0.0067351661206487
1956-11,0.014992567981034557,0.012754959928995432,-0.0028834690947036473,-0.0026244993040200337
1956-12,0.017968248187958065,0.012740637393609824,-0.0004629762084179534,-0.0005901259675654691
1957-01,0.019496999827505388,0.011501036376601381,0.0067027618941369466,0.0026242361370557576
1957-02,0.01654772378627324,0.011561210489164545,0.004084322283756409,0.00013339686462968126
1957-03,0.020188223569729907,0.016627650499525887,0.010811088261131002,0.013031946847494535
1957-04,0.027872294883219705,0.026652671847790493,0.012798207347248625,0.011976760808265818
1957-05,0.022736981783876613,0.017438939344011722,0.00708267235472014,0.0005500598208604546
1957-06,0.02041561844078385,0.013227075441426026,0.0021127294244813882,-0.010782895360922223
1957-07,0.023040587566119666,0.014391810666494309,0.008999016681706926,0.00013704834142941325
1957-08,0.024583572072717372,0.023539756081292093,0.021685734739467666,0.018133443511743452
1957-09,0.02388071128306289,0.02193762778406301,0.021078953274656212,0.01805830794067062
1957-10,0.025788491539703452,0.017543762941670704,0.014224479272325577,0.010002794404223858
1957-11,0.03484870785824764,0.04539672424289922,0.04581612539394693,0.04797198718844878
1957-12,0.043748153891023614,0.054065838378867095,0.05886272561455133,0.06821155441121893
1958-01,0.04457875157205187,0.0509026833792444,0.05483982164347065,0.05441666988260564
1958-02,0.04909537956449707,0.061402779896498644,0.06822429273059355,0.06768587010479375
1958-03,0.048628789835940316,0.05825256000088367,0.06849938492687163,0.07277916377357596
1958-04,0.05102579124194968,0.06953397520513967,0.07899942038484745,0.08689231873054494
1958-05,0.05556312305694552,0.07679840610917146,0.08548294926573506,0.10158203352714312
1958-06,0.05811004149373039,0.07631996138260597,0.08571742638568841,0.09514189896812321
1958-07,0.05586922382732262,0.07455235498747909,0.08150595468836827,0.0888896914090205
1958-08,0.0444813252768604,0.04574601556612942,0.05061691662752582,0.04048568964312632
1958-09,0.046766200476451275,0.04748306039847339,0.05155355487656141,0.05577572448867654
1958-10,0.048032224066550916,0.05351356390009132,0.05238026671382112,0.0470592842776901
1958-11,0.02801095754997656,0.0282198542895927,0.025086273876996953,0.027500778709601242
1958-12,0.021169350990858,0.018355343754969042,0.004707595072635684,-0.007140491023586382
1959-01,0.013646994447421491,0.005955516974772299,-0.004365438894835996,-0.015330888170151769
1959-02,0.0038939293451566506,-0.0025790065048843236,-0.008358463338377614,-0.019515461056329925
1959-03,0.0035636912592716605,-0.007925407454424771,-0.018259242297174322,-0.02572687871665627
1959-04,-0.004320387128028867,-0.017635414629522547,-0.028745150424361585,-0.039256555615882635
1959-05,-0.008339095364778507,-0.020362569476462145,-0.04075635273771311,-0.04671657810009566
1959-06,-0.006966463263617682,-0.018713201308542857,-0.027245921749363092,-0.04634628596810797
1959-07,-0.005119904392578138,-0.008056405882596998,-0.014601853974272716,-0.033567252836506106
1959-08,0.021774759438440573,0.01289845743495413,0.010259784315868659,-0.00433128179935896
1959-09,0.019999078122696586,0.009514189874590448,0.0054731208823254884,-0.003723878187470775
1959-10,0.023282757555196675,0.02516348983950896,0.009892134589786383,0.0014306063031638838
1959-11,0.015889462076003294,0.01166098580250717,0.002004563843005236,-0.02198767593434084
1959-12,0.013997597484831023,0.01094958806363483,0.0004297818927620489,-0.00588392900013604
1960-01,0.021121837309390254,0.022087278638036917,0.017401471832577092,0.010339876881367255
1960-02,0.022411987863315455,0.020650237534255864,0.011805346599986,0.003672114240451274
1960-03,0.03712035203374121,0.03873528649334175,0.0382675646225428,0.03547324032390897
1960-04,0.035975020025409365,0.036304004692178524,0.036514305850106996,0.02898908303259279
1960-05,0.038318025715204276,0.03946308454385038,0.042066509002287325,0.038984150780303595
1960-06,0.05274018111509564,0.05296139653184398,0.0622845101846725,0.06189562800200632
1960-07,0.05248491682855775,0.06285698558031966,0.0808765745407093,0.08543222767840744
1960-08,0.058788991592494205,0.0745518717749703,0.08570275160873222,0.09102835352487382
1960-09,0.06484435183351266,0.08540425379578812,0.0873281444380293,0.08753855357699541
1960-10,0.05477415814077326,0.07160229360878709,0.07659419199162983,0.06487153098558265
1960-11,0.06342756801335324,0.07725021114831003,0.0860612650126735,0.07347585121325945
1960-12,0.07005537729753142,0.09116573695164579,0.09871806397829766,0.10323074970148982
1961-01,0.06322021393909197,0.07585115829750333,0.08301201381951631,0.08622942674004505
1961-02,0.05702822013082568,0.07545667760983915,0.08295127957158013,0.08807177949963815
1961-03,0.045241871207277115,0.055382615150601826,0.0634671799164415,0.06925761335088304
1961-04,0.05106052333342501,0.06310584736151523,0.07637155237089013,0.08373163163405484
1961-05,0.052846494288249696,0.05852188275656922,0.06730484520517867,0.08737503667602248
1961-06,0.04311379908750044,0.046406076444078084,0.05138351751745844,0.05254004146161878
1961-07,0.03252340283567534,0.029697989278821245,0.03043125686298659,0.025608948772401163
1961-08,0.028401909607486217,0.03264978587252164,0.03157076644812898,0.02323713310361636
1961-09,0.024133030454288225,0.0373911751977234,0.03490684734424174,0.028671773568749642
1961-10,0.031391512580919365,0.038288363259023975,0.03959026254552153,0.03681358965550724
1961-11,0.03352327503435816,0.03855021298868189,0.04416946000238425,0.04204408351746633
1961-12,0.02423113176888449,0.02530493634707985,0.022544045543735416,0.02243537389763245
1962-01,0.02932051858846607,0.030552524838902376,0.029334237785960823,0.026271032714557246
1962-02,0.030237664014943787,0.033815817221844735,0.03379171675438822,0.030324756908398642
1962-03,0.028912197922429373,0.031034209585324456,0.030885341304885197,0.03118441297268465
1962-04,0.030520125579837395,0.030371161925173598,0.02354876799837477,0.02402763011275294
1962-05,0.03419355499163342,0.038552632562350905,0.029852568279177538,0.035441271735153185
1962-06,0.0338537799219749,0.0371447192022524,0.03989070352340374,0.03631057515948072
1962-07,0.02957077028155649,0.03935736456735291,0.03812433508629233,0.035447328610958145
1962-08,0.03413367331447878,0.044609907125593214,0.05058232056811754,0.04347919818928131
1962-09,0.03185643616340948,0.04601419754878738,0.044982199826687094,0.03995088227172797
1962-10,0.03353552230481857,0.0424248408437131,0.04016652983947644,0.0469117873514279
1962-11,0.03623812643748712,0.04367683161796242,0.039129755164895086,0.05071997889488819
1962-12,0.03722463110273924,0.046066223230251946,0.04663790817838548,0.05473827677426901
1963-01,0.038901319926523445,0.05159063627621575,0.051853774391170976,0.057649358746109214
1963-02,0.03471588101029119,0.041171865493675845,0.040802013902137696,0.044578738891707353
1963-03,0.032109848080701706,0.03564758559944226,0.037006241549240704,0.03391829104769606
1963-04,0.03393730678099839,0.03479760080981996,0.03671820068212435,0.03410754949405434
1963-05,0.031329501653023076,0.03345392192019543,0.03374474228437073,0.030978045774273932
1963-06,0.03565530660713924,0.03812434507700817,0.037641215961487035,0.03350165783769146
1963-07,0.03327503417390771,0.033410705979442026,0.03528359455098437,0.03342780601171763
1963-08,0.026099937834716674,0.027021829376455975,0.028135905351494572,0.023091213470476102
1963-09,0.024276916598218325,0.026009640671610476,0.02765583966365942,0.028627854613429454
1963-10,0.024855761507528357,0.023904190688945295,0.02349059995871572,0.02342632918561416
1963-11,0.02573549462169554,0.024852208888950733,0.023338652566872176,0.02063842319853279
1963-12,0.02550474101004163,0.02305657454191154,0.018596294531183805,0.014411296690238828
1964-01,0.023153235599779214,0.02385221463532032,0.020374470147974458,0.022263829966124832
1964-02,0.02250101774017569,0.022233909555801484,0.01895206451245833,0.022003054941887867
1964-03,0.024034377001519024,0.021116563921381698,0.020699141746407274,0.01783269718981023
1964-04,0.0273643913179294,0.025805673256607403,0.02396246194008092,0.02064265901629858
1964-05,0.026952532216286636,0.02778450697256618,0.02814360141982547,0.025724170300356786
1964-06,0.027420685613749197,0.030045640332030485,0.031258727252232596,0.029242614929222893
1964-07,0.03420585271408275,0.03595441681068945,0.03546935804012938,0.032627621533033
1964-08,0.03427519818680003,0.034889559052312225,0.035907909903144436,0.033703052558992364
1964-09,0.03374711302504956,0.03401554377665483,0.03540618807139223,0.03551042653259856
1964-10,0.035556342455484044,0.03459489229525922,0.03726056293285171,0.038220827964345006
1964-11,0.03335992284636548,0.03250343693871688,0.032668061432536144,0.03350382482391476
1964-12,0.036961244548404264,0.03834197717974745,0.04023091882664953,0.039447020039647646
1965-01,0.03642018527335313,0.03884311346778503,0.038740056835294454,0.039438354807241005
1965-02,0.03689783920050805,0.039280182154738344,0.03971614956313259,0.040241167726653454
1965-03,0.039342604623150444,0.042316318805684705,0.04409184880819625,0.04258393519696088
1965-04,0.03786366994064572,0.040109761650517814,0.0412454313661996,0.04219618207656428
1965-05,0.036902096767134664,0.0376028729781621,0.03900309919865955,0.03757224396352346
1965-06,0.03518334522170505,0.037460981586765876,0.0380334945099953,0.03746095465708851
1965-07,0.032576330325872815,0.035427531604312085,0.03668769516710085,0.035184462804281086
1965-08,0.03244371112411658,0.03473129753262927,0.03468907608642255,0.033939037898732594
1965-09,0.03199194411334583,0.03273714798225488,0.031438546692375696,0.02849917673212879
1965-10,0.03318045426638992,0.033548927473703305,0.031042192484688563,0.02632252035168925
1965-11,0.035567432753136535,0.0363540787836141,0.030878715391074812,0.025982030452646854
1965-12,0.029458064620924408,0.023027436866385087,0.013640271999031256,0.009244996836036884
1966-01,0.0290219057893656,0.021727082754023186,0.012347116712881467,0.008326458751089671
1966-02,0.030501268532937623,0.021890207307393203,0.012181114728055054,0.006990734086843947
1966-03,0.03082303984003225,0.02601188472604196,0.01808450750090987,0.014212915221804512
1966-04,0.030220880097819654,0.02441313762897708,0.015294978614926014,0.012638108677416993
1966-05,0.029375018375482585,0.021037794003898727,0.011600376366769888,0.006821573408591963
1966-06,0.02732562147585038,0.018715888052740062,0.00774120089895286,0.0011495091026862136
1966-07,0.027301598379574785,0.017856961907073296,0.008852622118896925,-0.0018036363926134946
1966-08,0.022487555032148977,0.008322217183281175,-0.004947432179791572,-0.022019852682897856
1966-09,0.024897761920595445,0.02024033829649309,0.009756608306531744,0.0007675400228431273
1966-10,0.027908848168830692,0.022797090419638483,0.016995386875082508,0.008329802220258642
1966-11,0.031073524744271948,0.024811732299997932,0.017559403359413694,0.008192348062031979
1966-12,0.045006934098266824,0.04964985821312329,0.04766673978553754,0.04803737361686469
1967-01,0.04913439219799217,0.05563890518322581,0.05760820451214174,0.05476095813131762
1967-02,0.050132095006055484,0.054187663678421844,0.056315792125161884,0.05725806606720113
1967-03,0.051780929899337885,0.05806575772705573,0.06231711834078674,0.06134725222118498
1967-04,0.05487655714451076,0.05740326588351562,0.05695152338672496,0.05392803110839556
1967-05,0.05881033729004092,0.061324880941465695,0.06255186034428314,0.0587283355303341
1967-06,0.04970175209215046,0.053736624067579467,0.05163519929055746,0.042499478557103204
1967-07,0.051497357848998386,0.057252706211150084,0.05872640855160191,0.05825707360997415
1967-08,0.06227177737426347,0.06776927178407492,0.07309559913410413,0.06847822528055952
1967-09,0.052824537035578156,0.05621582395913623,0.05289449885926989,0.04476730893152883
1967-10,0.04927380426896636,0.04484365270928592,0.04166346663094625,0.03439780157220951
1967-11,0.04773093174785848,0.04754433213514532,0.0436050569249313,0.036949513765468484
1967-12,0.035834814632329626,0.03193302915922529,0.018407991526182887,0.007542689472695818
1968-01,0.034647831583520375,0.03039397927802591,0.023040098196103892,0.010813836279286754
1968-02,0.0367876245009322,0.03404931192500331,0.021563212476065935,0.014551287735575014
1968-03,0.02556683677390177,0.017276828262602517,0.0037004829599376066,-0.008694749528241119
1968-04,0.027486693064498385,0.022771105739929173,0.009657675307355978,-0.0017166475999290387
1968-05,0.025805149857708265,0.020043857416536318,0.010898793119934608,0.0027715339935689975
1968-06,0.038748415141772095,0.04019645251717878,0.039701745996901544,0.0403488904129744
1968-07,0.04255650807104116,0.04132074289040413,0.04496962341900529,0.04513698177523057
1968-08,0.04816593735481709,0.052348246220433325,0.05233249202869328,0.0534480033421397
1968-09,0.04885494471790577,0.050421483623776256,0.054236084618104946,0.0539077601042334
1968-10,0.05347708788769786,0.05478509997225585,0.0607955576668702,0.06724513169995983
1968-11,0.05182833109600803,0.05505761437939556,0.0592383595202817,0.06353056266561816
1968-12,0.048040733700324134,0.0444673213844468,0.04495586787163758,0.029128759398405007
1969-01,0.04435894831991452,0.03871501063520523,0.0372319291234087,0.03628886153105154
1969-02,0.04017085666615104,0.040721259877685406,0.029446577943459923,0.02278347815231105
1969-03,0.04428581773393006,0.04941435634983431,0.04329571594501161,0.03216925605970841
1969-04,0.049392100510919065,0.05277688288515309,0.05022085575756349,0.04526715694002173
1969-05,0.0496835082337754,0.04349221356635197,0.03675337779338808,0.027117739100792404
1969-06,0.036647960285694156,0.02658017660993628,0.012034619759001886,-0.0012677208807782003
1969-07,0.0328611462810772,0.009161513078422029,-0.006358615455054062,-0.016566165897407448
1969-08,0.026473259894162285,0.00908077567024318,-0.008805729230157183,-0.019266291597328344
1969-09,0.028829056964680327,0.0015029492756618301,-0.02420916831210765,-0.04875037994268405
1969-10,0.0355992514923254,0.01480852203780933,-0.005002454405267975,-0.020250700029934787
1969-11,0.03232770719976606,0.013189893883557013,-0.008257429288571844,-0.020944813888526703
1969-12,0.0448996911381731,0.02037857715820615,0.00757041024201463,-0.008035377478239847
1970-01,0.04219277557187162,0.02084891435155231,-0.006250928833339275,-0.0168090464121457
1970-02,0.05520832288234709,0.04926059722236756,0.035774119920176456,0.028368090287130387
1970-03,0.05248772015382705,0.04544425828751167,0.03843289724015905,0.028699832335408126
1970-04,0.045708131871868035,0.03178980433383019,0.00777409642417462,9.099880579499509e-05
1970-05,0.053580157019722865,0.040073641951675676,0.02731265874852523,0.020591422164331907
1970-06,0.06611404327287645,0.059913035336359305,0.04421076126326273,0.03732691514801506
1970-07,0.07426891638111809,0.06742970989571545,0.05300643129288726,0.03927248956195928
1970-08,0.07488820459654419,0.07271364214779755,0.06298762582965214,0.05208113998939501
1970-09,0.08664193955473,0.09755584172284132,0.10348129749939511,0.10872458319279216
1970-10,0.07819746826897764,0.08236304300651845,0.08458281769784248,0.07889271980212348
1970-11,0.09416470637288835,0.11386486393466075,0.12368362690522519,0.13141556037663557
1970-12,0.10833081208124784,0.13006815849769895,0.14673303764489973,0.1574578365304564
1971-01,0.11144927087214976,0.14175459092507048,0.15783016637341346,0.16969053048983826
1971-02,0.09864691180960472,0.11986471147726624,0.134867317236592,0.14389500947819817
1971-03,0.09670024756352646,0.1177735809396496,0.14315807735828634,0.1524303547975187
1971-04,0.10155675790433501,0.12173099849883898,0.13436567830311816,0.1472480455212027
1971-05,0.10132555682843139,0.1143794583030923,0.12521639740690094,0.13936713490123406
1971-06,0.08489698121575068,0.0973023930300172,0.10011065684252063,0.10735936486861691
1971-07,0.07940419145720211,0.08935208463080602,0.0932045324897911,0.0914266558559359
1971-08,0.08413788362298391,0.1021895895275752,0.11751992878531803,0.12452521933693186
1971-09,0.07556971666923862,0.09296724705828162,0.10483065404254618,0.1161723685698747
1971-10,0.08122521686823103,0.09776941041589583,0.1126834736361409,0.12090354051868643
1971-11,0.05717696807045435,0.0657222751818871,0.07190193297306294,0.07271581661579721
1971-12,0.06422195909606618,0.07388477951348772,0.07730237403346993,0.08467061676958426
1972-01,0.050353529217396886,0.059262116140018875,0.062206954602574416,0.061604210688948474
1972-02,0.04182333391908599,0.0485416284018646,0.04764628239583532,0.0465148982476202
1972-03,0.03304544515676421,0.024792319072811653,0.019629260121624664,0.014603383752976512
1972-04,0.057547402151460404,0.06678475305873052,0.06403645626064164,0.07050423495624636
1972-05,0.060143586008541056,0.07389603389603358,0.06979208245229995,0.08464877049839761
1972-06,0.07033756488700414,0.08795608559366855,0.08974880027185309,0.10054438440877189
1972-07,0.07411351787778558,0.09309290326594215,0.09876474291060852,0.10538215684485136
1972-08,0.05265559053329198,0.056959595070108074,0.053795620373531555,0.0549569615895088
1972-09,0.050173353962192455,0.05228950610269517,0.05146962759225421,0.056222932566801165
1972-10,0.042879998545951814,0.04033595515397616,0.038499071868292406,0.038916452480039304
1972-11,0.04614119507842503,0.04464648363146445,0.044637157261495586,0.04465949413033676
1972-12,0.04048186712221001,0.03358996613961038,0.02828202911751354,0.028833430558199175
1973-01,0.03417196426468793,0.035269675456446756,0.030630698575653065,0.030850095493722696
1973-02,0.031035178164590935,0.02701578082248346,0.02060313707678496,0.019328703093990263
1973-03,0.04052807381880494,0.03689391536001005,0.03376840044978477,0.03428415999187939
1973-04,0.03478380507595086,0.03289716376201518,0.026863856219660975,0.027857476093920863
1973-05,0.029370441803761776,0.0268941128762622,0.02410249458512484,0.024219260044473556
1973-06,0.03295593547856726,0.03160707015659553,0.027852430920293825,0.02706247000617673
1973-07,0.019488823215725787,0.012061356314364058,0.0025885478517058413,-0.01558331678260505
1973-08,0.029202612091793256,0.024077248844300486,0.027497090206148378,0.019671711205221154
1973-09,0.03870306462071803,0.038230928160127714,0.0414437254106097,0.03871112291462753
1973-10,0.0430917530538617,0.042806851885227704,0.0433432699763075,0.03725533435410483
1973-11,0.038126904340994194,0.039739012076133506,0.04156732373378966,0.03602131757059912
1973-12,0.04614003111007278,0.04501321069824346,0.04272088526526238,0.04141573364991563
1974-01,0.0538827229146992,0.05350444159872503,0.052260086280109225,0.044211728669230344
1974-02,0.058423001034146466,0.05935033205535026,0.06177299997770716,0.056142480276472895
1974-03,0.05352986088198661,0.04639567141155576,0.037826151519965434,0.032572604649225345
1974-04,0.045260383989013483,0.03595851140816331,0.021304803249870552,0.009969704678645552
1974-05,0.050368029679633095,0.03881686948529159,0.024353966674511285,0.01514901266412444
1974-06,0.05206655416245165,0.04066427331230116,0.02504257661303977,0.00931222348990085
1974-07,0.07016382457916567,0.06441425416966645,0.06180848325300031,0.04786423454063071
1974-08,0.05518581102869513,0.04380540195330854,0.03298992362324704,0.020936992406633492
1974-09,0.058590203736334,0.037273815540585176,0.02939603835980903,0.013694770125427969
1974-10,0.05646903824665615,0.044447111730234606,0.03520479526278225,0.02195385669411032
1974-11,0.05714561435220722,0.052977169202977875,0.04386665387714894,0.03729204821305371
1974-12,0.06300031626736997,0.05412334788608464,0.05076358135966613,0.04751872495054005
1975-01,0.07006753649432196,0.06619182664957773,0.06268847129371566,0.054582646366532095
1975-02,0.07487262028404185,0.07387296553637783,0.07402491436953884,0.07324319159924525
1975-03,0.08798825103425997,0.0896112818315006,0.08700993996551454,0.07931209760072966
1975-04,0.09213344869379111,0.0900391170199957,0.08531660818501552,0.07955160383114573
1975-05,0.09512133819133171,0.09803449013966323,0.09857783824994082,0.09106588812882371
1975-06,0.0940647541058586,0.09829216812616981,0.10330473598900808,0.1067258592214681
1975-07,0.0914678757582269,0.09444149437193042,0.09581476115918042,0.09560272617194904
1975-08,0.09558221144108481,0.09502877003971244,0.09491009933380279,0.09936383417257721
1975-09,0.08195608960820082,0.07166231500125092,0.0716925043329904,0.060085512640661976
1975-10,0.08873314956223655,0.08953819256745896,0.09308582387362258,0.09294403299084625
1975-11,0.07669201867936519,0.0738728885957852,0.07072393019510032,0.07271077791234248
1975-12,0.08045519127509584,0.07893506307421425,0.07439053954447589,0.06754119162250993
1976-01,0.07491775975059778,0.07601890464421464,0.07222087973422364,0.06881253745643473
1976-02,0.061984093311704784,0.059847919089425716,0.051819371283540056,0.05760650091761094
1976-03,0.07120577176793057,0.07407015676533277,0.07719470469905387,0.07536356634237912
1976-04,0.08433441793988673,0.0956902814230158,0.1029107429591603,0.10685941205856203
1976-05,0.06673727733261295,0.06622788882857703,0.0671504826447365,0.06720079199728751
1976-06,0.07496226743930551,0.0786748870386286,0.07561011808026247,0.08222389940104335
1976-07,0.08689702111745272,0.09556774319617042,0.09755861609118005,0.10054692542354143
1976-08,0.09077291133015786,0.09922051909474913,0.1093151811552478,0.11364477287499658
1976-09,0.09835801557440393,0.11060122675339787,0.12634215206516958,0.12946947119051483
1976-10,0.08078142628481291,0.09034222564913591,0.10002296199909619,0.11258276603534723
1976-11,0.08981458626902991,0.10812122898813167,0.12013849525745762,0.143436376557856
1976-12,0.08152146622123191,0.09823791815104885,0.10927197133536584,0.13039711793584025
1977-01,0.06812604032694328,0.08139117982831881,0.088330110723924,0.09610112902058782
1977-02,0.0759023919139673,0.08782486726903563,0.09125184044197487,0.09218091331196948
1977-03,0.07598290586596636,0.08612289927503307,0.09189114252351599,0.09346015627256055
1977-04,0.07425873907577848,0.08284834653331224,0.08746317405600607,0.09087991564529874
1977-05,0.08442606555223103,0.09594684729937256,0.10613200208157444,0.10939470067634266
1977-06,0.07916915515847497,0.08989266299373666,0.1042042150407701,0.10930423018885554
1977-07,0.06943373025656589,0.07673115513772932,0.08727302416999813,0.08822402239459454
1977-08,0.0650232436154644,0.06791836274248475,0.07777176935565144,0.08412337438136441
1977-09,0.05794210153626542,0.061193204882987656,0.06335838831394985,0.07218599750251009
1977-10,0.05005210240825063,0.045640690096618974,0.044440403543059226,0.046871642181627426
1977-11,0.03962238870384853,0.028574335756062524,0.02333130140879386,0.018592462274295563
1977-12,0.037159399717889646,0.028965252473695857,0.016846976061544672,0.012886402004873287
1978-01,0.049667710013699615,0.04697725001468461,0.04556738211233147,0.03613271203748514
1978-02,0.047410950432294305,0.04329064736367824,0.04301144026843903,0.0372636957088458
1978-03,0.045748259703789595,0.039123167016577365,0.03742833769886428,0.03293349406856033
1978-04,0.04561670114425698,0.036884240416393266,0.03548687513768292,0.028952931916320812
1978-05,0.043303299901531825,0.031446857878890955,0.027448952528843606,0.02034727167084044
1978-06,0.037248125333513404,0.020395929256515843,0.011182129172589983,0.0011624235572125774
1978-07,0.046111190427649495,0.030219072638144634,0.02463818235719975,0.01832232805081957
1978-08,0.04627918136180931,0.0335002939795041,0.02641204258014937,0.016590130162917716
1978-09,0.04754236457955356,0.035265757699182304,0.028695802439408752,0.020159040872628264
1978-10,0.044870735640901535,0.02974830783299859,0.01839180439316862,0.006410466437607565
1978-11,0.04202504441776164,0.02674627058646925,0.020015018947836416,0.0142567795327318
1978-12,0.040228832469284145,0.02371232052023617,0.014180467002927077,0.01109184971268129
1979-01,0.04808867866107279,0.035195049160433395,0.03421994729032496,0.03179148144712013
1979-02,0.04873458839404861,0.035148662417775645,0.03583314467756965,0.026348289294556015
1979-03,0.054127196721754936,0.04063547230731798,0.03901238747883956,0.031591941070928165
1979-04,0.053499272493345865,0.04035533560276369,0.03808206163767036,0.03230299680774529
1979-05,0.0608917216054959,0.05278358468856034,0.055202080740743786,0.05276574745678092
1979-06,0.07211400396826119,0.07373176437820789,0.07366111990208121,0.07316927078802954
1979-07,0.06906203728003621,0.06460682411715943,0.0628069599522475,0.062136444276007174
1979-08,0.06292142123957987,0.052952635783844626,0.04968590549168178,0.04718875523844879
1979-09,0.06121989447663738,0.05126046403905757,0.04564535076203624,0.045015957706755816
1979-10,0.05958988914737197,0.04004912285455958,0.025618197847041335,0.00716220303792553
1979-11,0.0716015118912538,0.047090977178675,0.043259531091250525,0.029679054485327483
1979-12,0.07810249004355367,0.06272554269531747,0.05198429842387148,0.046139203427530806
1980-01,0.06922503047005663,0.04109647556615012,0.026865093084090907,0.010773829503152477
1980-02,0.04902592170865422,0.0030053151907025177,-0.027554758734563145,-0.044794040433891236
1980-03,0.04155582739140776,-0.00210739584086167,-0.024407456307517283,-0.0363019095494313
1980-04,0.08520137270647812,0.06339988971873708,0.057246696115135165,0.051604862191873324
1980-05,0.09559875994775596,0.08536294381339316,0.07716343457143576,0.06135414875433215
1980-06,0.08666128450228998,0.07784181816801211,0.0664974267438766,0.05002977542372172
1980-07,0.08793037014127897,0.07183462712789623,0.05539496666609334,0.04033030852216035
1980-08,0.07789042756597114,0.05347931963317734,0.02697526219322477,0.0006118979712145811
1980-09,0.07531787417824976,0.05078372955632776,0.023962183298612105,-0.004004697935381052
1980-10,0.09836404394916505,0.08133471065961387,0.06197123906434848,0.04774038223197452
1980-11,0.07578024855590251,0.043425097520345624,0.017753257158934943,0.0032571102906666094
1980-12,0.08522393719278971,0.06247080073653333,0.04610122020340074,0.022127650152009737
1981-01,0.08877907253591444,0.07085613670909727,0.059655976953464473,0.04331142869195326
1981-02,0.12502007503124057,0.12580037843050532,0.1050800618687161,0.0847095036780302
1981-03,0.14304849408659123,0.1293653106644879,0.10636686775396387,0.09781036952391481
1981-04,0.06442733940442832,0.023904440821357065,-0.005165834564437977,-0.03577422954438314
1981-05,0.0334522402579763,0.0020692134669137996,-0.02492821741080925,-0.044277214599428016
1981-06,0.03742220844500735,-0.0023168844428179125,-0.03076426413274319,-0.0682247664382381
1981-07,0.03818536487073218,-0.0032217852407648295,-0.03214645554890594,-0.05519716259124868
1981-08,0.06428985456328806,0.028706707810499665,-0.010357118136446408,-0.021340529563759314
1981-09,0.07785434780492595,0.03879780064590993,0.005981205368879916,-0.04323305387491927
1981-10,0.1084344297678605,0.0874834290207871,0.062445356674935226,0.04352782737011596
1981-11,0.14179822507390777,0.14290111913146825,0.11773774997065661,0.12954929199494825
1981-12,0.11231350372971695,0.09120304837961521,0.07323648502870495,0.052723094574645635
1982-01,0.10906490974792987,0.09448420627538429,0.07451127212735259,0.06184735953620302
1982-02,0.11875315408309917,0.11535850675380332,0.10910545607982891,0.10248354766516732
1982-03,0.10970258814358996,0.0979828203804276,0.08953494909053555,0.08364675197722904
1982-04,0.1417295614869443,0.13412004361555535,0.14288130423903334,0.14472422170402655
1982-05,0.13878543235122903,0.13564064792429872,0.13062704125439517,0.12358313154250061
1982-06,0.13113783878686175,0.11815235616077335,0.11889827040580797,0.10310056239626908
1982-07,0.16613051485313485,0.16280973228895182,0.16857679771255268,0.1744513034804035
1982-08,0.1841410027091331,0.21393538775141413,0.2116522269204547,0.21907037250337708
1982-09,0.19264721497080672,0.22510423367450136,0.27006204561619607,0.27662525751266526
1982-10,0.17179639438226962,0.20502910165116778,0.23384759954905332,0.27583729489576564
1982-11,0.13096625861843514,0.16885663832825687,0.17180692530141806,0.17195937890960689
1982-12,0.16660974382362972,0.20194696859871972,0.2270984622876695,0.24363400009566216
1983-01,0.16864021501891602,0.20658073239375485,0.22989865999770365,0.25699600713874726
1983-02,0.17567751743070623,0.2068409709380437,0.23618250468814528,0.25142391720003204
1983-03,0.1716660226032932,0.20523037059365426,0.23487379995641283,0.2554439553501371
1983-04,0.1702120731171084,0.20115516919684084,0.22504439084806493,0.24567459876942566
1983-05,0.15576474605570972,0.1843483915722118,0.20524124294496432,0.22332335963907207
1983-06,0.17334816998524094,0.20720526715304302,0.2275421060619714,0.2598589578949331
1983-07,0.14372827300095747,0.16350938012101143,0.1695099138236536,0.18806879844462293
1983-08,0.12188384059809053,0.13807667547152858,0.15259314737723484,0.14839714674813292
1983-09,0.11583937163864155,0.12196497450319116,0.11844698982587343,0.1311106274763903
1983-10,0.0983784076561106,0.1039552719033327,0.08439980595376856,0.07287658533473318
1983-11,0.09302332407001226,0.09285770349435568,0.09910687893708903,0.07677753087708855
1983-12,0.08377878013177383,0.08120238046897008,0.08063187242117054,0.06523462442868078
1984-01,0.08782803074885023,0.08973496039019163,0.07914686522083048,0.08245262281375376
1984-02,0.08026016701523062,0.06899095192805496,0.06542282903632823,0.049398926283908184
1984-03,0.08350110349527735,0.07249090410502401,0.051669037072628876,0.045509833138251965
1984-04,0.07440885772287385,0.0546301033586023,0.037250622945998235,0.022592229799958174
1984-05,0.07444633427625433,0.04917616762007154,0.028211709377012506,0.008739788841930829
1984-06,0.07866788583889284,0.05015530761459355,0.026724302390554122,0.01415823840313224
1984-07,0.09375667846432388,0.08097371131481138,0.08306645795849321,0.07763756131941246
1984-08,0.09482124594657758,0.08701174764346406,0.08884280870245687,0.08779234943757142
1984-09,0.09078276627563041,0.0819648233586745,0.07156650692030969,0.07734153336116206
1984-10,0.1000934589558689,0.10116922917200272,0.10391360117420823,0.10670372695624519
1984-11,0.10722719490554881,0.10929468887157498,0.11826888363700111,0.11012611029484781
1984-12,0.1138652364629286,0.11941897668391066,0.1270009455566956,0.13316515810696206
1985-01,0.11205714846817101,0.11730971348566288,0.12618647355588986,0.12775912714528603
1985-02,0.11162448223213996,0.1151187152817297,0.12189031909615256,0.11718528466426847
1985-03,0.1225595036843964,0.13395562803071048,0.14567106982813904,0.14600145252570068
1985-04,0.13373291224452813,0.1475074064649071,0.16335642311378074,0.17236745980126278
1985-05,0.16042099701258192,0.1975556559781351,0.22861765976276616,0.25795097978192744
1985-06,0.16638022361177385,0.20483381411115711,0.23112334731862505,0.2584201284179215
1985-07,0.1523608642073997,0.17903552186032887,0.19611081510345302,0.2087542925830268
1985-08,0.15238598073469523,0.17721141677104435,0.20307111531063382,0.21589206507520742
1985-09,0.14466184181026354,0.17063833864019243,0.19376879099603977,0.20516588444424916
1985-10,0.13067315592366027,0.1517640359221192,0.1696814344447154,0.1781865071076265
1985-11,0.12073156785404648,0.14281100606219307,0.1699206975241963,0.17933072263293676
1985-12,0.11460898850364237,0.14526752402369525,0.16953697220561487,0.19664537008526456
1986-01,0.11176020973726278,0.13823595733162386,0.16425205954607308,0.1780285482583574
1986-02,0.12674748569286093,0.16173444618713279,0.20366672143168177,0.23198748598879132
1986-03,0.1283293368509997,0.17103131915939174,0.21631407061251967,0.24552215869822686
1986-04,0.12340311073657548,0.16188074094935442,0.20053306550064515,0.23080506988861843
1986-05,0.10154294734368793,0.12336483384422223,0.15002955704335924,0.15480994448578783
1986-06,0.10248397439784088,0.13412408860025513,0.161847032846346,0.17602325613081088
1986-07,0.10920931957411277,0.1461961741145363,0.1772145716355829,0.19587535050499483
1986-08,0.11620935016393594,0.14894081441376172,0.1873694835963428,0.2097912942692166
1986-09,0.11035122458019118,0.14053063978506902,0.17351687874911448,0.19155025528749248
1986-10,0.1088643223649936,0.1360924808595516,0.1662918135447709,0.19131897208926874
1986-11,0.1036476165629682,0.1282395830664369,0.1594280428977199,0.1826262295998921
1986-12,0.09233739460644291,0.11319190534953727,0.13487577835559986,0.15651716886337913
1987-01,0.0933629861487499,0.11659946490611518,0.1374772197549117,0.15664788848664385
1987-02,0.08743133497380845,0.10143074083668176,0.11598406815111043,0.12882309048135637
1987-03,0.07209767267236136,0.08030319059198865,0.0867373384289769,0.09067922488926594
1987-04,0.0636061245159765,0.06702663643499715,0.06165938005637811,0.0580145543890726
1987-05,0.07255072217435433,0.07419429763627758,0.08256045213133661,0.08112889930702366
1987-06,0.06507441164074387,0.06448298803461763,0.06664945197374034,0.060523885857783066
1987-07,0.05828324836408577,0.0598834001995312,0.05068721988070046,0.04919382455426252
1987-08,0.04570083815433709,0.0333407937537164,0.01868224551047576,0.0030127644941204124
1987-09,0.046762181179419576,0.033112837690606606,0.023190153475542707,0.006167194388368158
1987-10,0.05445092169558313,0.04243617518314263,0.030957939579904586,0.021038753985550607
1987-11,0.0521052461935228,0.039139858583891546,0.026671463093511483,0.008557055784360834
1987-12,0.05219648361949983,0.04184047987863654,0.029313765331207442,0.022091205892346588
1988-01,0.055235337564197254,0.0495672557039728,0.04448154052181047,0.033971996979903385
1988-02,0.057771505536264534,0.05214679097118205,0.04772643199802623,0.040127003011522056
1988-03,0.05878668842880959,0.05402503622157828,0.04675202899365205,0.04115861198265397
1988-04,0.07126195101095181,0.07207807433250762,0.07124860933587385,0.06475181164624255
1988-05,0.07274554521922147,0.07180543066676673,0.06981608488013788,0.06303066439049865
1988-06,0.06940352804083898,0.06925368868400025,0.06949989982415267,0.0705406661452942
1988-07,0.0682843695615397,0.06754882824277234,0.06580194257725908,0.06422269115656293
1988-08,0.07136174789122086,0.0711842764964439,0.07049466708178337,0.068853906301025
1988-09,0.08533586500430536,0.09320252637851564,0.10407745741683844,0.11230666884468238
1988-10,0.0710182515336371,0.07620289927516646,0.08605016063240045,0.08730101521845307
1988-11,0.06441888974398242,0.06415054692686314,0.06909447954730491,0.07114662571719238
1988-12,0.061995954444912016,0.05658287473447529,0.05398728183943169,0.05445777791862122
1989-01,0.05279081713339755,0.042757206112274876,0.0374106204177288,0.02947850506946359
1989-02,0.04597217522937895,0.03159382476223477,0.020645933572650654,0.009322371861815948
1989-03,0.04864571734099517,0.03656115548509237,0.028746572376428026,0.026305936551120068
1989-04,0.060264999149180196,0.05385842456471879,0.05342647459669586,0.05284577700206494
1989-05,0.07087963958705062,0.07334289572850514,0.07925740686597155,0.08509774925366748
1989-06,0.0733694254968854,0.07970672756668651,0.08617555767476665,0.09658193674928656
1989-07,0.08553201234912762,0.09941942159247269,0.11098384291421065,0.12511382779162156
1989-08,0.08569887594631723,0.08962506484582308,0.09948278697057589,0.10719590791514533
1989-09,0.07909939999595753,0.08175558770723879,0.08396874517269903,0.0902035591188109
1989-10,0.08072534931884763,0.08576629906778477,0.08994753972065953,0.09534104781495217
1989-11,0.09187726219494628,0.10248314814885065,0.11413943243528737,0.12235725981858642
1989-12,0.09646510353325448,0.10914482598666508,0.11935290003223711,0.1308904415185353
1990-01,0.09296532226143109,0.09906606895334646,0.10483767083950546,0.10722835671743575
1990-02,0.10063037716278783,0.10705287463114613,0.1159648515615671,0.11701181227334123
1990-03,0.10222915180857897,0.10847373697822538,0.1113067221268301,0.11633245771729489
1990-04,0.0918465955120852,0.09122948910857506,0.08932953718237135,0.08484931202276969
1990-05,0.08700993625197646,0.08819779480268625,0.08878304497368672,0.08511372947377338
1990-06,0.07570044140369746,0.0736722001249987,0.06780426359598779,0.06598543547424063
1990-07,0.06815705978229626,0.06657875077119618,0.059896273166750946,0.052671912527559706
1990-08,0.08486897721250357,0.08391733984112132,0.07997252287900164,0.0709430738204454
1990-09,0.08623321971290962,0.0877250410733279,0.08530008500848207,0.07784832228559868
1990-10,0.07599911502906163,0.07802003671044644,0.07398500963687332,0.06482361142031018
1990-11,0.07547343691221473,0.07853522636891011,0.07770891228238902,0.07118973373847132
1990-12,0.08211342672600867,0.08869605493820121,0.08847925492421449,0.08553325916489851
1991-01,0.09173071676833368,0.10172365865786828,0.1082677936066927,0.10922480942370172
1991-02,0.09542445824939741,0.10499415848908966,0.11358421128699003,0.11467721405231845
1991-03,0.10100885896126333,0.11126022814580327,0.11833012763227294,0.11864346731858794
1991-04,0.10773783688341115,0.1247440831325346,0.13632414467242843,0.13916105152037822
1991-05,0.09890863003674522,0.11003635599032408,0.12046374284632516,0.11967183939186354
1991-06,0.09351614375880751,0.10216558882078108,0.104745171821154,0.10134221102567076
1991-07,0.08928054808497551,0.09753770695888234,0.10000083387121403,0.0965664930464783
1991-08,0.09706573363884366,0.11181412195498414,0.12663377364702355,0.13163620643696333
1991-09,0.09895147443329011,0.11694608163183998,0.13352866998937266,0.14236605363233062
1991-10,0.09628531207868835,0.11629491554008912,0.1318579368375405,0.13960250693630372
1991-11,0.09533655835525776,0.11402392391638276,0.1298908394297495,0.13203387218291235
1991-12,0.09546577115169683,0.11913938845117557,0.13673964706628997,0.1437460985328074
1992-01,0.09134643668602954,0.10918484387484607,0.11920144310451714,0.1202904671518176
1992-02,0.09044357668652377,0.10532926847342626,0.11765619022780899,0.1175702924998634
1992-03,0.08958108911893234,0.10108083730623116,0.1088687708240309,0.11102120693788026
1992-04,0.08642014361273398,0.09957587776272883,0.10935040699952986,0.10766458053968136
1992-05,0.08908826528169228,0.10336038644474253,0.1182078844561869,0.1222861097394598
1992-06,0.09273304082903437,0.11749112822104722,0.1365733619862982,0.1455388195744505
1992-07,0.09433364405118883,0.12054637599825574,0.14337738211723078,0.1546395667974181
1992-08,0.08843296792012985,0.11265596214075092,0.13509433860996706,0.14406422437529015
1992-09,0.08454140742817284,0.10966755300343727,0.13104089501445237,0.13760782840770736
1992-10,0.07377966397832673,0.08961633702175359,0.10425695213157854,0.10432813551033204
1992-11,0.06585889776578295,0.07630262518249745,0.08784164071597447,0.08711630982913499
1992-12,0.05657475997460401,0.06338007127472332,0.07271200737480493,0.06641569975062489
1993-01,0.06445710749577435,0.08518330515685295,0.10231355838162048,0.10722268772914517
1993-02,0.06951127596885522,0.09287566558081611,0.11721330349427653,0.12893487900700593
1993-03,0.07530506448925281,0.10490425836142124,0.1293072148508611,0.14072213997755534
1993-04,0.07270736956901716,0.10250749092844622,0.12833773264445691,0.14546547026352186
1993-05,0.0652004744177592,0.0872589652001375,0.10787034203681325,0.12570833688662722
1993-06,0.05934860112758993,0.08118338776564081,0.10380659944357076,0.1203553949526251
1993-07,0.05113855270366272,0.06604302921982609,0.08358921589407539,0.09524393398313202
1993-08,0.047550911116102657,0.06376772681850874,0.08396398179552643,0.09789253181298904
1993-09,0.040916540285512684,0.05377172207444594,0.07084218473256776,0.08303788338549986
1993-10,0.05324037165286068,0.07111492175523125,0.09388257093200977,0.11246336431034618
1993-11,0.05693391929160405,0.07687023847444154,0.09883761226303553,0.11127219556857085
1993-12,0.05231478879900732,0.070056070785842,0.0899882123891041,0.10079515895672095
1994-01,0.047922511615565544,0.060135282558340955,0.0737807786094673,0.09025074067420522
1994-02,0.03698111290844442,0.0390902342864036,0.04598473790636812,0.050303225210336006
1994-03,0.03301872445608025,0.0310679188617648,0.02837852970970997,0.02339549316966602
1994-04,0.02555255593200899,0.0172530322364121,0.011035704865064472,0.0022900020886069405
1994-05,0.0302904738202089,0.02155525213261758,0.014060023594545196,0.00884679162242985
1994-06,0.02525568311882065,0.011006180713055841,-0.0002626157446752042,-0.014254266516933595
1994-07,0.02868873760941306,0.018180244371042556,0.0078006029232832175,0.0019445119489391316
1994-08,0.022007649314817246,0.006051451279508027,-0.009258372338835058,-0.020680432397148868
1994-09,0.01838111586028128,-0.0023942841815406957,-0.01931000158649629,-0.03879903389198516
1994-10,0.018545433090439545,-0.004050096547645321,-0.02375932735077743,-0.04470412625623543
1994-11,0.015591655761137219,-0.0071537476612338335,-0.025756156554730097,-0.04267892554648339
1994-12,0.013344663764590314,-0.013538605166241335,-0.028769485931453204,-0.042629584003855525
1995-01,0.014657314689882739,-0.007416858960337419,-0.026302216745448997,-0.04039512311100446
1995-02,0.029127324297268276,0.017987152308596877,0.010803605458894666,0.00503819332187494
1995-03,0.0391634795212831,0.03612305375947639,0.034369814290820894,0.03331655671802786
1995-04,0.05017276149685881,0.0527455819144764,0.056650946381094774,0.058413165223673846
1995-05,0.05971152902676735,0.07146138176015186,0.08269977171301945,0.0938971498154497
1995-06,0.06404650303395204,0.07482006207951918,0.09149282195107908,0.10507449811655004
1995-07,0.0604572603344996,0.06841182626671437,0.07770655754169481,0.08676829612322837
1995-08,0.06338819706942257,0.07320190510652479,0.08385909244281911,0.09449287473140233
1995-09,0.07087034762124858,0.0859223810282503,0.10217934694781824,0.1182056068184345
1995-10,0.07658419873780797,0.09583916921157974,0.11492967398297863,0.13420899833947492
1995-11,0.0882924110155946,0.1145402913324533,0.13689457920999687,0.15696344220285108
1995-12,0.0949584602558447,0.12261055082826465,0.1449753900043888,0.16322626277515145
1996-01,0.08985866648173527,0.11662021900730495,0.1382587776761399,0.1572200172956823
1996-02,0.07885458064257891,0.09314546488595239,0.10652211132453882,0.11721807993976904
1996-03,0.07633185759772082,0.08731160163627728,0.09695285768411491,0.10334438552655348
1996-04,0.0713249148720159,0.07691705436709648,0.08213538883266147,0.08362385421225838
1996-05,0.057108740693386915,0.05183585800169449,0.04629297528551188,0.038826197077253155
1996-06,0.05603947754878293,0.05252191416413618,0.04779100489433094,0.04051961754093142
1996-07,0.055475594837548214,0.055141812913325,0.05220858548889559,0.04546047108271681
1996-08,0.05522604273923062,0.050219699294639916,0.04425864587218917,0.03531988295351379
1996-09,0.05609787982416674,0.053326480098296145,0.04933388651238016,0.04117295734305995
1996-10,0.054660813280987375,0.0545922354340921,0.052962947431273666,0.04644679933743254
1996-11,0.05049419861150943,0.04946717166197481,0.04781528818440417,0.04339666807245471
1996-12,0.0459897789385271,0.03907562483975921,0.03212857782947892,0.022343746127218095
1997-01,0.041617235502244394,0.03344610149110501,0.025596321473912054,0.016671264661428264
1997-02,0.050058989974393384,0.04377855141736353,0.039688742847856145,0.032990178985697755
1997-03,0.053206348079135754,0.04783045454358317,0.04386996505217139,0.03626266233586084
1997-04,0.05890903973116366,0.05829041858895889,0.058991997393590234,0.05645503975416152
1997-05,0.06317242631408429,0.06636584403963978,0.07009620918607073,0.07013147989413995
1997-06,0.06210160597048553,0.06523599983381358,0.06738984065869313,0.06553565161244293
1997-07,0.06511288201549144,0.07382761460342632,0.08231636015602473,0.08928957399955417
1997-08,0.06546444143058028,0.07382992502005326,0.07974761162306654,0.0836203263911458
1997-09,0.062469214216455383,0.06966891327800112,0.07644958780973948,0.07948371659091577
1997-10,0.05852146108995088,0.06182394718133759,0.06751644454130534,0.07110457741539875
1997-11,0.05407020498082672,0.053665542716651166,0.05394548856378878,0.053783761125019675
1997-12,0.05979694290561667,0.06556513560713942,0.07179156221737748,0.07813150731291871
1998-01,0.0630086935289258,0.07231598996690101,0.08170015847770554,0.09093445492254384
1998-02,0.06468906235508295,0.07289078276132505,0.08227099216261327,0.09008511987485154
1998-03,0.07098559269280791,0.08251190754668597,0.09435320289294341,0.10509656290372596
1998-04,0.06817087778142258,0.07743531111889611,0.08762531500594897,0.09653656947228956
1998-05,0.06659699630341452,0.07577155299922701,0.08643225421800413,0.09412772366280558
1998-06,0.06429250736922612,0.07307700424714436,0.08340203946553426,0.09231494941132903
1998-07,0.05720217224861856,0.0614702876986989,0.06565165161217218,0.06943905545098225
1998-08,0.06496967466421621,0.08128722127569218,0.09386965806784384,0.10586608536511541
1998-09,0.06635216928317395,0.08559044311403373,0.10215905066299771,0.1183299661212075
1998-10,0.06526764216041855,0.08266466626279226,0.09383925709299484,0.10331622505692326
1998-11,0.06567340252515994,0.08051197834081696,0.09304738870411308,0.09812964910400371
1998-12,0.06506693877749242,0.07579684286523813,0.08488864768419005,0.0917903623090108
1999-01,0.05888771560906549,0.06590782774901167,0.07461787001928963,0.078762349728803
1999-02,0.05896674825901082,0.0610488696803861,0.0635033100606334,0.06201539385347915
1999-03,0.061465779050947626,0.06625451605722064,0.0694544719104451,0.06881363625171474
1999-04,0.06112716862860841,0.06440376857481184,0.06751031150815662,0.06739955617348478
1999-05,0.058029059163604464,0.05695212881232754,0.05540628897937494,0.048302259342237724
1999-06,0.054683543939243864,0.05380449467066312,0.05094101456781355,0.042843651243705816
1999-07,0.05396993558866207,0.05131811616336637,0.0482766251336125,0.039716107186203276
1999-08,0.04091186361110019,0.033668623077246884,0.02272624152414479,0.007012457487478974
1999-09,0.031376519966172176,0.019717020616299402,0.0037482492653967414,-0.01305559907253867
1999-10,0.027803468402624196,0.015348343409424398,0.0009984615226705518,-0.01363356497490828
1999-11,0.03146752722959045,0.017678925524854505,0.006993567238476217,-0.013414306299984025
1999-12,0.031119181469356938,0.015625861115514034,0.0010561446972998934,-0.01994493908614789
2000-01,0.028690618222879292,0.00822482084766385,-0.01078341866381663,-0.032448415368842354
2000-02,0.039936295016416844,0.02779423865678686,0.016921273458849223,0.002364528787157316
2000-03,0.035252347214997655,0.02451934691961137,0.016538287715973515,0.009079493854325354
2000-04,0.03523241559688559,0.023066335454499737,0.014564500716503503,0.005362947938156892
2000-05,0.043266356997712974,0.03332192911815102,0.028346465436314916,0.02158193402897768
2000-06,0.04420771112289508,0.04068128799983105,0.03881672688951748,0.03902027898761723
2000-07,0.0463977297901811,0.04518728238038583,0.04513702028486277,0.04791395501856055
2000-08,0.050336091554069796,0.05052351791449808,0.05484982350164641,0.05830610266762243
2000-09,0.047879640265071056,0.05045358786048042,0.05461765643121916,0.0593474536473155
2000-10,0.050988214803250526,0.056382267060876165,0.06297367310330021,0.06900346905312957
2000-11,0.05842440520679379,0.06632823418864658,0.0747537891277179,0.0844634857451716
2000-12,0.06638266657608713,0.08254496303929727,0.09542477932036206,0.1126490791515164
2001-01,0.0805012844261128,0.101254442505179,0.11565650981867173,0.1342693001727243
2001-02,0.08154467264902941,0.10315496977450371,0.11746953591957526,0.13609160082858804
2001-03,0.08312192559090058,0.10221903460820787,0.11361094211629766,0.12555979249442484
2001-04,0.08762666556829271,0.1047824139688843,0.11513817499825352,0.12411681444498679
2001-05,0.09049967143479876,0.10723149827632364,0.11714637840710662,0.12253201872871775
2001-06,0.08373700078006716,0.09745443315620053,0.10415395973785754,0.10656994816384135
2001-07,0.08634051452294442,0.10708166004778848,0.11558390583283645,0.12157859850130787
2001-08,0.08537940026242544,0.10439137377931257,0.11214565861513737,0.1187242518993894
2001-09,0.08957064122341929,0.11532576102112457,0.1251936629584554,0.13383790314548388
2001-10,0.0937684701360024,0.1229242530515123,0.13675840685091967,0.1450646465213901
2001-11,0.0877463107991203,0.10554634686241299,0.1098554603938538,0.1088449251619451
2001-12,0.0780937711266505,0.08846183863091639,0.08467987151872645,0.07769285508797602
2002-01,0.06674845681340233,0.07599532082749867,0.07580983338027804,0.07030922656289132
2002-02,0.06408291775630234,0.07397053620607849,0.07508297784234702,0.0696519960778795
2002-03,0.05551499321419166,0.05688608385122311,0.05049195437260956,0.04104926778738427
2002-04,0.06149317276533686,0.0727064933993969,0.07496156344968247,0.07261162877666569
2002-05,0.060157931420024055,0.07278668445953627,0.07999756708667319,0.08121326537556758
2002-06,0.06373957645403558,0.07988801349212521,0.09000000451879712,0.095514553549543
2002-07,0.05696336367927102,0.08005718226832798,0.09149550243291024,0.09861831964856141
2002-08,0.05364082976760881,0.07733699960903595,0.09374844045477776,0.10206359772446177
2002-09,0.041510235901184175,0.06760206915178275,0.08731970407923426,0.10400884176869894
2002-10,0.03353652713952967,0.054520595213832616,0.06908267341274296,0.08039888523094425
2002-11,0.041101893384340914,0.06320603528688438,0.07621310074184896,0.08154152869064366
2002-12,0.048339895708963646,0.0807970004364306,0.1052513381604845,0.11988146479677655
2003-01,0.0492379246872532,0.07856184206414109,0.10087720102358635,0.11520230275537145
2003-02,0.04760611947499246,0.076715112226736,0.1024169398638682,0.11943409518567197
2003-03,0.06095094976493376,0.0975091301308296,0.12606540416406548,0.14738443125499756
2003-04,0.051868717385828635,0.08422791267557299,0.10926062036570668,0.12623916585636552
2003-05,0.05110879427615651,0.08364051590476844,0.11323031843086556,0.1366875775103178
2003-06,0.04644042252682568,0.07618958556583952,0.10097061749944819,0.11949107906777834
2003-07,0.03176662548507412,0.04995045292508377,0.0602087176621318,0.06455179292620035
2003-08,0.029150436281881735,0.03654213944007413,0.04231395382878447,0.03977805498196356
2003-09,0.022841460581812807,0.03135656197787397,0.03579889550894837,0.03501163951655664
2003-10,0.02069493483281816,0.02699465611940556,0.028640594567811206,0.02868390312871867
2003-11,0.02610972948340594,0.036841115714598194,0.043056191297967256,0.04488262202937189
2003-12,0.019195653986204902,0.0239540461878203,0.026907723508001885,0.026331325402015646
2004-01,0.021363366877549285,0.0292850863753197,0.035827607002792375,0.03975227776388547
2004-02,0.018609593635299976,0.024830341916969735,0.03010052031329441,0.032318741860326974
2004-03,0.018100664792440435,0.027361233872179615,0.03710734359018037,0.0428769351390722
2004-04,0.013378461442945366,0.013281926605739167,0.012114651713747385,0.011598810413385952
2004-05,0.008395527672999822,-0.0017192892434593557,-0.01299616337720276,-0.022711412366130862
2004-06,0.005901142603704935,-0.002183490620918091,-0.00964006650477807,-0.014281127237448246
2004-07,0.014058681667497703,0.016662226008162452,0.021922185942039124,0.030204892341360867
2004-08,0.019658734243237434,0.028232024048790993,0.04088105014661239,0.05210411361987184
2004-09,0.007692701524957667,0.0075518799820469,0.011780314124385544,0.01767078461720631
2004-10,0.014292369676202892,0.021238835202480766,0.03038903509887257,0.04119002715519052
2004-11,0.014487667914652197,0.017491532437200696,0.022463892939163857,0.02917377796015222
2004-12,0.009295223061469335,0.010293727950975003,0.016615962110957422,0.02468949558525768
2005-01,0.007065663248438193,0.00574679922518867,0.009511100115338303,0.017023435774354556
2005-02,0.0005812880502460288,-0.006627499881532481,-0.008154725784912761,-0.005887356769637753
2005-03,-0.002317805729703245,-0.014195569760143321,-0.018827213507047663,-0.020103240303293246
2005-04,0.012491310057094009,0.01452221128501785,0.021363720858877416,0.030499024185398182
2005-05,0.016802865597430106,0.022446120337955205,0.03293133230946141,0.04568946232271717
2005-06,0.018440362039815035,0.02253658889030241,0.031184642924598466,0.043368975428763196
2005-07,0.01484836690252933,0.014242122234256,0.016803504946502387,0.022997463865107676
2005-08,0.010644410204009774,0.0065348630905408545,0.008844416211221881,0.01567530588834304
2005-09,0.01147384885439564,0.00408678749859219,0.00275688290697651,0.0037010879315433343
2005-10,0.007855718688808716,-0.0022786626481581113,-0.007632079726260926,-0.009876339532509631
2005-11,0.015818758573945643,0.01054106803032423,0.009665805209236933,0.011016049079813656
2005-12,0.01712784359919548,0.010464621537565527,0.008990396428579878,0.008976998994814828
2006-01,0.01962476412248209,0.013132298574219242,0.009393631852588041,0.0072360428514938735
2006-02,0.024512324301573102,0.020013473861687447,0.017467028489327213,0.017254904203233307
2006-03,0.02674087690502293,0.022415408221530944,0.019292466899633126,0.017095416913647327
2006-04,0.02365995573825723,0.015873996581789354,0.008117622192286122,0.0013324448303310144
2006-05,0.020574386300105454,0.00908622693232844,-0.0015021937990299106,-0.011209244516526162
2006-06,0.020048017757568037,0.007486903761211805,-0.004156179914973218,-0.015473115144697541
2006-07,0.028518233464874664,0.022831695188846313,0.01838243728077374,0.012516406736758912
2006-08,0.026214255171570514,0.019634939722381478,0.013399492749523317,0.0066439180909082796
2006-09,0.033309813741300306,0.03130876401905938,0.029694588064593547,0.02644078469717065
2006-10,0.037492856645309235,0.038080972765858465,0.039308272843134234,0.03899239278034519
2006-11,0.038404785138642504,0.03868374716592825,0.04078792337474357,0.04184109770883093
2006-12,0.03680468857377541,0.034363496803578406,0.03260410918127482,0.02930876507374444
2007-01,0.03877441062123828,0.03549834568056284,0.034695804922797,0.031106714848046585
2007-02,0.04306701577218525,0.045358952529352,0.04759751564720713,0.047416219573399504
2007-03,0.04577862032485885,0.050991745731808646,0.054919959824179965,0.0570000772649131
2007-04,0.0458441930404897,0.052162767799295476,0.058302004443559846,0.06280000727131718
2007-05,0.048413071376786826,0.05028364515737224,0.0531548186840306,0.05547730662678499
2007-06,0.05088913680379312,0.05419838525230933,0.05516583734017366,0.05605417964510109
2007-07,0.04932256706349843,0.05474262472776485,0.05781746319572606,0.06094807742733277
2007-08,0.04928533102445193,0.05554211688339651,0.05944885356583508,0.061730755436052887
2007-09,0.05064417646490757,0.05630175167091804,0.05882067936497276,0.059303420110914495
2007-10,0.05097296732616197,0.056639155106507244,0.06064266539293392,0.06127254118398337
2007-11,0.05809667247297601,0.07122218503066799,0.0820619606360438,0.0860469502714015
2007-12,0.0602320186559835,0.07667694186346952,0.09146562511148586,0.09686647278675659
2008-01,0.07407895924884653,0.0983115563218763,0.11952057652290504,0.13120187036811842
2008-02,0.07275725901309293,0.09978157116822257,0.11988860419184708,0.1306628685115252
2008-03,0.07370876696768629,0.09978598403881556,0.12310151600316244,0.1310277821196668
2008-04,0.0695619091904517,0.08602965705893623,0.10098279255258283,0.10579124141052709
2008-05,0.07229351798605982,0.08849334121449527,0.10020078907301026,0.10527965761158464
2008-06,0.07020865469831995,0.0892044288831003,0.10308961643066827,0.11187776823880566
2008-07,0.06491873643838389,0.08100670518072747,0.09256615811268579,0.10040020026278994
2008-08,0.05905040747490757,0.07492371429812705,0.08674860056943083,0.0929755415537945
2008-09,0.05903070455213018,0.0793047634006332,0.09383788465060097,0.1007372111724919
2008-10,0.06221790215595399,0.0890254585139719,0.10483692658575328,0.11789630060239843
2008-11,0.05030152470574592,0.06989246703521942,0.09081712815812597,0.11696127553165293
2008-12,0.05549100639418863,0.07860632267496323,0.09953820587830027,0.12775027136758588
2009-01,0.035500975094029746,0.04625771717087156,0.06078831225930026,0.07750451181915136
2009-02,0.024308342384550284,0.035559797487065545,0.04610623787710749,0.056473971842335546
2009-03,0.025366211546973126,0.036490527887262106,0.05304814335542393,0.06803160803431016
2009-04,0.039502875229207694,0.0549597169107663,0.07081316255984318,0.08090249293574045
2009-05,0.04689006085808994,0.06830761058819654,0.08692271882410463,0.09464931175975141
2009-06,0.04594302458157179,0.06361748735244868,0.07750225330047211,0.07782538353982901
2009-07,0.04452070563028019,0.060611617499531936,0.07310214140951371,0.0773220526390085
2009-08,0.04229784000769299,0.05823184615119903,0.0704173108269879,0.07433187869381487
2009-09,0.03451278049826197,0.048805742377724566,0.0631066544110446,0.0729968509405578
2009-10,0.02249647860947838,0.03629264809878379,0.04432344314176374,0.0646033548537039
2009-11,0.01695007977265146,0.024968474936581046,0.016592290564786352,0.033306494341705815
2009-12,0.005711330194716971,0.0072384863890979576,-0.008305486433141114,-0.008626299867551923
2010-01,0.015713544704953272,0.023808169776379944,0.01934335400469659,0.020822903690147374
2010-02,0.015491604546207276,0.025219712749249154,0.025793018981785057,0.02546199549443677
2010-03,0.010934879338071293,0.01469850135354167,0.006348226539140252,-0.0015754943564607743
2010-04,0.013880276276747846,0.02238458556967782,0.023690515332721693,0.02047763509347597
2010-05,0.014850513108573072,0.026590253865200746,0.0372724091623745,0.047185821527123084
2010-06,0.019348180560307314,0.03665190345991831,0.05775863684090274,0.07048121713134778
2010-07,0.01960438313054867,0.03652183586878635,0.058311561294190926,0.07751032029469834
2010-08,0.01697672458764589,0.03406078164224503,0.057452207933214344,0.07867996056268964
2010-09,0.016015986009425033,0.033989244955627315,0.055114259011888475,0.07771548814519996
2010-10,0.015043710330210649,0.03402467356448731,0.06004198307292889,0.0821205265532258
2010-11,0.009546865388140974,0.02346858819557654,0.040695052759586826,0.05705321312668679
2010-12,0.019056767557020474,0.03777548080621346,0.056673599934091705,0.072791713520374
2011-01,0.012600083077174131,0.028879921137025012,0.04388877906178815,0.05888121711883638
2011-02,0.013057794901664086,0.02694212057763419,0.03875834147873309,0.04929770699189756
2011-03,0.01699630474495063,0.03055053931466157,0.04540032921778591,0.05566372914417149
2011-04,0.016558164946978645,0.03230480039012578,0.049320154751322245,0.061358610685781
2011-05,0.013169501608168255,0.027465778354966896,0.04627797528231325,0.05599609027908919
2011-06,0.009506463960726748,0.019444580821726794,0.03286751739848525,0.03770911838588314
2011-07,0.008244410903628971,0.01701153762178456,0.031935979448782376,0.04325318697498749
2011-08,0.007855195734377455,0.01629166955630308,0.030459840430064403,0.04199296196129208
2011-09,0.006495891834059899,0.014130235502737185,0.025560996074536893,0.03722971426875577
2011-10,0.0046637892775699685,0.01029885596228054,0.021367173532940906,0.03194127708093973
2011-11,0.0070995747075666155,0.016099125527493388,0.030604375514979323,0.04652057298740784
2011-12,0.009817487791118363,0.025303190401008327,0.04960838537526588,0.07771098834096658
2012-01,0.009217433333610863,0.024522245349386036,0.04816979415191805,0.0781747426613891
2012-02,0.011391916521997409,0.02861960724239563,0.052731636939053,0.08173946286903423
2012-03,0.014481642132548378,0.03227480128038289,0.05590173195103393,0.08202738322575737
2012-04,0.010007966354709113,0.025293681583733556,0.04759573382118201,0.07455957529374847
2012-05,0.007207285319566458,0.01819718059357164,0.0376429825072328,0.06393213989252666
2012-06,0.006686079629730316,0.018324193824019046,0.03843087666958492,0.06424126378181738
2012-07,0.005230345877072547,0.01226081168418721,0.028255028655640176,0.05065133325999616
2012-08,0.0021305447206484336,0.005437194363252238,0.015793796943284366,0.03166837709271163
2012-09,0.003235744117549255,0.007995842090033053,0.01676959678267912,0.029562585819310865
2012-10,0.002817826354915786,0.006361572909157321,0.015215138945829482,0.027112550603021732
2012-11,0.0032045495458569127,0.007232209228650654,0.016451008801732253,0.029792841233866146
2012-12,0.002835343673750451,0.006687873694128269,0.012190389247993524,0.02125985748394622
2013-01,0.003022251043542646,0.0037675595254597627,0.006817228782318394,0.010126711881367895
2013-02,0.004512206870128071,0.008645151768897703,0.014873478212739138,0.021535976527039032
2013-03,0.005444055727483179,0.011251192567346881,0.020404309023454935,0.03052023201722107
2013-04,0.004351239201080017,0.007727991194529176,0.014819623352814648,0.022166747803037852
2013-05,0.004246657149386367,0.005106756017514848,0.00580926635605645,0.003015068074178562
2013-06,0.004636401381902763,0.005652074423056155,0.00282853417805173,-0.005952405168308222
2013-07,0.002842646971183571,0.0023375738387293055,-0.00123695188023221,-0.011137820345867182
2013-08,0.003150792277723327,0.0007200337948844362,-0.007436623852901749,-0.021442314754908137
2013-09,0.003511583297873638,0.003320177676012546,-0.0007526700859946146,-0.010561495399075173
2013-10,0.004527840711305688,0.0053089430833653944,0.0037645220578999307,-0.0033053763922768764
2013-11,0.0035854257997130585,0.004645286302404078,0.0012696682620025636,-0.008969454997877643
2013-12,0.0033638822700593034,0.00322606504156849,-0.002409065140555288,-0.01642973969553726
2014-01,0.004415946026669293,0.006036735883055985,0.0045745807364640165,-0.0012407357617579481
2014-02,0.00373694997944021,0.004284983761413265,0.0009195644275168564,-0.007435152286425599
2014-03,0.0036820481743893843,0.0025175746738089547,-0.004485543270950635,-0.01607286128721193
2014-04,0.0033668880253660324,0.0014509466676858509,-0.006930697493165945,-0.0191737431386207
2014-05,0.005166913668737711,0.008068234218942138,0.006408864842953749,0.0026723323616406336
2014-06,0.006100268423125347,0.011578671395357721,0.01598505911635273,0.017755943013857037
2014-07,0.004902544594144591,0.007979038532600654,0.009897634184074702,0.009867714517579514
2014-08,0.007059936752206368,0.014286459138468384,0.022189104413590642,0.026986666818068016
2014-09,0.005053676991854704,0.007640089096888842,0.009288890256578579,0.008704864366680796
2014-10,0.004774473992592386,0.00810364647448124,0.010866757905159011,0.011764000715722582
2014-11,0.004067275614075458,0.007857019520689965,0.013290183029685477,0.0182410616868404
2014-12,0.005225343437062982,0.01038996477523433,0.019450271908977988,0.028402528249713052
2015-01,0.005006911364870026,0.012302951131137439,0.022281770275841987,0.03420795654140091
2015-02,0.004045722174314505,0.008662732307854644,0.014725528432816826,0.022509560598306784
2015-03,0.005813473159319162,0.01561329649719403,0.027436991192068508,0.03899456711763145
2015-04,0.0059426774129316615,0.014414578506970505,0.02546262404653496,0.035126129291715324
2015-05,0.004761374415124211,0.0119687725249691,0.01989917746737073,0.02654883136972288
2015-06,0.0057102183512737865,0.013849285039603625,0.02164840853301891,0.02664230414623281
2015-07,0.006946823642156773,0.01761050211633467,0.030051210345974473,0.035472749692809745
2015-08,0.0058201385853344735,0.014027562798744089,0.02281461451466945,0.026545988334956236
2015-09,0.00785231822012748,0.02006417396403068,0.033165090576024014,0.0408587507939757
2015-10,0.005460893085565433,0.013944193024537949,0.02380117354193528,0.027113443939114586
2015-11,0.0024078680926409553,0.00799916562977063,0.013491298779702655,0.014852614024360208
2015-12,0.006569825382191849,0.011944615279751717,0.019005379846706277,0.018417738968364267
2016-01,0.0038495533561925506,0.007162858054093415,0.011018558450537279,0.00998604592465295
2016-02,0.0063300190012960614,0.015285926379514307,0.026067689253842168,0.029808903757190336
2016-03,0.0054596488525222855,0.012269573749603952,0.02136116006310692,0.025665058573323622
2016-04,0.006146121191376422,0.011943719089761873,0.020679486032959587,0.025207354476609378
2016-05,0.005300909609682971,0.010946943760238019,0.019849333516965783,0.024543274431428543
2016-06,0.00780345862099338,0.018920037054938624,0.03432597890017924,0.047088382346394494
2016-07,0.007418887559565336,0.016658113914188206,0.029875463142909193,0.03991775383223061
2016-08,0.008403268276983348,0.016327856025126174,0.027266937484387244,0.03347914256926212
2016-09,0.006028568855862125,0.011672860711374087,0.020641850135249197,0.025951697443508746
2016-10,0.008060285865410475,0.013725980600742989,0.02385945551468068,0.028619441032505577
2016-11,0.009952451694855076,0.014348805188568244,0.017557169579457008,0.014858130999259658
2016-12,0.012599707000171155,0.015767895134699176,0.02043444529662527,0.018305604485184993
2017-01,0.0076710847207332265,0.005413640770201018,0.0037693637392129595,-0.002528242075997597
2017-02,0.006657850548906989,0.0020813621592129516,-0.000546427512109697,-0.009021139408611975
2017-03,0.0045406651565552385,0.0009176540223995618,-0.002321529278248635,-0.009860039886313357
2017-04,0.0047735212595017475,0.0029794614111476325,0.0029742213026863057,-0.0016622097122183654
2017-05,0.0056537841022307606,0.005392474443648359,0.007041039211344163,0.004331229130273062
2017-06,-0.0007998025714001517,-0.0064395880406645754,-0.010831381492151015,-0.019129200930532483
2017-07,0.0006207268952679972,-0.004032117042994672,-0.007927698741514486,-0.016038417226306383
2017-08,0.003982780650613979,0.001803977538960659,0.002217609155697943,-0.0027428699267301876
2017-09,0.002224269726717869,-0.0026037040524817673,-0.006176667146546792,-0.013559814635952641
2017-10,0.0024384640862196647,-0.0018408073753034201,-0.003820105039303162,-0.008673879845833954
2017-11,0.005955834714890685,0.006576484074630989,0.011796729225110283,0.01244095702842414
2017-12,0.00628545386770403,0.006123437704687797,0.01116128035089168,0.01293447038427567
2018-01,0.005587194412649824,0.0020243217448395537,0.0015928204605413915,-0.00022193047377648545
2018-02,0.004776918082041854,0.0011457990507400123,-0.00028909552747524714,-0.004295851675450962
2018-03,0.0043427935697032405,0.00017593894925612558,4.5782669729266257e-05,-0.0021418926428020263
2018-04,0.0028870589785782094,-0.005733302174287046,-0.010932199707891194,-0.017170858012801396
2018-05,0.0030250966079780617,-0.00467795379859965,-0.010674297202239572,-0.01693397321591364
2018-06,0.004277658353540631,-0.0034074351083456036,-0.00792297013721871,-0.012266209650829418
2018-07,0.002634275005108433,-0.007475437544201408,-0.013681559321212497,-0.01906889237746162
2018-08,0.0019843982017397135,-0.00873070273875718,-0.015753895013969066,-0.022298974086989318
2018-09,0.0035599098024842075,-0.006493032835768214,-0.01273181162792153,-0.01851528803701849
2018-10,0.005194298232069121,-0.004414264937148339,-0.011068711574391085,-0.015786671139808
2018-11,0.008730255133164888,0.0019544061447737612,-0.001402922345024385,-0.0046530499059229125
2018-12,0.011414978604081274,0.01002205735792213,0.011211750534232887,0.01117161111880921
2019-01,0.01715700720544208,0.0197566975122037,0.024218994038750233,0.028396770595924048
2019-02,0.01956864504157714,0.022024228271959705,0.027461382796882913,0.03164766269250231
2019-03,0.02140745424050698,0.0262175174602401,0.03297363935981318,0.03855175686342757
2019-04,0.025687487813971774,0.033414251878236885,0.041570194667938126,0.04872922812261893
2019-05,0.02593707117055841,0.0374419711047077,0.04857896780932111,0.05774946476713318
2019-06,0.03047045010926819,0.04276650370051828,0.05538201121354523,0.0658620099483505
2019-07,0.03232755532814819,0.04444410600856309,0.05635203690564422,0.06741228000515369
2019-08,0.03367713158601725,0.049315726350829675,0.06485801896156393,0.0787115341156508
2019-09,0.037481453036755784,0.05243961189247056,0.06854649885140929,0.0829811154448315
2019-10,0.04119280727491337,0.05552374511813686,0.07105357715997165,0.0856918315395791
2019-11,0.03884007452144245,0.04985465803786106,0.06252605609250028,0.07411392706799678
2019-12,0.03300703088887532,0.04108260162465166,0.04993712848786826,0.057502913152096005
2020-01,0.03400162802772266,0.04542930466382809,0.05727428384292066,0.06835080761894968
2020-02,0.03934731293874162,0.055216001437865356,0.07150819549284257,0.08671791556404021
2020-03,0.042684731686660475,0.06002818129318347,0.07843801500107024,0.09584194736889916
2020-04,0.04298559650529303,0.06198020368338566,0.08125154752031341,0.09945597942507713
2020-05,0.03626167099598753,0.05228710138130044,0.06858587836238379,0.08383963579364968
2020-06,0.032884438435810785,0.04770954685261106,0.06345029509035044,0.07895807743264785
2020-07,0.03575395606831398,0.0518239999183907,0.06868152269722674,0.08338933453925158
2020-08,0.028507912688806775,0.039702401190288,0.05120345131124704,0.06050799876646741
2020-09,0.031008874623685678,0.04376307866547235,0.05665926332135307,0.06825428638689929
2020-10,0.029228693744938652,0.041769866053790114,0.054195239795702226,0.06365218348630033
2020-11,0.031027844503759366,0.04493586078537636,0.0587018576465587,0.06973368039812455
2020-12,0.030224075319782596,0.045310274004097525,0.06123144109513838,0.07318918158610915
2021-01,0.02528824377327921,0.03610564742362525,0.046112997395836686,0.05329871196224953
2021-02,0.017541930659829515,0.024131383629438077,0.02812403908381985,0.026158147984785583
2021-03,0.004238819984802374,0.0058309199525478075,0.0029732542671791293,-0.006883020890079437
2021-04,0.003411362938100756,0.004349552988887164,0.0025675936046538617,-0.005572040995661474
2021-05,0.002775558181519713,0.0034118103077671385,0.0008775556469449598,-0.006701504900586023
2021-06,0.0022475680030107385,0.0003051347181117171,-0.0053858857258457255,-0.01284747707271914
2021-07,0.0015740868876984255,0.00018344117413858886,-0.0033210444858906476,-0.011091343991571679
2021-08,0.0017782064145075106,0.0003344499985862533,-0.003844633514248687,-0.011228793889689882
2021-09,0.0016905200643887244,-0.0006036766651657073,-0.006563779038727869,-0.016900113580832495
2021-10,0.0016569077465324099,-0.004118585532698983,-0.010872107061598583,-0.02116510537536204
2021-11,0.00047788839102429117,-0.005872237652975147,-0.014180577885768425,-0.02374185296509241
2021-12,-0.00135223827807124,-0.00987548279002633,-0.018423289879136925,-0.02729104137001386
2022-01,-0.005525464590037351,-0.01791653063280633,-0.029481643140236356,-0.03967941737555063
2022-02,-0.007089313372753187,-0.019903526641001236,-0.027850129233831577,-0.031254575338284685
2022-03,-0.013520876671757134,-0.035269088673933364,-0.047944809809808586,-0.05248354177657062
2022-04,-0.017658360441140906,-0.04295476224857714,-0.06111219630247218,-0.07321965022561246
2022-05,-0.018099695376773816,-0.04053450183372936,-0.05796436008655939,-0.06950901934302624
2022-06,-0.023384109940691164,-0.044102301632358315,-0.06099513385491517,-0.07467703152960996
2022-07,-0.025451075138485102,-0.04596633625758837,-0.06066721811353785,-0.07204507517006467
2022-08,-0.029767159819084826,-0.055324089504129995,-0.07798858410124895,-0.09644527903549603
2022-09,-0.03476130952598437,-0.06813964227168638,-0.09330212617768918,-0.1143255683345488
2022-10,-0.0356083040121881,-0.06408560115648382,-0.08776252941051255,-0.10971034805985122
2022-11,-0.03422240891262308,-0.05812987567062571,-0.07464721062251192,-0.09340664264824891
2022-12,-0.030908595903506315,-0.056397103314655576,-0.07544234540161893,-0.09504865570427405
2023-01,-0.0221954198854002,-0.039983720540777826,-0.051321217293265636,-0.0647938453914081
2023-02,-0.020649193255407556,-0.044356761185066276,-0.062435533606625,-0.08128097563478044
2023-03,0.0014001763017545965,-0.0032345092081202675,-0.009894057328062825,-0.022204203688171165
2023-04,0.0069477548992716645,0.0075696463149709375,0.008373392658270404,0.005781509554353026
2023-05,-5.196106389830646e-05,-0.004562967709385898,-0.006735288904976433,-0.012452880171116232
2023-06,0.005869211761159156,-0.005763633116324371,-0.010179193575988219,-0.017288982275033227
2023-07,0.004654934478764028,-0.011551453083152863,-0.023508376815695425,-0.0354998828431867
2023-08,0.015867144897071875,0.00918303024656357,0.0041436211747948315,-0.005612674009373542
2023-09,0.030691610828483575,0.027500963629188135,0.02513558634238136,0.017393614315456468
2023-10,0.03470935667495204,0.03086236397445559,0.026548687370584495,0.016215161283506446
2023-11,0.03460882081863352,0.026792890053280533,0.022522942204745655,0.014103782882547655
2023-12,0.039539570785712276,0.03959237743310534,0.04229502316719305,0.0425780934273772
2024-01,0.035670163715565986,0.03133331546845547,0.02932926490474419,0.02497839910823607
2024-02,0.0444668383677086,0.04132230145597959,0.03932124940388765,0.03471035090455005
2024-03,0.029602961359314867,0.020758444556479252,0.01574397259265528,0.007692460054445904
2024-04,0.027173133723171893,0.010516024069163521,-0.0017819860539487198,-0.015411826665642891
2024-05,0.035232148598386075,0.023292823859225237,0.016285959441940973,0.006096046392256027
2024-06,0.045047975733732,0.03824969790896861,0.03518381470755422,0.02873813460818822
2024-07,0.048617797725297424,0.047875148954116264,0.048740897575878406,0.04831875430895208
2024-08,0.051309741732897866,0.05534212097026757,0.059458595090028266,0.06035285580210267
2024-09,0.05833106477978672,0.06716136160319232,0.07716035653612974,0.08371621111507
2024-10,0.0566117872111424,0.061404321369063014,0.06867240910846076,0.0734856965782672
2024-11,0.04929490351693735,0.047771636786172536,0.04888980651848798,0.04829825945875493
2024-12,0.04158489553098548,0.03349184737349292,0.027041918404409865,0.01777524359273225
