month,y1,y2,y3,y4,y5
1952-06,0.018223388100875048,0.018914320861680198,0.019558883482067725,0.018947479883503187,0.019966155684830986
1952-07,0.01905359802787426,0.02007217862586045,0.020691733739270888,0.019796554630959844,0.02116491900831803
1952-08,0.019318318062488436,0.020278162034465533,0.02113534970892728,0.020202205592839993,0.021763516423432668
1952-09,0.019689402642552725,0.02066604737219884,0.02126692663596095,0.020389215132123075,0.022659168808561933
1952-10,0.018944855633817564,0.020391002803360047,0.021255911123670392,0.020806005687683562,0.021441115616623818
1952-11,0.020337266672119096,0.02146308294336626,0.0216281463331511,0.02091468513408405,0.021608829660125624
1952-12,0.019783842102481245,0.021670818803706554,0.02187148759780288,0.020871003933079006,0.021845301308899168
1953-01,0.019542748788161823,0.02121798833369588,0.02109133390774989,0.021103132524833146,0.022419831932264135
1953-02,0.02055320581401875,0.02169247172242108,0.021539627368789952,0.021623129359452573,0.02318396874741903
1953-03,0.02052986495596513,0.021902105577299436,0.02324822007633538,0.023315430761548617,0.02452991896028448
1953-04,0.023366861987294336,0.02453113005980363,0.0217101654266744,0.023925397030315786,0.026547217827770933
1953-05,0.025621784944646606,0.026199817902131987,0.023829348520166282,0.02590403608061515,0.029904960110753814
1953-06,0.02391912789267828,0.024136534105318217,0.02280232713700376,0.024104554797612195,0.027532691390255434
1953-07,0.022660655490440492,0.023095373373574146,0.022532181139659362,0.023917446082442374,0.026795427536465032
1953-08,0.02343600985125457,0.02234795935087996,0.022686016410959808,0.02433654424778896,0.027513658066515234
1953-09,0.02003896232168686,0.02092778974036413,0.02220421010728504,0.022021911119494326,0.023960022304893306
1953-10,0.01650248216881101,0.018128184467470537,0.01914238127243842,0.020219985481375824,0.022246339881004253
1953-11,0.015645021035983458,0.01832477344841432,0.01889109573077613,0.020215507533622213,0.023933901775245545
1953-12,0.015622297804356299,0.017835015239313794,0.019426383336330427,0.019316367301283072,0.021880952515957397
1954-01,0.011474064531963382,0.01430043067537462,0.0165706336971903,0.01679554192230152,0.02100985390737307
1954-02,0.010943195936711492,0.012853629150419675,0.014851553243010013,0.01615013047560181,0.018617578675716364
1954-03,0.010529315691740957,0.01204563931825204,0.014154689359384057,0.01584276279787875,0.018011596828084814
1954-04,0.008340410478778966,0.01129664403873711,0.013725417626140513,0.015326504289702978,0.0156691381060699
1954-05,0.008443923248723166,0.010919521651302914,0.014190374309786237,0.018087078473873905,0.01758440760030103
1954-06,0.007289959554502398,0.00908390577479372,0.013109730951197569,0.016344511319873842,0.01751414151199818
1954-07,0.006308136926088229,0.009161037825481009,0.013227731567328514,0.015898781683069647,0.017334533991678922
1954-08,0.008206439637664615,0.009196397506471329,0.013215335955823247,0.015930217414361455,0.017994722248270097
1954-09,0.009346804838903676,0.010475181776055342,0.01510616845875424,0.01617642606670831,0.01863108091731315
1954-10,0.010404277666416011,0.012955519750831698,0.015780736111697738,0.01763662468617438,0.01828788035839994
1954-11,0.010366973618120763,0.013317226263101997,0.01591783034087351,0.018597629050853312,0.019225176652066286
1954-12,0.011324872398712495,0.014719456791479289,0.016989441376485896,0.019694241472191606,0.020061769816333615
1955-01,0.012847101005003332,0.017519385699165578,0.01861014321703234,0.020881401263523763,0.021121146582497394
1955-02,0.016409835489025727,0.018818993667465384,0.0205307408978619,0.02305323403328975,0.02316050576702226
1955-03,0.01546426898659709,0.020099964895802507,0.021607563333268933,0.022569787083176546,0.02311912058101503
1955-04,0.016169585744380308,0.020828271102563446,0.02256645011978029,0.022496862940665878,0.023129751138376464
1955-05,0.017954565219482323,0.020281604613133775,0.022985880661913014,0.02288274433374333,0.023622346945995427
1955-06,0.01822410006112147,0.02142773360742091,0.02396420832144746,0.02416926505021957,0.02481763302182673
1955-07,0.019848161703494387,0.022871602964891612,0.02480695709624299,0.0249047542150346,0.02638455807603763
1955-08,0.0211800885285564,0.025077890067817913,0.02610416547817136,0.026037490767731035,0.027247019079922503
1955-09,0.019787262697021336,0.0235644548975803,0.024553261150624332,0.025446944607967082,0.02621982559786467
1955-10,0.02048620884955399,0.02279409740134871,0.024096643223439938,0.024728704399090414,0.0250447294524254
1955-11,0.025398545467620243,0.02434661945149296,0.02715490320508998,0.025559489095398232,0.026864306284345742
1955-12,0.026185190387816606,0.025915471788768355,0.027663992112405684,0.025970266112762846,0.02761718699994006
1956-01,0.02342852291185217,0.024397516502597652,0.025480122865681364,0.025467695513479566,0.02596556872340533
1956-02,0.024802275983601872,0.024192768183687256,0.02594926333701459,0.02580921196766698,0.026552174711074062
1956-03,0.024877457656097963,0.026708926233889853,0.026702865638078364,0.026864914373335602,0.029262427893007658
1956-04,0.0289894387185149,0.031023605284749598,0.03011697868545956,0.028802006002167063,0.029989228359707482
1956-05,0.027908018573612154,0.028534711150652165,0.028044804476263122,0.028313320248751783,0.02870270151981668
1956-06,0.025176209618848415,0.027798726051212586,0.02742557075871026,0.027871419818841833,0.02803174130123501
1956-07,0.02679943584633773,0.030583727411652925,0.028754206449608393,0.030197741708110588,0.03080807705752675
1956-08,0.03076724693975659,0.031376298237858154,0.03179355069120576,0.033267194548859604,0.03380116402284975
1956-09,0.031314730015282705,0.031729759680243816,0.03268991926677228,0.03383745257962455,0.03440845197758669
1956-10,0.030333679672010973,0.03162685561217752,0.031819358342083257,0.03298970334569393,0.03404015878780033
1956-11,0.033700670921951364,0.034354874843137255,0.03504047515876552,0.034236507681437184,0.03556267090050072
1956-12,0.033862695389578645,0.035125669471803615,0.03478134688648978,0.03466901524181644,0.035986392007124994
1957-01,0.029298033177689916,0.032469666110221354,0.03172267338659377,0.03180090186999272,0.03256190870677212
1957-02,0.03183781258110127,0.033143289760939616,0.03305084186230384,0.033156869172685156,0.033263280334929236
1957-03,0.0332296288980498,0.031740473207354604,0.03221618974407047,0.03332004815438594,0.03340991514193397
1957-04,0.03417491568627949,0.03184913210429409,0.03413660555380654,0.0344923452475679,0.034765367182549016
1957-05,0.03433244051742772,0.033347737042388824,0.035390202880095666,0.03574086194455574,0.03640122046862005
1957-06,0.03518183366164132,0.03452481841735238,0.036457649950295316,0.03773540046677432,0.03870187491259329
1957-07,0.038126867257186184,0.03593540434116543,0.037263983383578475,0.038475834236551085,0.039631803380790635
1957-08,0.038169024402998936,0.0359204479961626,0.03712768115199025,0.037718094150626325,0.036743956436797696
1957-09,0.03957880807742474,0.03806606500812692,0.03809028568128066,0.03849598798681571,0.04002520594288069
1957-10,0.037465219684651586,0.03895715604228953,0.03924477803681671,0.04004949988369445,0.03777903946067601
1957-11,0.03386104182802687,0.029862350616698678,0.0303766351106006,0.032460341828513706,0.03390893462415674
1957-12,0.026503185052583613,0.025139101140301122,0.026604445117571478,0.027930101406101512,0.027861468831039328
1958-01,0.020360580648390837,0.02213266839026846,0.024121261945500082,0.02709821841281374,0.02792703471542341
1958-02,0.017191199957382167,0.018874872845206433,0.02146772798671569,0.024657632892463106,0.025770085979081155
1958-03,0.014852156578768894,0.019198004615663868,0.021593602563557374,0.023567602984023474,0.025058527233525932
1958-04,0.012672472966638497,0.01643792072813998,0.019656653535141382,0.021733629295550037,0.024100452644251216
1958-05,0.01113235102783213,0.014686101265557762,0.019160166170829298,0.02010601720398928,0.023414289552906913
1958-06,0.010939595340974368,0.01652649423413999,0.021741391827136292,0.024591868898710813,0.025289606020456646
1958-07,0.016001584855008244,0.018619797581628166,0.024132460752612023,0.02731733137373317,0.027824817541247392
1958-08,0.027359570715464798,0.03281851394492066,0.033418486658326495,0.03580852313521554,0.03560897426903145
1958-09,0.02936592953980256,0.033393898322684294,0.034143465690233805,0.03608757630643173,0.036409876981480314
1958-10,0.029882088018028146,0.032110385105179405,0.03593924427365223,0.03545897825642249,0.035730023162779484
1958-11,0.031713743683420795,0.03145502552110455,0.03491836447901929,0.03551097360279561,0.03353200784132374
1958-12,0.029108851289744244,0.030728995798872692,0.03567093685059012,0.036611958794695754,0.036941705928889755
1959-01,0.03061834233311543,0.03320413443086397,0.03758610418203032,0.038741515436817205,0.0385301213751624
1959-02,0.033855816345256216,0.0334910952325157,0.035662998302743346,0.03709147273793392,0.03686703745882381
1959-03,0.034832317972056076,0.03635310757254845,0.03750988474442274,0.03775487872107148,0.0383813827503556
1959-04,0.03719622858430883,0.038302687617473345,0.038559889202187246,0.03993970470928468,0.040037064690365505
1959-05,0.03771129789589403,0.03892153399447502,0.04039347385122341,0.04094700646615756,0.04143693170148273
1959-06,0.040019451731897665,0.04196868839497587,0.04187113244806878,0.0431985790175978,0.04337152502295437
1959-07,0.04235949955583447,0.04022689407021653,0.041290393156401796,0.04317283513568577,0.04455505854798965
1959-08,0.04386226845140075,0.04367850127001267,0.044324769408331174,0.045594038286129054,0.04590327818801978
1959-09,0.046788718522672,0.04645810359805549,0.04629239478113381,0.04644331577371809,0.04580872398645488
1959-10,0.040938012655162136,0.041327121490723866,0.04398125947863452,0.044304877377683384,0.0415501639098186
1959-11,0.04702058896620581,0.04654705381727535,0.04667977685605907,0.047411928785239886,0.04485597525277763
1959-12,0.04746039411291436,0.04803161124406777,0.04867268442867366,0.047648114661146206,0.04698424382747455
1960-01,0.04528643155233769,0.045335516954027016,0.04585486330489724,0.04557768249861119,0.04550006071419464
1960-02,0.044570202601715944,0.04316937868698709,0.04552018145058323,0.04516576826341694,0.044850291009750326
1960-03,0.03558586311135569,0.03689718386996323,0.03758398342058104,0.03910841835696726,0.039636847124343476
1960-04,0.040630355209537325,0.039687831457191604,0.041081504329010574,0.04279906010480868,0.041314720644539095
1960-05,0.03952504227374576,0.04085866850490993,0.0405738389541143,0.04205012693177751,0.04304813614159979
1960-06,0.031197195674856102,0.03632600040618118,0.03683660196190623,0.038740499278191384,0.03901488487464433
1960-07,0.027968871311875317,0.030507096944442872,0.030604922000677923,0.0343357662653852,0.033649731252781125
1960-08,0.02856801094753114,0.029211218225011604,0.032224467178594667,0.03462200935380627,0.03450755761687342
1960-09,0.02807185536259832,0.02673646527380666,0.03281503955228102,0.035376266588819746,0.03432874673966961
1960-10,0.02788008484067447,0.03017074241355824,0.0335417725063679,0.03571982214087759,0.03495167977468949
1960-11,0.029666539621197457,0.031394559709933594,0.03452881670942868,0.037701006262657176,0.03613261171400712
1960-12,0.026007845190604117,0.02742615816718759,0.030624798222095722,0.03292261735897073,0.03375907744051511
1961-01,0.027450819968962068,0.0308567158085942,0.03309957205830948,0.035317719207732044,0.03567192482164549
1961-02,0.029310537243148492,0.030551933370955273,0.032570597827362546,0.03404491888727837,0.03428777753260116
1961-03,0.028552496532649355,0.028684667555570646,0.030988831170475847,0.032231655567708586,0.03384332576384969
1961-04,0.028315139580958194,0.030069332812758243,0.0316082293494482,0.030710492897160158,0.03291449301918897
1961-05,0.028870842721570162,0.03159981705288684,0.03363188750731046,0.03196641100799412,0.03476744896295096
1961-06,0.029538201724861927,0.032051864720820306,0.034526159865102365,0.035633595727900716,0.035634955222824324
1961-07,0.028490791053210403,0.03105838836160626,0.035637269399518064,0.03565992687287611,0.035730746449921136
1961-08,0.03002052684253699,0.03201180783163118,0.03563909032236537,0.037325163745187684,0.03596391550216077
1961-09,0.029339900093325093,0.030526971729559826,0.03553273967034575,0.035742990032399606,0.03523195817872043
1961-10,0.028949972246197116,0.031168477130039868,0.03442967533932961,0.034486202304485056,0.03615582316499671
1961-11,0.029265844385509027,0.03251811856980208,0.035544855016081484,0.034654743763142315,0.03710755018644524
1961-12,0.030621184565490688,0.033284729159603656,0.0363821412973825,0.03659000332623577,0.037767114315425517
1962-01,0.032392913028722325,0.03437309566801303,0.03731221301498912,0.03802214784841755,0.038783028923433806
1962-02,0.03086620272696676,0.03194798813012145,0.03412931959824175,0.03527853268865179,0.0363819787683049
1962-03,0.028457137188711918,0.03096614196305154,0.032680426988649716,0.03450805396164095,0.03517692012227724
1962-04,0.02961854004567909,0.0322267630615855,0.03309773453008862,0.03513620874579798,0.035419484419960415
1962-05,0.029006079114140264,0.031171514979790232,0.03267102525093298,0.03459899326990041,0.035150009626633075
1962-06,0.030249949519665708,0.03321688019652735,0.03421455979606638,0.03546605023866023,0.03586995554540605
1962-07,0.032546006441656034,0.033777221815600646,0.03483845746840404,0.03580160090966188,0.03655122692228313
1962-08,0.02988994234878357,0.031153681920751446,0.032906111470877734,0.034085094830380636,0.034767836515629785
1962-09,0.02919750729571017,0.030292010731124933,0.03266325343430378,0.034052227155468545,0.03598733491912697
1962-10,0.028801431955261164,0.03043209258713787,0.03259275979282126,0.03346683211838891,0.03551649905837529
1962-11,0.02879811070211704,0.03147886671514102,0.03316307329589139,0.0337044430093345,0.034736829859310876
1962-12,0.029344827216468073,0.03154010033094778,0.03324070170885254,0.03352432370071464,0.03431794360167063
1963-01,0.02984487140950262,0.030173001384375803,0.03341160566749974,0.03406644646776495,0.03538963381497768
1963-02,0.029180095249951712,0.030608046650524707,0.03343737228415649,0.03433278873745429,0.03585678643049093
1963-03,0.02982243584540138,0.031196847683253443,0.03367532476577437,0.035491577390922534,0.03605704836288047
1963-04,0.030516219342172607,0.03224780139022295,0.03460887810035586,0.03574746815143693,0.036137126924778155
1963-05,0.031013528306557386,0.032279576916301754,0.0348837435984103,0.03619300058972286,0.036683858167884116
1963-06,0.030778453785915455,0.03225966715559548,0.03474099499771796,0.0364620299723347,0.03701337062805748
1963-07,0.03427940945729358,0.03555233321288505,0.03597426969588772,0.037332082149924506,0.03767487047725098
1963-08,0.03620742600678622,0.03584825251808861,0.03606815799000932,0.037686992276918206,0.038048070180893324
1963-09,0.03630710486403154,0.03599005981565043,0.03618435631940492,0.03782720499555135,0.03844200330360311
1963-10,0.036008423666747384,0.036937044344759244,0.036792242838279976,0.03853904152656557,0.03900989935373488
1963-11,0.037222238808586494,0.03731850549936172,0.03715970649015527,0.038261431524505396,0.038700975144900014
1963-12,0.037575459651853924,0.03833276529232303,0.038500333423891586,0.039294605329528574,0.03926174449764669
1964-01,0.03719276716897239,0.03819130118358945,0.03863043857436178,0.03867108477719089,0.0390661692297621
1964-02,0.038715075560873724,0.03903910364833399,0.03945969681245294,0.03932021930264169,0.039442138921726724
1964-03,0.03835931836498786,0.0399547051879707,0.04042238927242762,0.04061313615614803,0.03991981247583217
1964-04,0.0371312114625165,0.039010480522230086,0.03967580355522227,0.04001074390189805,0.03995984000053469
1964-05,0.03760662161631687,0.03843336191133236,0.03887613364635532,0.03942378013476595,0.03902135409621661
1964-06,0.03709864869744176,0.0370886723305617,0.03819646421236873,0.038956059552766126,0.03900258555202138
1964-07,0.036898813711687344,0.03598419613848686,0.03795299018652288,0.03893668271330548,0.03927804949819367
1964-08,0.037421306849377195,0.03665745745885787,0.038280019734842796,0.03913432458636856,0.03943259420595844
1964-09,0.03823300660625129,0.037268762590779964,0.03863421063693773,0.03917489749635425,0.03913348415604285
1964-10,0.038317746234034444,0.03789091810979035,0.038965201057803524,0.03920716720108235,0.03927312508781826
1964-11,0.04127708815235796,0.03948784126587447,0.04012588822182848,0.04000026272514633,0.0398880684654376
1964-12,0.0397042860362418,0.03857951154596365,0.03898250083048826,0.03921542561214645,0.0399475834579901
1965-01,0.039962417093825774,0.03852410112765016,0.03864809409115637,0.03897312283539238,0.039972676282888274
1965-02,0.04118036809615993,0.03954945414131024,0.03918824254914473,0.03924238172049504,0.040384696193471924
1965-03,0.04056680575279096,0.03947542450579908,0.03945356527213196,0.039253781795549995,0.0401923421067259
1965-04,0.040157291103814455,0.03945882450757449,0.039599181413797535,0.039400754481527286,0.040342026005373406
1965-05,0.03996462705553006,0.03951276398045193,0.03956400711346808,0.0393836316293899,0.04037779547840504
1965-06,0.03899399943941835,0.03856420552517016,0.03926358123368973,0.039387993275754596,0.0401196282004543
1965-07,0.0393920619511009,0.03921571947762828,0.039686345228707016,0.04030144617167181,0.040383951920395254
1965-08,0.04087120379359917,0.04005438083594956,0.04061607408635057,0.0408059832827649,0.040697396368929876
1965-09,0.0425455810682141,0.04158274196427915,0.041753681097680434,0.04179206101202136,0.04160244411933104
1965-10,0.042601381953190784,0.04167333784985364,0.04192882543988029,0.042510776271850514,0.042295774846286334
1965-11,0.04340824977861241,0.04201179294093567,0.04304077850317017,0.043364577968635284,0.043012251815873266
1965-12,0.0477009584710029,0.04696003281253984,0.04774047681651818,0.0476232301134784,0.046599336792437954
1966-01,0.04802629646593472,0.04710859975972296,0.04784845820956268,0.047884230665837926,0.04713414149774043
1966-02,0.048597639749682855,0.04783726017002049,0.04826280405130837,0.04873318672012892,0.04833033720292725
1966-03,0.04812780917156591,0.04617440554517696,0.04631020656043004,0.046687198827956244,0.04618396578143242
1966-04,0.04869676891732933,0.04719220330620776,0.047436013103727706,0.04726800533736251,0.04685454440882596
1966-05,0.04965050958542127,0.04882711366825276,0.048644716716929895,0.048766850995858306,0.047682298473024416
1966-06,0.04980278957448994,0.04953742782416457,0.049936924068021846,0.04986215797489633,0.048860423440983
1966-07,0.051129840575681776,0.05060103688952388,0.05078438752259678,0.05093084899864744,0.05050056296244239
1966-08,0.05762120663975014,0.056763002537885264,0.05605712177028372,0.05637670863188681,0.054105564139209
1966-09,0.058267722007962854,0.052510352498274106,0.05247054524718457,0.05181117014345302,0.05019317694393564
1966-10,0.05543782753087658,0.051494692950001184,0.051015906070773186,0.050787268002793255,0.049896356237748574
1966-11,0.05295006113759939,0.05215530160475628,0.05196630283837581,0.051717227754333586,0.05064874831141187
1966-12,0.048913131526812856,0.04678578611821563,0.04760872688945869,0.046239827586331265,0.04577579762097319
1967-01,0.04508280732145375,0.04395323472273112,0.04464290605040332,0.04522743733934613,0.04450786082406992
1967-02,0.045542425333985496,0.04530037423775163,0.046205651585117934,0.046098404986858785,0.045785310653328554
1967-03,0.040567881191016036,0.04043243097711719,0.04147722565701275,0.04239314417149428,0.04272299059760131
1967-04,0.03950784946790477,0.04245238671383376,0.04404016598757503,0.04508617273393356,0.045267572230576356
1967-05,0.038843890046464595,0.042304634604662,0.044171847879716696,0.04492078920869699,0.045731719351740384
1967-06,0.04937310355617868,0.04803707406824303,0.04927114420300928,0.05045065966195295,0.051197513376925546
1967-07,0.049704715930049374,0.04755022817832012,0.04833232914766262,0.048561435300559445,0.048983831082099145
1967-08,0.05125422770150706,0.05020104676338812,0.05080374513114771,0.05051239885387136,0.050564615417499646
1967-09,0.052196167960970055,0.05059790589120874,0.051450060571514064,0.05154964394703734,0.05083187228335702
1967-10,0.053715581631036007,0.054102032751516815,0.05382853512674226,0.05377099490413334,0.05413367892034939
1967-11,0.05657967146165408,0.05417728818999106,0.05442128469746768,0.05407355694789772,0.05452374324562885
1967-12,0.05773675760410163,0.05544657575457539,0.055517106273047394,0.055334074658042534,0.0543860690467185
1968-01,0.05325863786194186,0.05176736943659203,0.05262321705376021,0.052931366960265715,0.05251258465236487
1968-02,0.05381312397457105,0.05228382141517524,0.054276802490456404,0.05359381638276694,0.05244661662142894
1968-03,0.05529802518033261,0.05357742435421786,0.05529069790867983,0.05557742562906192,0.053917445363629676
1968-04,0.05741808036316913,0.05467469611139795,0.05689567187612609,0.05701362718820271,0.05528559195851026
1968-05,0.05880411935161574,0.05623584311130688,0.05626145457161779,0.05647176569128323,0.054837699226731394
1968-06,0.05732573299471396,0.053808490045924535,0.05403363088363676,0.05390966911791334,0.05234593592197041
1968-07,0.052543948285599086,0.051838122276291865,0.049758705927744167,0.04994554340881629,0.04963719096475633
1968-08,0.052236156171959154,0.050031494586504896,0.049905701128930724,0.049843768436339635,0.05038715347696032
1968-09,0.05234086706451171,0.05196434904538296,0.05065416372334813,0.05006290032813792,0.05055500798487294
1968-10,0.05472697761533577,0.05335025270398546,0.051429473983221057,0.050855815725446785,0.05177426448583264
1968-11,0.05652624528397409,0.05410311985650374,0.0523519560904364,0.05227203839063153,0.053424644770335684
1968-12,0.06285241780882665,0.06104199871734769,0.05879347692017752,0.06070039645879687,0.0613677747371068
1969-01,0.05917579055326953,0.0595773202630377,0.058164512905884716,0.0565685154326932,0.0588161589856199
1969-02,0.06439678616419944,0.0610545737968419,0.06164289586253594,0.0598624012387084,0.0609775594952933
1969-03,0.06286903097450566,0.0582288686881026,0.05967132885707869,0.059354492689609996,0.060836573483634436
1969-04,0.05995729171187683,0.05895506637161259,0.05927788433174912,0.05779020071313239,0.06017692775842523
1969-05,0.06278817798883836,0.0626460750742507,0.06304456165724828,0.061767689258216144,0.06324225674670228
1969-06,0.07096901980615491,0.067760358020487,0.06786801890421716,0.06574935012265756,0.06623885506433676
1969-07,0.07081509827150653,0.07005730235240523,0.06871359636343974,0.06618803018029727,0.06555999332143127
1969-08,0.07358972927884751,0.0703181638582745,0.06939360099183857,0.06780051474553249,0.06722253938055267
1969-09,0.0750996411260856,0.07522977094719129,0.07482025654155311,0.07538135496676218,0.07567121361850224
1969-10,0.07110125391564552,0.06973994995592692,0.0694752391023517,0.0697805056147745,0.06876002379084213
1969-11,0.07587853251324142,0.07193298719387609,0.07244852761703265,0.07201700943505128,0.07154141093147467
1969-12,0.07718430629652227,0.0780009268011632,0.07841039186439096,0.07871856279094346,0.07666198662491114
1970-01,0.07696186495420378,0.07682231218305093,0.07750833018803736,0.07772246033506129,0.07752727505567385
1970-02,0.06690082471133671,0.06783404518262014,0.06789182834488572,0.06912992679733403,0.06896613084280119
1970-03,0.06397001722237815,0.0667848641418622,0.06632835783942698,0.06887075877069102,0.06810223347919442
1970-04,0.07220200087135714,0.07302192433070857,0.07446223547611831,0.07519840999658278,0.07451804242670032
1970-05,0.07171199312877853,0.07453002151003459,0.07325269942811312,0.07390496539229487,0.07325881115310608
1970-06,0.06940667276809753,0.07184551068814608,0.07292887974245583,0.07346684004341718,0.07267203169361368
1970-07,0.06584568832369238,0.06935553959730188,0.07058189647610061,0.07213186926129926,0.07108934809567741
1970-08,0.0657481231200048,0.06773358041385909,0.06940481105082594,0.07100788922834209,0.06999119940760966
1970-09,0.06381760233965257,0.063452463950909,0.06601470745588454,0.06740787122492976,0.0680846516815255
1970-10,0.061282431642876195,0.06303133715026833,0.06484640158708517,0.06622684978802179,0.06646222376079264
1970-11,0.04970126801486382,0.0517403594582186,0.054794803611659976,0.05657287357018446,0.05733176256134152
1970-12,0.04767104152107856,0.05258150854773695,0.056047071172958034,0.056463024148524825,0.05749176192751066
1971-01,0.0421953534939521,0.04538519981952079,0.051019891655610564,0.05448646119713275,0.05497219507314103
1971-02,0.037021178555635546,0.04190538677869546,0.047217463317581365,0.05023391118395194,0.05166175007885865
1971-03,0.03686948072019793,0.04060574628931567,0.04410831924149257,0.047020203149613346,0.04856294798675776
1971-04,0.04448709075708214,0.05082785396475799,0.05547598722773766,0.056335541653074736,0.05799484974401498
1971-05,0.04773448619163778,0.05268931999062352,0.05680115472075951,0.056731730216074076,0.06019120305572678
1971-06,0.05879404016054148,0.06074212309867516,0.06458556777704937,0.06400019839986287,0.06559710629139065
1971-07,0.059306887737401656,0.061196802398747904,0.06510764818513531,0.06600502115561278,0.0666169479664328
1971-08,0.05132927720473426,0.053012421812451305,0.05550387604268344,0.05635769442527911,0.05845797974141755
1971-09,0.0513352112325794,0.052538437654686,0.05493361028572429,0.0560627224594382,0.05790065993063557
1971-10,0.044837457432305626,0.048384897172679846,0.05074130850531543,0.05285189457131919,0.055023414399952064
1971-11,0.04630375084598285,0.049331067826546414,0.0514631871025583,0.053485749047727606,0.0556239632957252
1971-12,0.04094105799940773,0.047128217002693186,0.04951657418687645,0.050697048216992266,0.0528312180101723
1972-01,0.0404168704216447,0.046898779413406415,0.05191296339531886,0.053314191169189167,0.05558052284755798
1972-02,0.041987439638304924,0.04655538077543975,0.05109645411332415,0.05294846303666826,0.055066567514837086
1972-03,0.04816604742186712,0.053766319325833034,0.05615051749227624,0.05705283904520307,0.05822591801571912
1972-04,0.04410830577805557,0.049821604312241224,0.0537685701172191,0.054867503440957144,0.05632636196030045
1972-05,0.04523505397270598,0.048253715133122474,0.05237827947066545,0.054076811195059075,0.05554049993539959
1972-06,0.05114668131034618,0.05290030886873977,0.05541733110919947,0.05686028676204534,0.05736982344071698
1972-07,0.04828008691971022,0.0511150206447319,0.05508511390394754,0.056925645746828166,0.057200358788311395
1972-08,0.05336925309161063,0.05477601652897112,0.05721171910919496,0.05933323427939474,0.059010791839869715
1972-09,0.054903521347179546,0.05625566237723885,0.057593754081832864,0.05832009177159417,0.05875407348460099
1972-10,0.05388979579940788,0.055943985180985055,0.057636168805661456,0.059050154879930254,0.0591185452709165
1972-11,0.052520940574667795,0.05487153883810522,0.05643527964313828,0.05836508058707231,0.058310939277107364
1972-12,0.05377456688317636,0.0574798782105095,0.058168721250151836,0.05883066487316558,0.059842170291141854
1973-01,0.0596255945621249,0.06023460736475491,0.060875355367034534,0.0617631296860168,0.061082440436633446
1973-02,0.06207558338628856,0.0631367907587445,0.06373023835662936,0.06400103362004879,0.06381167418661704
1973-03,0.06700456483286113,0.06577881855840934,0.06481431857700917,0.06421135752167906,0.06435422330974315
1973-04,0.06485940354853159,0.06420427329482106,0.06420205251472254,0.06344358342689535,0.06361485881097426
1973-05,0.06713698846248317,0.06512036276786708,0.06406825006503715,0.0633708099081311,0.0638597280080852
1973-06,0.07284468225891227,0.06732246158550144,0.06652957204262917,0.06494666179935203,0.06500767215720685
1973-07,0.08274121807373801,0.07659699269873928,0.07503801171186894,0.07539627768104051,0.0736142089568814
1973-08,0.08034942096614898,0.0737789542416422,0.0699452823038102,0.06884556199853185,0.06811765208468286
1973-09,0.07380826013375967,0.06727516704268544,0.06394554722525565,0.06376481112709435,0.06334154812219611
1973-10,0.0687962173081084,0.06505082726587832,0.06428578318113784,0.06458434800011942,0.06421135072612504
1973-11,0.07161617333521625,0.06478341342664067,0.06396433287149986,0.06388334470373443,0.06398222438864773
1973-12,0.06881972531094621,0.06474647652610603,0.06420059140913331,0.0644487794514484,0.06468405128391791
1974-01,0.06658649181481062,0.06456081225118929,0.06493081082131932,0.06530011837848422,0.06523513174308225
1974-02,0.06785058048334253,0.06592019150726891,0.06474371150082933,0.06572897266415308,0.06584053009549387
1974-03,0.07802777623483206,0.07402364215973588,0.07300642618891694,0.0722996279748726,0.07151272640358147
1974-04,0.08314816260062864,0.07832382306800215,0.07748984348590361,0.07702614734405644,0.07637362305734036
1974-05,0.07987269585610106,0.07669394035490994,0.07637642431933771,0.0760374068440754,0.07444628750737822
1974-06,0.08257836900855123,0.07946222140779319,0.07824802352812278,0.07893153432403334,0.07764577782074926
1974-07,0.08303016081831288,0.08034989048297018,0.07992554249038725,0.08005170256094407,0.07868605540116082
1974-08,0.09237209745458927,0.08301522247906103,0.08079744145696012,0.0799128170041952,0.08043696704823272
1974-09,0.07596013034903687,0.0772814130675909,0.07522106871618946,0.07575324262138815,0.0754463202447882
1974-10,0.0736326162851005,0.07420511890658946,0.07437753224589848,0.07477572423412872,0.07485753698568208
1974-11,0.07242121250107411,0.06945791470576085,0.07055557497926292,0.07065476843254624,0.07128529687221997
1974-12,0.06649263678484209,0.06923921317065765,0.06901051214870917,0.06897538286726237,0.06852188825967939
1975-01,0.05905408800805661,0.06430030290719012,0.06617066740674041,0.06789825308721979,0.06910493603341154
1975-02,0.05696776273049598,0.06017908448305508,0.06296365876235782,0.06398986471955602,0.06706523629656805
1975-03,0.06005903328521178,0.0647039983676251,0.06739619064465863,0.06956288360429443,0.07039496188387767
1975-04,0.06451419744221318,0.07121520671885757,0.07426266039707008,0.07557912786388901,0.0755695497215105
1975-05,0.05826654251848816,0.06554739140917494,0.06852392970878692,0.07029138735201686,0.0715056861476774
1975-06,0.06485968870972778,0.06822595122909927,0.07080713376904176,0.07037575747056955,0.07321982835124831
1975-07,0.06923190520771347,0.07266756654961566,0.07479734969486529,0.07445688770846376,0.07541702812431732
1975-08,0.07044823351703725,0.07368177716558397,0.074913722894326,0.0757052502671466,0.07672702018000206
1975-09,0.07260673652698098,0.07700044557365873,0.07710682205085406,0.07928652214581976,0.07797818298620457
1975-10,0.059677088250942374,0.06679720208511823,0.06867235768763076,0.07033591298439104,0.07268593971669572
1975-11,0.062223810732156506,0.06889691817100178,0.07063171451169488,0.07092892661218934,0.07422413998162455
1975-12,0.05802323506621945,0.06404823668595662,0.06717033064152454,0.06876706241897176,0.0709655200205883
1976-01,0.05368284606378245,0.06124654878800329,0.06645737753821851,0.06917803567765575,0.07119469093349723
1976-02,0.05837407565440538,0.06452152859882387,0.06804669586489467,0.06942992014130732,0.07075659416528882
1976-03,0.058202224967319624,0.06405920758432156,0.06701894323937461,0.06915281076925231,0.07035931731296172
1976-04,0.058095995497828415,0.06354884988409722,0.06646858949879858,0.06774708413724763,0.07012678730650647
1976-05,0.06435750548573693,0.06967195014889187,0.07133835558777697,0.07258190968527486,0.07340715229313174
1976-06,0.06148963501889304,0.06687325713424834,0.06863097060067191,0.07096881058879954,0.07196473774814074
1976-07,0.058438111981778604,0.06441215294421272,0.06675631158089167,0.06913455379951129,0.07013815106539907
1976-08,0.056590643001010084,0.06276032479411443,0.06450193997111286,0.06749758200625343,0.06917299345279922
1976-09,0.055642875572913524,0.06035961969958216,0.06360131217270315,0.065105360935127,0.06771351443851105
1976-10,0.052812977885423544,0.057837423706878194,0.06044022997948933,0.06271173313703285,0.06510048052881373
1976-11,0.04797925007297366,0.05188695727347649,0.05452573706376658,0.0569210808375667,0.05876160648411459
1976-12,0.04657500715068132,0.05163653688676238,0.05526542611350707,0.056107620541775316,0.05911258130953956
1977-01,0.054367057249063315,0.05899047639316836,0.062794010662233,0.06496808141172458,0.06535549985066029
1977-02,0.05314066528368044,0.0581576101628242,0.06215594670775147,0.06540051437861864,0.06650283720122997
1977-03,0.052135509302676755,0.05746696522154538,0.061573366851164414,0.06458410757306202,0.06631734969742528
1977-04,0.052838960692415955,0.05827871098154175,0.06117505416432815,0.0649385052218084,0.06607248796988947
1977-05,0.0549178347455527,0.05903410973197919,0.061398545553175005,0.06441026519732902,0.06577099626770333
1977-06,0.05457735911002171,0.05800012440413954,0.059890342438142695,0.06262986463796204,0.06405731889825812
1977-07,0.05939057563185955,0.06176888980247283,0.06308839700934901,0.0656166832331002,0.06678865580647125
1977-08,0.06049740597276447,0.06279372858542692,0.06407285288978742,0.06543539822065791,0.06616789203764566
1977-09,0.0627771378628989,0.0648053658175609,0.06568768514218605,0.06659539367251129,0.06759260348551878
1977-10,0.06562274500550576,0.0678399999209245,0.06880217633502406,0.06965769011561031,0.07021313751327499
1977-11,0.06415152584310445,0.06750143771761861,0.06811767398049098,0.06880389253656935,0.0695140183770876
1977-12,0.06611367405563512,0.06841551293341268,0.06919450203518553,0.07066912613570613,0.07183785798291405
1978-01,0.0683132427726371,0.0707023909860072,0.07143498117818896,0.07266119680395408,0.07314799126902084
1978-02,0.06890426989335409,0.07158859637978808,0.07286353908201185,0.07381262257432601,0.07440679403714019
1978-03,0.06918567073930117,0.07279846676845794,0.07363603086446126,0.07466331360464153,0.07485278201697818
1978-04,0.07094072081882652,0.07332046103829559,0.07475571524985022,0.07535237698328164,0.07608356377471043
1978-05,0.07476491956242655,0.07637438939031703,0.07673070275349082,0.07712692741691905,0.07808224272848772
1978-06,0.07875212347476568,0.07963754902895612,0.07977910979308606,0.0797810427335195,0.079838047822129
1978-07,0.07742658917729617,0.0795230591949512,0.07927618352506702,0.07890523774538417,0.07923986030608714
1978-08,0.07930827580904454,0.07935913234492908,0.07844318343416076,0.07856233250632765,0.07869645561825618
1978-09,0.08206836705556823,0.08089864886368793,0.07922859075021213,0.0794509941387414,0.07951458936025142
1978-10,0.09080926420094747,0.08832911058603679,0.08674631868975755,0.08616380528219184,0.08359823760485881
1978-11,0.09297783101747559,0.08880337567750185,0.08506685039948034,0.08332832808817654,0.08188213440322796
1978-12,0.09660219339754121,0.09193559279266021,0.0894986791799658,0.08702436005047223,0.08630967475014431
1979-01,0.0933161033109416,0.08955494718706673,0.08547494664183046,0.08348711872449602,0.08341699006739627
1979-02,0.09444260436552755,0.09172097741412995,0.08647244853991146,0.08642142022278623,0.08649479189017861
1979-03,0.09146973681516095,0.0901363101430329,0.08654695564657551,0.08566799225349069,0.08539732388461291
1979-04,0.09314164958324532,0.09195590507339349,0.08777581543181873,0.08702870551645171,0.0866828203524633
1979-05,0.09185705717513816,0.08870426178595607,0.08443520964231081,0.08441136654641443,0.08322038014176052
1979-06,0.08716109408965104,0.08280278250052514,0.0818210170106656,0.08150524208065386,0.08011929909918854
1979-07,0.08998408110986619,0.08661086322902081,0.0842713303430964,0.08351571431360713,0.08235421078670206
1979-08,0.0957968434502783,0.09118845725931883,0.08818780817787626,0.08657338071320803,0.08480948627098245
1979-09,0.10057740325073848,0.09321265410578941,0.09071954193097645,0.08813924727362532,0.08700685878005386
1979-10,0.11706833202470161,0.11009491660735651,0.106345674427242,0.10270724624659212,0.10087983184556613
1979-11,0.1060052394637499,0.10405478700988299,0.09668459375381855,0.09493290438270308,0.09500258607658527
1979-12,0.10576869554176675,0.10288524742228998,0.09870438059267249,0.09635229258079768,0.09492130015429338
1980-01,0.10988486390407684,0.10766418217967062,0.10236112727129773,0.10157778020845722,0.10066220326548389
1980-02,0.13441603311960568,0.12820601521451594,0.12441347987523603,0.11931699997119607,0.11509565724307218
1980-03,0.13871679289465805,0.1308741313902941,0.12235980844049334,0.11582213224312396,0.11543332980635673
1980-04,0.09871043744030886,0.09996377828835955,0.09695604198355723,0.0954523098926108,0.0968758258203833
1980-05,0.08180976362415618,0.08397134255676963,0.08682734387140732,0.08868693798861761,0.09150264521294586
1980-06,0.0789442804987603,0.08381061643199235,0.08650784719291295,0.08764168001805524,0.08983101715608886
1980-07,0.08529135631676266,0.09048968195069648,0.0928892968627784,0.09286018635283749,0.09600057036230952
1980-08,0.10448648695266652,0.10554205245022573,0.10643942021986912,0.10585888334592441,0.10685852717721546
1980-09,0.11110743403332907,0.11068744811830081,0.10953160193196305,0.10975974795891259,0.1088727771117157
1980-10,0.12182578926554798,0.11885115631105607,0.11628591530734,0.11416469424896403,0.11556524431445075
1980-11,0.13232932546386347,0.12331434187055501,0.12065945345729245,0.11793895502306494,0.11839898149186974
1980-12,0.12054655765179025,0.11682117052074206,0.11310265003993,0.1131197126548643,0.1122462549409539
1981-01,0.1265492918234268,0.11811362255239795,0.11555171462678814,0.11499989690886656,0.11564482409755222
1981-02,0.1313919553977913,0.12372003059760138,0.12406264600535608,0.12269219563433267,0.12232891120306513
1981-03,0.11869976869399698,0.11885705732849607,0.118973887072844,0.11983906987696723,0.12092822480200167
1981-04,0.13550021717229077,0.1334818425646573,0.12899169137829372,0.1300383396615749,0.12871943867317737
1981-05,0.13449044485556297,0.12920640907365408,0.12655865645509323,0.12544761016603934,0.12316712456885748
1981-06,0.13019902441897735,0.13092021301077839,0.12711032806832137,0.1293449630546706,0.12423304235359979
1981-07,0.14279399903066078,0.14094483791455,0.13452906698675196,0.13380000360069907,0.13113266163804446
1981-08,0.1467942503371634,0.14530577642455383,0.1445975505067147,0.13890829136245916,0.13766585603526904
1981-09,0.14352054843167567,0.14489850257498962,0.14435259548892349,0.14689923485837444,0.13977382694209348
1981-10,0.12926788285425164,0.13068715845061646,0.13140447344030695,0.13357459855053447,0.13338252921729415
1981-11,0.10483045866720227,0.10953862062020456,0.1180060233738677,0.11561140386610011,0.11503353408046033
1981-12,0.12132883731176718,0.12405245087008739,0.12641412186358408,0.12712704503253097,0.1260832994161536
1982-01,0.12716233535686602,0.12608546880249005,0.1284961051693712,0.12909419023788954,0.12764959194009826
1982-02,0.1286869071121036,0.12841471563113244,0.12722110881916726,0.12729025208753958,0.12597836690388323
1982-03,0.12801152651340217,0.12946942041905218,0.12994044347244446,0.13024859300819483,0.1270203807312539
1982-04,0.12523412364237033,0.12642751525966292,0.12575735146908876,0.12471824291546507,0.12335627985413591
1982-05,0.11962738579607914,0.12201766072049049,0.12372113313658739,0.1230631228254467,0.12334969862418275
1982-06,0.13070258723469502,0.1315893140220954,0.13282719393762482,0.12951616234293248,0.13122204806779383
1982-07,0.11575916097596518,0.12038873433565205,0.12220773889674787,0.12030300117745471,0.12390042104378239
1982-08,0.10647055013997456,0.10992863188436497,0.1146603128431273,0.11731472691824203,0.1167796945754616
1982-09,0.09714979017917251,0.10397677639613455,0.10584496460576723,0.10556096929945054,0.10805333585392277
1982-10,0.08957792251896331,0.09459215933487655,0.10015026488436152,0.09776883779767627,0.09847711553188314
1982-11,0.08811098262197398,0.09258071589667313,0.0968795633876608,0.10080207287317369,0.09944798963911222
1982-12,0.08149515791654505,0.08864769849601627,0.09380323928081813,0.09669562424627645,0.09773594458998182
1983-01,0.08353072258606407,0.08945379155717939,0.09549270031795151,0.09531298814043601,0.099521824209445
1983-02,0.08115191383155865,0.08741117775972904,0.09099283455400434,0.09461697932984602,0.09570002953172575
1983-03,0.08727281823481117,0.09229547991183955,0.0953735240254555,0.0949144870765331,0.09885933561558881
1983-04,0.08264295740221746,0.08805844260521273,0.09127619360459846,0.09277670012531347,0.09551286271103852
1983-05,0.08827057538527126,0.09340750391877518,0.09567041611894082,0.09835628337046042,0.10035381142790148
1983-06,0.08983045805894985,0.09563815732991572,0.09684084776991951,0.09906282061100902,0.10209659995867566
1983-07,0.0970491956703466,0.10155691828461609,0.10390069696205508,0.10785832669357225,0.10905488748791001
1983-08,0.09797342317063941,0.10295213152892668,0.10555525343191109,0.10887533153229377,0.11101580196758079
1983-09,0.09211418115362754,0.09778495965705528,0.10126562912397624,0.10228901294830588,0.10685389955989577
1983-10,0.0908059110136425,0.09824776137487592,0.1022251817456455,0.10487724808117063,0.1063813321358831
1983-11,0.092138107723334,0.09889049333431335,0.10136713751853524,0.10511560432961814,0.10539049836912934
1983-12,0.09351661686025871,0.10010366868674216,0.10205020818797843,0.10586127463030708,0.10760234587984756
1984-01,0.09107955236550855,0.09837157028183144,0.10070169578030452,0.1037891245583678,0.10577488306414254
1984-02,0.09456218850422746,0.10199377586697904,0.10434836276101861,0.10727530534368014,0.10880801145544698
1984-03,0.10108985632840174,0.10681483398567124,0.10932963707783451,0.11219671123492302,0.11353054613460135
1984-04,0.1017080274875516,0.10959923872759653,0.11128539251841854,0.11374302093880861,0.11593905852760725
1984-05,0.11236867356129604,0.11891754036837546,0.12173780803494305,0.12325731707439413,0.1257542049832217
1984-06,0.1126084288209386,0.12018361784758248,0.12317566001782732,0.12408119034756152,0.12531186120561322
1984-07,0.1093571581049083,0.11536418978567693,0.1161222829385986,0.1169092190300344,0.11804187606241288
1984-08,0.11108301711127579,0.11482700632613461,0.1155528391422394,0.11682166510008313,0.11745305571676878
1984-09,0.10478715303848014,0.11091603200662711,0.11252984829097128,0.1142319911095792,0.11477115879042
1984-10,0.09640206379388296,0.1027531580324669,0.10519846371682476,0.10630073343079258,0.10679695621389067
1984-11,0.09055379176307789,0.09740336184201538,0.10073117789382381,0.10420659538769973,0.10471110234315327
1984-12,0.0863421009105557,0.0933658239400123,0.09881471765484423,0.10121164282306894,0.10411615864415984
1985-01,0.08468599209549187,0.09239768692762534,0.09632334155919378,0.10027882204385666,0.1005931566254324
1985-02,0.09236306950181812,0.09896318650066306,0.10240363409285601,0.10671369315324161,0.107101882046078
1985-03,0.09107016428694607,0.09701664160139653,0.101038591703851,0.10541281953682653,0.10535812645831609
1985-04,0.08546556521066492,0.09317438554517428,0.09720522021381792,0.10183195820919336,0.10228858543060568
1985-05,0.077414083724169,0.08382888406334703,0.08813720284493679,0.09270501128354526,0.09281505493288215
1985-06,0.07398701208339113,0.08234658297116242,0.088400471357207,0.09203479440253615,0.09267027137433596
1985-07,0.07836751536395416,0.08466566347773345,0.09050868700556153,0.0953637719322594,0.09457472877747287
1985-08,0.077268031917574,0.08472355032783693,0.0880718483632329,0.09284330337715913,0.09267202868747904
1985-09,0.07717022220299069,0.0834756031163607,0.08771972448075901,0.09217247737696273,0.09337204348656494
1985-10,0.07483316014127353,0.08191567761417755,0.0851738330928183,0.08894956849045671,0.09076233573266017
1985-11,0.07407515582998428,0.07969126380963919,0.08230189467553421,0.08605619727070739,0.08784251977800353
1985-12,0.07212265937638224,0.07558831447041872,0.07843653302888696,0.08098385578388366,0.08271681518691543
1986-01,0.07303516411798791,0.07536703367297876,0.07895440954311785,0.08123430871720115,0.08290251663830732
1986-02,0.07117888730846521,0.07273822804571761,0.07439601706042823,0.07588048106039967,0.07723864684249362
1986-03,0.06570394635179336,0.06604222797608064,0.06844573584492882,0.07031711839833839,0.07116727926281785
1986-04,0.06294566035377308,0.06486745984604965,0.06893158911204277,0.0701594643161025,0.07137799284418653
1986-05,0.06611482078300612,0.07052338734529408,0.07359682936360727,0.07731633254465574,0.07787554121867463
1986-06,0.06220919154448396,0.06553866273568294,0.06876404825459953,0.07183202518521724,0.07238009709868104
1986-07,0.060122007381354134,0.06266494345107414,0.06808017203115156,0.06924957334559238,0.07129071758890948
1986-08,0.05323775049173793,0.05763736533796849,0.06133457663743123,0.06339221229204464,0.06428760125081559
1986-09,0.056599981652530204,0.061314266828604004,0.06505767691957881,0.06882749053633305,0.07026640216202533
1986-10,0.0549670328633615,0.05971450920945164,0.06316882013901864,0.06562317664350803,0.0681517518076989
1986-11,0.055734911056310184,0.05933305048008286,0.06159891539503655,0.06414659232253138,0.0652735503777103
1986-12,0.05883923433439454,0.061058846868561806,0.0630198815933116,0.0642667267677995,0.06684633512535158
1987-01,0.057371081197207616,0.060131881861619184,0.062486671704630965,0.06446617367622319,0.06523484536151725
1987-02,0.058045121117626775,0.06087865517230146,0.06251261869682942,0.06434253593277793,0.06523891147590723
1987-03,0.05998678327979993,0.0625170084713989,0.06484371172145888,0.06628929285620583,0.06819477485411288
1987-04,0.0661287951761228,0.06988406545056557,0.07299282573601062,0.07471885245796502,0.07543006287987712
1987-05,0.06849605251623382,0.07329809522727211,0.07556829268242878,0.07706220169658737,0.07801631867231776
1987-06,0.06600291383062201,0.07090457836459048,0.07355954958904287,0.07534414990890553,0.07702407122080016
1987-07,0.0670466385380625,0.07217855794696174,0.07543702450055635,0.07681494084757122,0.07816571017886359
1987-08,0.06957389252159989,0.07533146807928864,0.0782955345525676,0.07960631043998938,0.08084516622116433
1987-09,0.07586635247778843,0.08103009653406491,0.08403993622326317,0.08629120410543963,0.08705308526634867
1987-10,0.06497809672332015,0.07353514261695665,0.07717825566470918,0.07993000126323598,0.08036132872750504
1987-11,0.06656085476664292,0.07282844380060906,0.07663830206553801,0.07945267402604766,0.08118774844172554
1987-12,0.06992121011762378,0.07360958245064912,0.07591771391333019,0.07803511743360284,0.07976793151558856
1988-01,0.06502842615904111,0.06894637970496005,0.07112771806102743,0.07305055745692071,0.07397211455500542
1988-02,0.06398580480833839,0.0676955325596531,0.06988123724436184,0.07151688859200352,0.07275917750793236
1988-03,0.06624732851398822,0.07025304947139918,0.07280171414372376,0.0749538155719776,0.0767032642949859
1988-04,0.06850617989017932,0.07345020143776212,0.07587560016532874,0.07809962568828577,0.07923370094441348
1988-05,0.07385064523532275,0.0774497236902598,0.0794775739687372,0.08176273224277253,0.08296168549326983
1988-06,0.07240562868834198,0.07571248004156418,0.07729223327048983,0.07864492248967664,0.07982312163411166
1988-07,0.07607274633238377,0.07938112262944837,0.0804859402710086,0.08165146493443876,0.08241057661159773
1988-08,0.07930118826735642,0.08185116358062945,0.08264352489272471,0.08384298120119917,0.0842392964548855
1988-09,0.07672432806382447,0.07945864114563693,0.08036245300164002,0.08073968937176525,0.08151406206934912
1988-10,0.0760520337002762,0.07766593385948053,0.07788994814018114,0.07862640710476802,0.07896451266257215
1988-11,0.08123799785723569,0.08288217963487544,0.08290540551896192,0.08369802912285883,0.08368417173314836
1988-12,0.08522321045638623,0.08558513350275763,0.08605106263165987,0.0860954699148304,0.08618793849433967
1989-01,0.08510194227652255,0.08531297403540371,0.08493053646998469,0.08509551692639088,0.08460281673571741
1989-02,0.08941888988992726,0.08902494348542536,0.08847387359845447,0.08861837891946146,0.08760159162353214
1989-03,0.0918603816018032,0.09092199347303945,0.09035622997049413,0.08930259623095237,0.08880456491230017
1989-04,0.08663540372634405,0.08688418796563371,0.0863240093854824,0.08583068193000062,0.08517860883144968
1989-05,0.08401980779346899,0.08254491308885323,0.08259784070170618,0.08242766955317042,0.08196064437767107
1989-06,0.07805553458624297,0.07608498612239148,0.0761347107613133,0.07563341785531794,0.07639372680930014
1989-07,0.07323023290976911,0.07101919961027656,0.07187400560784812,0.07173476381659177,0.0717414665001469
1989-08,0.07800345121494168,0.07915275491617553,0.07862971261140693,0.07850014358982053,0.07815342292137333
1989-09,0.07981788229531633,0.07966588564884064,0.07966333743812065,0.07934168780698368,0.07902771118010289
1989-10,0.07460651840011344,0.07395177267637934,0.07485269623280419,0.07487037887447714,0.07470413636199068
1989-11,0.0738870970748046,0.07311653420401755,0.07355089468538265,0.07401589971178885,0.0739981339799838
1989-12,0.07470516347226079,0.07450418095415728,0.07500965987569483,0.07501231273829077,0.07473682929602556
1990-01,0.07766062580937633,0.07786277022830379,0.07851479895535268,0.07894643174028783,0.07921892591441806
1990-02,0.07741950980806289,0.07918437308210864,0.07950288803875959,0.08024903646107986,0.08040249223193995
1990-03,0.07961483513749992,0.0812974764666285,0.08196788759899312,0.08192259171105148,0.08184564674237227
1990-04,0.08192178041918223,0.08387126952393607,0.08466439684587705,0.08526093303361967,0.08506727564497506
1990-05,0.07807988992572999,0.07979786365121616,0.08030921107966499,0.0811723731036455,0.08140924840260001
1990-06,0.0764695308410855,0.0773659660794706,0.07824313594176131,0.07899579964306501,0.07944086783611715
1990-07,0.07388133943825685,0.0745216330261741,0.07568092736653871,0.0765088549932937,0.07727196451563417
1990-08,0.07343653261984749,0.07598589899654973,0.07800935049342683,0.07995601019660531,0.08114370009696056
1990-09,0.07309855158477166,0.07563248562051703,0.07735555540648421,0.07932255840372894,0.08053826077150301
1990-10,0.07190443032369705,0.07326902599398306,0.07516550195367842,0.0771742675974108,0.0784397185262498
1990-11,0.07075963149582037,0.07105872884361891,0.07278489552158879,0.07470023404036191,0.07569358720092705
1990-12,0.0668949351823059,0.06816646234444164,0.07052333200964954,0.07203772182880731,0.07376836965111283
1991-01,0.0639948236882739,0.06691036910409488,0.0691726444514862,0.07171745503709714,0.07253081714418073
1991-02,0.06294428791481987,0.06675725281359454,0.0691373115191098,0.07183381177684532,0.07289430288142175
1991-03,0.061586093971993654,0.06732171732558805,0.06978674640397767,0.07264619159831835,0.07442369527341969
1991-04,0.06000470216446099,0.06462455370254827,0.06823986248735009,0.07154383167612427,0.07271686613592783
1991-05,0.06068709726568711,0.06544563862433544,0.06807524985608561,0.07184360065528413,0.0733656984387184
1991-06,0.061215788400133704,0.06628190950225143,0.07041267558370201,0.07396553203872874,0.07568591668970158
1991-07,0.059762717967372675,0.0647525375703669,0.06867819536732025,0.07244833238292314,0.07422142718348834
1991-08,0.05490606435425579,0.06110696476264818,0.06439675571313257,0.06852057351195988,0.07043196120253974
1991-09,0.052313496807743935,0.05756029229380634,0.0612538545418477,0.06508131255629611,0.06637383913793743
1991-10,0.050252739909277776,0.054600795160473066,0.058946377850700914,0.06314902142373632,0.06488415049427464
1991-11,0.04678089933198007,0.0521653813241918,0.05630336557723272,0.06160851595543072,0.06378722260599487
1991-12,0.04086715353718645,0.04621530378888652,0.050470413416313094,0.05627393743068919,0.05748619134849116
1992-01,0.042474301522160224,0.04916654473980627,0.05588945901462382,0.06059090464227152,0.06223517650593715
1992-02,0.04307092894066532,0.05104133304195158,0.056559685626524095,0.061725305476811335,0.06437743864616173
1992-03,0.045062345532243746,0.05413970095285092,0.06057199852308083,0.06527431735730455,0.06686284792941796
1992-04,0.04282896379236256,0.05257185484966072,0.05894163990165574,0.06397993753498944,0.06688449944803
1992-05,0.04180301196697861,0.050432681561757155,0.05638883938831653,0.06113559561353306,0.06470700570458682
1992-06,0.0398307781754685,0.046873449265029406,0.05309625538953893,0.05822269096851435,0.06117048341625134
1992-07,0.03517143108954498,0.04274410505185251,0.048805315804820594,0.0541168922800059,0.05679091021134186
1992-08,0.03378096160516651,0.04026715249932338,0.04632931847929082,0.052023895409352136,0.05473478470500123
1992-09,0.03057917715943984,0.03704700531105292,0.04309478507024402,0.04856534182049495,0.052169109439368776
1992-10,0.0354219263426194,0.04361139826517457,0.04944637785445559,0.05502315424026029,0.05843108538345013
1992-11,0.038471864882600654,0.046303735774600355,0.05286414103524947,0.05795495080020985,0.06056779513616083
1992-12,0.035855847603169025,0.04401558448710798,0.0507945807826506,0.05525381424795772,0.058750529564098354
1993-01,0.03387598198383819,0.04124253594350925,0.046683353395821865,0.050988298700135146,0.055121072549280434
1993-02,0.03257139011504795,0.03840169564937809,0.04322930613765627,0.048238078555950685,0.0517319702660497
1993-03,0.032974337416449034,0.03840586860391063,0.04393001819278569,0.048398024917383625,0.051142851535857015
1993-04,0.03243634013030427,0.0371587143882605,0.04252733916516695,0.047239256744157035,0.05023899443590322
1993-05,0.03566488870575512,0.04095377648240605,0.045557346805772996,0.04945667290907672,0.052560287160701595
1993-06,0.03439829740246888,0.03905268920148799,0.04302805481016221,0.04637425553215789,0.049284938565565234
1993-07,0.034349657400042304,0.04018645909731785,0.04429278440864941,0.04717765426839432,0.0506924650475622
1993-08,0.03298339388254411,0.03761011430968186,0.04137719994729404,0.04394534792800429,0.046835764576904464
1993-09,0.03317747033659316,0.03775631656814306,0.04113972751647068,0.044451915952836006,0.04666305912384802
1993-10,0.03398242487748847,0.03861210590406775,0.04207001534301046,0.04492301565172612,0.046994686517562514
1993-11,0.03567355225759666,0.04086109231565344,0.044327396979267956,0.047891695028058325,0.050162977162539014
1993-12,0.035716380175208645,0.04116383578105491,0.04367568153424227,0.048239372215942704,0.05078293731361691
1994-01,0.03456256027145295,0.039957388814562324,0.043390805397024425,0.04633865551804924,0.04893245560372659
1994-02,0.039822278390311765,0.04529884206328261,0.04898919210581154,0.05208915652997812,0.05439211747758558
1994-03,0.043793012751741016,0.05036106785829614,0.05507118998660818,0.05807969112740476,0.060173809685683866
1994-04,0.04876487284451202,0.05516449262954438,0.05930710737052122,0.062226242522727286,0.06378696395037138
1994-05,0.0516170791446032,0.0575583941423507,0.06125555601392056,0.06348866104526953,0.06505374737810293
1994-06,0.052849695284155326,0.0590389918587154,0.06191987929110226,0.06516973983618994,0.06687785847282744
1994-07,0.05168418058522264,0.05734905442745283,0.06030333805009802,0.06287945332221798,0.06455841433763264
1994-08,0.05321257930454647,0.059040074281187044,0.061679921350284064,0.0637148138204178,0.06531557154965836
1994-09,0.05713151727600484,0.06290673336547636,0.06570588846594677,0.06802858237780632,0.06964684810296153
1994-10,0.05867877871769596,0.06513007128833835,0.06781712998589397,0.069919389711012,0.07142924388285724
1994-11,0.06613052887016967,0.07006796929951885,0.0724409788889878,0.07337345283979461,0.07387870097107786
1994-12,0.06898300779751951,0.07228282488448406,0.07390899159840801,0.07413606764298503,0.07388134832030963
1995-01,0.06525746293924191,0.06879463757570535,0.07055227960588199,0.07126435028240935,0.07152284744308622
1995-02,0.06147035982929694,0.06449021200441887,0.06585100688700594,0.06673059851651324,0.06722717631444679
1995-03,0.061558656195309175,0.06454525810017407,0.06598298340626606,0.06688812292759787,0.06735821172366337
1995-04,0.06015622376222995,0.06258787009854364,0.06408467456993812,0.06513041363204576,0.06544459278284183
1995-05,0.05540525925793405,0.056152643140804905,0.05708495748935288,0.05784289676876624,0.058189128320266056
1995-06,0.05403148068347877,0.055469787896893795,0.05639537913122689,0.0573286985618968,0.05723143074692387
1995-07,0.05424084852040605,0.05624909394178985,0.05793708524905904,0.05900594389123371,0.058942327905232766
1995-08,0.054691951492951515,0.05591892947216371,0.05700005427961736,0.05802124575422238,0.05807030824072168
1995-09,0.054943119109704154,0.05559764218479501,0.05664499418780234,0.05750715842409328,0.05738397649160781
1995-10,0.05367594383886873,0.05380611037305109,0.05491596162035645,0.05573430526870281,0.055631618787067
1995-11,0.05184352758344309,0.051391322667255046,0.0521997440497272,0.053107515663134555,0.053070453991418916
1995-12,0.04960718951312343,0.049558211983479684,0.050522960189183765,0.05154511970659917,0.051661800839263174
1996-01,0.047730608669675434,0.04751830990517051,0.04893287448449917,0.050098554979937204,0.0505604470472336
1996-02,0.05012584336625884,0.052203777887532714,0.05346676091383804,0.05472945040811623,0.05508653876722894
1996-03,0.05275865860262732,0.05531867429126044,0.05686654467542552,0.058361668272940835,0.0586418379988443
1996-04,0.05385082532507138,0.05766848467135895,0.05946208856517386,0.06089977742548769,0.06124051091788068
1996-05,0.055196545588222894,0.05970950723318208,0.0616928705965177,0.06302986113101929,0.0635104222458959
1996-06,0.05490009824500466,0.05833211161477225,0.060507929784418754,0.061409384048421986,0.061785451602513135
1996-07,0.05702259304603148,0.05933472141692605,0.061271730025346416,0.06231279211086176,0.06286748184149363
1996-08,0.0566118162050968,0.06039023177210608,0.06260877904823345,0.06375791456252365,0.0641920565500644
1996-09,0.05509740454542328,0.05830425123255544,0.060231582394664314,0.06143673127874478,0.06186227672278212
1996-10,0.0529514074651148,0.055077824713488634,0.05665809121451252,0.05792782364947562,0.05829550347400498
1996-11,0.05228844672300066,0.05356603024360339,0.054871591489378015,0.05548890047115997,0.05592151769425246
1996-12,0.05312664502843227,0.056246627863896045,0.05801730033230591,0.05899131451727444,0.05957806686461906
1997-01,0.053419384308096625,0.05667626098119625,0.05826596614861225,0.05903274264368494,0.05994841529695386
1997-02,0.054348565800672044,0.0583108656620753,0.059743019594869586,0.060610628712611726,0.06122651907609598
1997-03,0.05743100050338512,0.061384589741346696,0.06319223601319732,0.06423663191459017,0.0645783793907532
1997-04,0.05642792961155423,0.06004792355328134,0.061535704102786845,0.06243687870881046,0.06285530671908837
1997-05,0.05624658815227986,0.059356383874956654,0.06067441177933547,0.06185515783383488,0.06211008831954563
1997-06,0.054562617259058976,0.058143894759721336,0.05941589851166494,0.06084790160003068,0.061143405261911456
1997-07,0.05355656081836066,0.05499378773630646,0.055644936095807444,0.056261958801978484,0.05664273383021007
1997-08,0.05531602211363189,0.056998206062323545,0.058428015542342684,0.05933498908979404,0.059448261820567484
1997-09,0.0541392882486555,0.055512916952995914,0.05643244576841321,0.0574569167557487,0.05738856426022507
1997-10,0.05163418833702639,0.05407516323109999,0.054731616685532385,0.05509323498865654,0.054766370136050006
1997-11,0.053061855506380054,0.05547461587574144,0.05600337110695037,0.05645595683656065,0.05589965763969282
1997-12,0.05269631282217542,0.05424338269488917,0.05472456528390676,0.05493970675254415,0.05475931621650443
1998-01,0.05034382843346671,0.051240954239467874,0.05147693736567807,0.052201905390556365,0.05169775241354054
1998-02,0.05193266896906764,0.05316913801164186,0.05339050756261121,0.05401186887640708,0.05357821464941917
1998-03,0.05178358678988549,0.05353240024645299,0.05419777492180576,0.05444883351251,0.05392479415238259
1998-04,0.0519249693251401,0.05358590059473221,0.054040733276430955,0.05443499103078807,0.05409538398946281
1998-05,0.05211577144649879,0.0531258411693897,0.05366279237244513,0.05410567948373064,0.053294445738850775
1998-06,0.051995282150216544,0.052585345643925224,0.05332985564486282,0.05335051922455706,0.05241591187424089
1998-07,0.052785403223994366,0.05273226029436171,0.053132061198580584,0.05344365342501702,0.05319659464998918
1998-08,0.049026737460430875,0.04699841267566794,0.047823432763777436,0.0478438059344305,0.047443125909075456
1998-09,0.04467366462281788,0.04185344709560295,0.04255620545333237,0.042153213794979466,0.04251877458370961
1998-10,0.042882684301781424,0.040765091896902445,0.04217789428721044,0.04262890640583169,0.04381550692563634
1998-11,0.04527582922632294,0.04374906749001708,0.04425881288070983,0.0453421597736151,0.044587782855192826
1998-12,0.04341982661228591,0.044188426493241076,0.04495672644199551,0.045501554693377834,0.0448590138741849
1999-01,0.043594192869870256,0.04426149217401127,0.044729917180978615,0.04493160308472493,0.044239342633159616
1999-02,0.0473715277642729,0.04956132650372377,0.05084805514833164,0.05146891984840417,0.05073234343509363
1999-03,0.045599021441958355,0.04816940435409831,0.04944695404653164,0.050202583627549556,0.05038164193626634
1999-04,0.046044632560856,0.04885921562724052,0.050076550871665224,0.050769340943457315,0.05130273634745738
1999-05,0.04822262317517493,0.05201812415250392,0.05367214298518254,0.05454249233800403,0.05483981624095066
1999-06,0.050487147348606584,0.05309253613196267,0.054153687443471564,0.054808977031874664,0.055968450514332226
1999-07,0.051494585000061356,0.05403903371618769,0.055165996188818525,0.05656671651593566,0.057500290852156466
1999-08,0.05308496174023569,0.054900837607042716,0.05621632740452574,0.05755079301447458,0.05793735997836014
1999-09,0.05233037422503373,0.05397579787184885,0.054954868638173705,0.05641236799777168,0.05709501225183881
1999-10,0.05372671539118069,0.055592669726103466,0.0565057213668854,0.0581777749007725,0.05865400513296472
1999-11,0.0560306077504437,0.057548756558637504,0.05812502395199473,0.05908830514398704,0.05957686877324669
1999-12,0.057257671517125214,0.05962215910523626,0.06031669135873715,0.0610600021142681,0.061904122747504314
2000-01,0.05983236612514325,0.06298246534763599,0.06350327700090545,0.06341128213366011,0.0644372050536994
2000-02,0.05918635799103069,0.06237496339410404,0.06298480197825582,0.06282429709707771,0.0635759547521881
2000-03,0.06108646149319897,0.06191075760999177,0.06142401559807491,0.06070717895675159,0.06061048048987167
2000-04,0.06248601565759545,0.06358165858024796,0.06283762101910859,0.0627876834497825,0.06252340545299274
2000-05,0.06076989130729486,0.0638472499186983,0.06327450130523374,0.06315428679394391,0.06249035953657009
2000-06,0.061977361141030266,0.06088988716529182,0.060139727079327056,0.06020549339601097,0.05971634954197086
2000-07,0.061680337642194286,0.06015535309303488,0.06037661525962662,0.059896874810555445,0.059486789218268984
2000-08,0.059465583660015635,0.05906273214953957,0.058451116185417304,0.057845174306044564,0.05758513427155206
2000-09,0.06007195547862664,0.05720550902702035,0.05701060518662252,0.05653190190296963,0.05631138543364945
2000-10,0.06019712464895641,0.05656744851989002,0.0565791421665966,0.0560666391529235,0.05545011175967293
2000-11,0.05667310791048122,0.054023418833668804,0.053866477149410084,0.053355214530265455,0.05245710915262704
2000-12,0.05286165163438539,0.049202555518457085,0.04960507637890344,0.0492178836465013,0.04866238340521217
2001-01,0.04546364626915918,0.044627694248768675,0.04599620623865624,0.04697918127394319,0.047295942928072925
2001-02,0.04320525413917867,0.04289971808013187,0.04460921748957852,0.045447043233088104,0.04588974086395063
2001-03,0.04069958962908296,0.04102650609300842,0.0430725912369029,0.044373152488733386,0.04514068342699629
2001-04,0.0395366515922032,0.04186522454422073,0.045337519600292156,0.04712505320499423,0.04815810421375332
2001-05,0.03719482840259785,0.04129600281968879,0.04515692292288968,0.04747994473853318,0.04853521159842526
2001-06,0.03804277355051648,0.04148237404089032,0.04555600461539545,0.048002949886503235,0.04940978125650325
2001-07,0.03397019166312535,0.03702409286554569,0.04133453113646177,0.04396383689750927,0.04562211704034953
2001-08,0.03274606403665369,0.035480987388469665,0.039745012869680296,0.04230035486459273,0.043960184339643105
2001-09,0.024840376830621423,0.0278530272693715,0.03364464821780771,0.036929756005690845,0.039729309398291474
2001-10,0.01936642690377765,0.02340658672413874,0.029169383253591443,0.03304647806924365,0.03606620520705694
2001-11,0.020300526868217303,0.028026542292908633,0.03452179924240267,0.03836015515029752,0.04018154098521119
2001-12,0.020311339910263668,0.030176695252896967,0.03739722102242625,0.04140476548452121,0.04343246320275062
2002-01,0.022506931684135017,0.030996648944235018,0.037368963905164906,0.04154262201936833,0.04416891606189084
2002-02,0.021716518403961393,0.02992855813132854,0.035568398363335134,0.03994917706046842,0.04262900866549098
2002-03,0.026538018971825176,0.03616584492974279,0.042333551860774664,0.0461635373368993,0.0488025919244452
2002-04,0.0222372763231046,0.03165303270073979,0.037846216456764815,0.04204472307302523,0.04478771442877634
2002-05,0.02243407421935352,0.03134204215456638,0.03664073728915318,0.040365698154139686,0.04316596962785821
2002-06,0.019225171627745063,0.028390000177030573,0.034003931675738605,0.03788358818324331,0.04063677123128372
2002-07,0.017084822051820367,0.02197320557052868,0.028119948385708943,0.03237306638829656,0.03568690664786759
2002-08,0.017321145009330522,0.020949019500002473,0.02515099300119772,0.029434330993438437,0.032300426096502126
2002-09,0.01419581863755882,0.016665937750820183,0.02013310664784304,0.023659426305689606,0.026339935700615467
2002-10,0.01327664630874781,0.016493777273470855,0.021034412954743877,0.02498303520108511,0.028335984324412915
2002-11,0.014951191201476354,0.020179681220161817,0.025742506619780368,0.02984154405885308,0.03264479133743591
2002-12,0.012013494796830292,0.015697331315424074,0.020122574592533447,0.024320212804244137,0.02768213848121914
2003-01,0.012755373201216835,0.016772524825676816,0.021764429017962317,0.026410569388520686,0.029963368645155565
2003-02,0.01225099678766462,0.014995041431634704,0.019126589459335156,0.023427737035445727,0.026889508053602018
2003-03,0.011380740094551823,0.014745762725747196,0.019529581727843904,0.02415713209180711,0.027858784785179013
2003-04,0.011437348015650946,0.01465536834736073,0.01963942397546475,0.024424851571879038,0.028452449385826327
2003-05,0.011575290032976247,0.01314084798134555,0.01607749139523106,0.019785567657243312,0.023233660395681886
2003-06,0.010339577827235462,0.012911104730688145,0.01685457841117502,0.02092319427216007,0.024693634902420578
2003-07,0.012179785655983237,0.017204696116021528,0.023094515963684812,0.0284706850782844,0.03305188152962353
2003-08,0.012747602718123209,0.019455419781759513,0.025141123381656427,0.03043101887513677,0.03451219809370372
2003-09,0.010490414919827556,0.01452137898282758,0.01961293657127002,0.024172009746630176,0.02838939257991297
2003-10,0.012292619714123551,0.018054291372413038,0.023763848745509745,0.028249004623336477,0.03241649587939414
2003-11,0.014249632956917696,0.020193202072371456,0.02543666164581502,0.02958533366445192,0.03328555596646805
2003-12,0.012199008644643244,0.01820683879489002,0.02345770923632489,0.02801984175102001,0.032092713313457644
2004-01,0.012181682773804346,0.018004100339283628,0.023271556850430124,0.027516141365473087,0.03131311250744659
2004-02,0.011380489227969432,0.01627471323051787,0.0212034759428295,0.02553219960192078,0.029285699747355787
2004-03,0.011390860659053955,0.01561375565567605,0.019840394925682688,0.024104247196705716,0.027679291752107833
2004-04,0.015932275251776096,0.02281817266032754,0.02852825152458959,0.03266585912893642,0.035852949445480196
2004-05,0.01788616828969128,0.024975881714576268,0.030712811335392002,0.034719928586135075,0.03782623829301128
2004-06,0.019921066857671355,0.026373612927221575,0.031110947864472785,0.034437325437387784,0.03740156575970426
2004-07,0.020350710564545352,0.026310660941445994,0.03065351812369949,0.03376362882668919,0.03666955718840646
2004-08,0.01925210532028159,0.02359567304808914,0.02694767511797823,0.030114219212161685,0.032993883599790046
2004-09,0.02135005644069749,0.02564346486588158,0.028302574954045055,0.031069044570589635,0.0333267731410557
2004-10,0.021816213068623184,0.025026355517024236,0.027535661131491113,0.03022311306044504,0.0324991180750657
2004-11,0.025898736230090716,0.029409226250122183,0.03195914723954794,0.03431350046804701,0.036359405876768315
2004-12,0.027118454528310708,0.03003969987899983,0.031821134964374206,0.033943517745507634,0.03556849408665082
2005-01,0.02894253743012906,0.03203393566305085,0.03351782178218468,0.0348855316907196,0.036283524607382024
2005-02,0.03196813841078971,0.03511896385501049,0.03676117473086529,0.03807896387660417,0.039337882427862104
2005-03,0.033545317041055345,0.03685837726859569,0.03841473409795684,0.0396249247659581,0.040653612406856866
2005-04,0.03314503526356107,0.03553127164437546,0.03643323855228942,0.0371914307605007,0.03804614224777907
2005-05,0.03314889783172243,0.0348461568341104,0.035316127345026295,0.03586043228558481,0.03645925121073336
2005-06,0.034306863814628115,0.03539812735155797,0.03552155294165089,0.03590971334243953,0.03606765491712219
2005-07,0.03777295498036266,0.038859216068421236,0.03941700345341813,0.04008758051923116,0.04012015982519237
2005-08,0.03654693589216851,0.037154081131696916,0.037204153545808284,0.0373235280276518,0.03749580925420051
2005-09,0.03981308087736752,0.040410468681771484,0.04050643179179401,0.04073319444343379,0.04064952566416774
2005-10,0.042196992345239756,0.042442823021315725,0.042841510656013694,0.04309298247695953,0.043039000413762386
2005-11,0.042999693926298724,0.042668186844159794,0.042529398887650366,0.04269524507600698,0.042714965156420065
2005-12,0.04295155615880418,0.042499391677778546,0.04226122485115022,0.04221636785960981,0.042021017840973895
2006-01,0.04444310720361961,0.0437105833861674,0.043382831636763444,0.04354539504635406,0.04313965634813224
2006-02,0.045725603408447876,0.045135025165454215,0.04494960900569649,0.0448586269840193,0.04439919343460763
2006-03,0.046975877632168456,0.04641439703616979,0.046402410721399764,0.04654316128015925,0.04641869678616947
2006-04,0.04740258755049369,0.04671285953753946,0.04688270028323889,0.04722456660214109,0.047353811126185245
2006-05,0.04911792736811535,0.048431077551375226,0.04831464098045639,0.048376375142548236,0.04849654660339591
2006-06,0.050748236945547906,0.04953887753187043,0.049265011094910445,0.04895284743257712,0.04903529636933819
2006-07,0.04920019867196781,0.047709657585704036,0.04732262826538364,0.047021098097300734,0.04730378895117114
2006-08,0.04809390709182332,0.04598876045752169,0.04529820645369463,0.04520878204502357,0.04523329769968006
2006-09,0.04751112362224266,0.045105265678161324,0.044412729903047204,0.04420171090591701,0.04419110380476631
2006-10,0.047392789397322214,0.04522177960109131,0.044354552354901294,0.04405065232211668,0.04402231007862729
2006-11,0.046931588549677085,0.044452224748511425,0.04333101897642811,0.04293343201831735,0.04290937196638352
2006-12,0.04819409478178168,0.04621008887493613,0.04542045408572148,0.04519908103278126,0.0452421227056898
2007-01,0.048646756151096524,0.04732507461486375,0.046495258420873084,0.04614789172315365,0.04630133876950408
2007-02,0.04720303455872318,0.044744937243868736,0.04394566409629003,0.04364493689990966,0.04363331821925532
2007-03,0.04705017374748074,0.044107743216195316,0.04375089509881901,0.043773351666483565,0.04375125486400973
2007-04,0.04758152603458922,0.044242666525210604,0.043532087321668175,0.04349226208990226,0.04355708127830327
2007-05,0.048449083725963626,0.047330138891998455,0.04678356062872078,0.04675135659754864,0.04676249612144614
2007-06,0.048188618259947746,0.04679832401621101,0.0468818507967116,0.04728057555039746,0.04748368283806014
2007-07,0.04609674810790964,0.04361263003419303,0.04342230973115896,0.04389271683213074,0.044112164412320576
2007-08,0.04269218989059145,0.040176251238843684,0.0404620915380864,0.04110893326558686,0.04134623653963738
2007-09,0.03956635489141508,0.038468219019111786,0.039328721419565095,0.04041302472822927,0.0412216568720078
2007-10,0.03947059187602065,0.03821225097909832,0.03851998129851094,0.039709752302288265,0.04050106186766705
2007-11,0.030807777024046846,0.02938543594930817,0.02989058914574186,0.03212497739012902,0.03317510880510212
2007-12,0.03218815909388875,0.029792210196847455,0.02977689967321306,0.032336035185423107,0.03373718064547658
2008-01,0.020571189980880977,0.020587109470371467,0.021690330123236522,0.025076205869850505,0.0272934393393887
2008-02,0.01673261547464453,0.016027710560323753,0.018230381135930524,0.021875930646187845,0.024529655962576464
2008-03,0.014506719464704346,0.01573335062882074,0.01733063022092394,0.02193212305009545,0.02422473575856376
2008-04,0.018923423859969504,0.022283302453034146,0.024328751935675408,0.02799854124524731,0.029745482266941136
2008-05,0.02236675979793709,0.025928670335833535,0.028934879105728104,0.032133205748911514,0.033680214901165066
2008-06,0.023387993334102058,0.02572056175351726,0.028677561923640526,0.031385161487873764,0.032759627167154304
2008-07,0.02230652363000217,0.0246301120063747,0.027668236405279056,0.030040155449703235,0.03191192593400505
2008-08,0.021302095002779797,0.023231280158066074,0.0258957108309722,0.028438910286098094,0.030435798701749214
2008-09,0.017905733486093395,0.01934070042903105,0.022604738087438698,0.026342768296886775,0.029493152151278786
2008-10,0.014206599802242648,0.013267242690780461,0.018000694207799928,0.021152252183984203,0.027989335509121235
2008-11,0.008469347192870421,0.009889650201003082,0.012560927134130035,0.012228567123464412,0.019081746714386543
2008-12,0.004093413999506282,0.005362188172337972,0.009935311621130719,0.010233907964949262,0.015629576606558313
2009-01,0.005673243846713189,0.009406636599419005,0.013172170406700587,0.014740671219448042,0.018736110457503088
2009-02,0.007747078736097221,0.009565672960363014,0.013799161569214628,0.016543576992636692,0.019790791078431035
2009-03,0.006100489710668349,0.007750681387754855,0.011560116281652624,0.013273017689627164,0.016570832496959967
2009-04,0.005063729676860596,0.00901326944812996,0.013727000807048688,0.01695622959974131,0.020101124506990493
2009-05,0.0049672798135771325,0.009248513364493883,0.01387003472384714,0.01843794068651848,0.023449551125277808
2009-06,0.005498098925462727,0.011207599209236448,0.016012797550340983,0.021493188073985627,0.02557240687614174
2009-07,0.0047395183824692055,0.011196545858152612,0.01568616012976641,0.020559394257754184,0.025215765278184272
2009-08,0.004164720308439159,0.009727643170858788,0.014446110105801489,0.019461778703732804,0.023865185121110768
2009-09,0.004168620359800124,0.009504235942295765,0.014088139592167499,0.01861722745395903,0.023197118591396157
2009-10,0.00403800677208254,0.008854717262307996,0.013428521864724359,0.018835830672975572,0.023134685136540493
2009-11,0.002829220629354704,0.00635715323290453,0.010773992643023764,0.015525559807556726,0.0200253792991346
2009-12,0.005013046149958973,0.011283724237147099,0.016413706097646055,0.02169354572508587,0.02682716382323847
2010-01,0.0030997284938847395,0.007854170721860908,0.013206443624365191,0.018214412149342017,0.023237501803172158
2010-02,0.003639741374518752,0.008088885979197366,0.013460429662920572,0.018372989974429602,0.023118478772652995
2010-03,0.004566483437438417,0.009990923745708098,0.015581281406456135,0.021107414210315152,0.02555153137940736
2010-04,0.004146262619512073,0.009398208425734121,0.014711467688747846,0.020006996860369122,0.024212623819758736
2010-05,0.0036465136204146945,0.007509925153170338,0.012159784527899807,0.017515483524816487,0.02097841278031712
2010-06,0.003067017858165583,0.005693244595552321,0.009404705151679921,0.01434520431234023,0.017813454149430197
2010-07,0.002788708585756556,0.005268322260256442,0.007975338578941936,0.012142126524055755,0.016037000491009607
2010-08,0.002478561754071686,0.004638774337579716,0.006798302293905622,0.01016149126071605,0.013342448149684698
2010-09,0.002992485875166499,0.004137586910437591,0.006451550267982549,0.009567526202945207,0.012742956341465628
2010-10,0.002665724194405343,0.003130446014842881,0.005100446539657798,0.008388224782369167,0.011711386883872237
2010-11,0.003167441077668085,0.004426694866747376,0.007135728823546693,0.010768420842246551,0.014678042568667822
2010-12,0.003510680917273724,0.005732818743362351,0.01003352765541726,0.015336026398954589,0.02019059653357053
2011-01,0.0031082583665476855,0.005369704868035282,0.009656289845193308,0.014326572974256104,0.01953048247613224
2011-02,0.003119977056730646,0.006719584205563761,0.01157787280632844,0.016573671717841854,0.021456153201060747
2011-03,0.002985542746465567,0.008096652452353418,0.013009775874491565,0.01802348193821633,0.02266963349284986
2011-04,0.002238251904489597,0.005914801338058879,0.010235944230051414,0.014926127103253169,0.01981065242265578
2011-05,0.0018503486981724213,0.004506787614366263,0.007927986272317568,0.012223993405624101,0.017045929401215743
2011-06,0.001880025230377894,0.004384767316656484,0.00817109995029189,0.012839538090316962,0.017557811151209697
2011-07,0.0022922336168839136,0.0034572390575206254,0.005544175549146882,0.009232953870015135,0.013595654751368268
2011-08,0.0014223529407819768,0.0020516186627068935,0.0033953748709332657,0.006179819696782854,0.009750042863178527
2011-09,0.001779281986815284,0.0026122076506052304,0.004236369579081312,0.006621266859643092,0.009638361101657153
2011-10,0.0015971027521157932,0.0025012418283464266,0.004061908532178588,0.006653914334605364,0.009830131350240134
2011-11,0.0017538150259281365,0.0026540304715733445,0.0041564359513356275,0.006717409963982816,0.009696816233557226
2011-12,0.0016481496956063377,0.0023986962826217264,0.0039119067401841585,0.005810498581721516,0.0085751615489071
2012-01,0.0015219764024597,0.0022233120930969436,0.0030454992483687875,0.004869417429818023,0.007224947389814536
2012-02,0.002047251889130114,0.003057005588294844,0.004521016644104804,0.006385325784067375,0.008751651628162129
2012-03,0.001711662772158458,0.0033772631715459044,0.005397398600610461,0.007830196059622983,0.010588580506811796
2012-04,0.0018216363214086468,0.002707075553210343,0.004036258197276889,0.006123421704882607,0.008266120769732002
2012-05,0.0018062899091660673,0.0027933891116905304,0.0037509970384212005,0.0053243767783880125,0.006717939055151341
2012-06,0.002083455003582653,0.0030945530134283117,0.004309091897227643,0.005886947993557775,0.007354193723509409
2012-07,0.0016841322379687036,0.0021858574816267166,0.0028922622748067885,0.0043317351242112955,0.0059526935039872705
2012-08,0.0019726926047653535,0.002374465124773779,0.0029751606146156827,0.004270459305795254,0.005983609841692979
2012-09,0.0019886711836612056,0.002356633323605442,0.0032384902186310817,0.004657304922243725,0.006287240927808283
2012-10,0.0021846573017770673,0.002912076343689221,0.0038001727975306575,0.005509526537044735,0.007303143698013225
2012-11,0.0021035113972897763,0.002618549312678114,0.0034728770180663367,0.004672809983479996,0.00622603112974396
2012-12,0.001962048891493002,0.002523923263212103,0.0036838683596308467,0.005403987565147319,0.007223270660217973
2013-01,0.0014243731426512411,0.0026844691098233,0.004220146978984566,0.006499506266926196,0.008822965799862597
2013-02,0.0016018043064616174,0.002458949081708356,0.0035559416411767874,0.005555570403442904,0.007636918319731099
2013-03,0.0013104706156086296,0.0024705016172422507,0.003638825071678999,0.005605667629209477,0.007657560032281842
2013-04,0.0010629119053406698,0.0021903916986507456,0.003224687822238593,0.00479096401140554,0.006763912695649984
2013-05,0.0013401210739946937,0.0030731175488743767,0.0051627469191652,0.007643656800394536,0.010211138248986968
2013-06,0.0015527046449538603,0.0036376006343133865,0.006906419265393123,0.010680843446463816,0.014017379924720632
2013-07,0.001529067992069862,0.00316960649284553,0.006187964125692464,0.010225321966450884,0.013915955165353638
2013-08,0.0015981379718242312,0.004102724024481306,0.008172820358694254,0.012840090990843258,0.016490847847569275
2013-09,0.0012016833493372456,0.0031976464899403493,0.006460629924989838,0.010499425009529146,0.01382818234051262
2013-10,0.0012963119760727546,0.0030457876546132892,0.00609119469675967,0.009955273720585751,0.013283383798147756
2013-11,0.0016516728256431694,0.0028866723758974666,0.005807190557305808,0.01002490266164936,0.013652947025972688
2013-12,0.0016839642563649029,0.003912770018662025,0.008008338467048189,0.013136523249156781,0.017389030825308974
2014-01,0.0009529921929773068,0.003311852526948857,0.007141148110413589,0.011338891190267732,0.014961587455516732
2014-02,0.0011809481839765016,0.003191420581058549,0.007100905728751586,0.011404935971270272,0.015137871391467921
2014-03,0.0012589550600951172,0.004199450270614021,0.008969404595929514,0.013590165362155284,0.017249191699409902
2014-04,0.001013895371935459,0.004111558399514964,0.008698184512929369,0.013248326654217655,0.01677300243434361
2014-05,0.000979321429011043,0.003710003269276731,0.008055254119541465,0.01209583972082355,0.015431794942754224
2014-06,0.0011749328455014257,0.004570293200410825,0.008912771556500845,0.013082739152436532,0.01636530923655257
2014-07,0.0014366683915464694,0.005292426922238369,0.010334551227242944,0.01492801532729717,0.01760720329382945
2014-08,0.0011455112967562447,0.00511600096880719,0.009723753183260797,0.013866893104944588,0.016376013233500613
2014-09,0.001341615988025994,0.005870900339040337,0.010902936593846002,0.015109011833970573,0.017656054773048307
2014-10,0.001317101316634192,0.0050849688078988846,0.009651445659061331,0.013663229568754048,0.016168167804936184
2014-11,0.0017060691377194749,0.004782276075613728,0.008936475872303989,0.012505918360755762,0.014833221129515893
2014-12,0.002600196600261069,0.006817525312955118,0.011031940362549713,0.014635656469207954,0.016416782507533645
2015-01,0.0016167936890276878,0.004560246600051664,0.007691264828409647,0.010149995184045687,0.011588335910709974
2015-02,0.0023371189878025923,0.006319992439200058,0.010298071817421421,0.013294949089758206,0.014983936381780017
2015-03,0.0025854273819088808,0.005647458645297257,0.00897455675218421,0.011812847844854516,0.013665341697180112
2015-04,0.002280439386098267,0.0058399875159088,0.009176894190111888,0.01218472072000068,0.014286412258879786
2015-05,0.0026586321234292514,0.006098494916827647,0.009494727138641157,0.01265253583601206,0.014930494273797116
2015-06,0.003430368049547863,0.006444514814949455,0.010227516025575738,0.013796060509132513,0.016511876069521196
2015-07,0.003638030202319966,0.00669657578269708,0.009886950321071402,0.013140816694084375,0.015406089971995865
2015-08,0.004411863352279906,0.007571848375519151,0.010884319301702968,0.013833519458136708,0.015674473221669084
2015-09,0.003889482457953194,0.006322317908753664,0.00909031891995276,0.01185538076781646,0.013692551940396973
2015-10,0.004709044530232336,0.007505071976323023,0.01028391491102697,0.013431848771391584,0.015312742103553212
2015-11,0.007156684058586501,0.009405130993570668,0.012177458221106798,0.014828372905804816,0.01662863777938601
2015-12,0.007065225243718387,0.01057560290394871,0.013179082010041848,0.01591654339232599,0.01761202674473017
2016-01,0.005270939843910778,0.007955468215567764,0.009860474095215156,0.01198890840722423,0.013420457309804169
2016-02,0.006309965877104055,0.007804144536374978,0.009037369035063553,0.011277694537927437,0.012424619494876731
2016-03,0.005835268438072228,0.007327048253474339,0.008630077105437048,0.010665412478144233,0.012136243808507289
2016-04,0.005533853840441178,0.007793481740286894,0.009353132282347711,0.011556176704447387,0.013073682158401333
2016-05,0.006896080223972323,0.008768618827842727,0.010253603275694152,0.012527299234389258,0.013846836794049336
2016-06,0.0050855710089055305,0.005881255510894296,0.0069527543787836045,0.008867749500302873,0.010067188069609514
2016-07,0.0059742640058288235,0.006501368524512999,0.007562601211142769,0.009278174006937178,0.010346411137705071
2016-08,0.006740428474054955,0.008162550939991364,0.00935571344938653,0.011223305884770824,0.012141035209042455
2016-09,0.006616066961645204,0.0077990480242420964,0.008926557645338881,0.010627765564619031,0.011683720141826193
2016-10,0.006949858087235571,0.008562882066168962,0.009955979856961885,0.01198606737131512,0.01326452608382014
2016-11,0.00885781029228626,0.011091784737376074,0.013918774014587418,0.017071264474417595,0.018616292649182197
2016-12,0.008551498807726264,0.011884675447713182,0.014410576090892897,0.017438632309616463,0.01929885217236589
2017-01,0.0082398517104023,0.012083890757722225,0.014728756629894653,0.01740763215625461,0.01911894688366264
2017-02,0.008950438523842967,0.012515372472988853,0.015219068554606481,0.01778605922074891,0.01934391692173913
2017-03,0.010113431350393439,0.012486288646955791,0.014994393063608523,0.01763531473221245,0.019177310464122837
2017-04,0.01081344222107204,0.01253996771794775,0.014416828505034415,0.01675765512605626,0.01810281753089876
2017-05,0.011883453553454694,0.012684167691717048,0.01435605257540429,0.016225738709993404,0.017472020041513252
2017-06,0.012562313593188743,0.013648925588507695,0.015434126497787502,0.017366285319645014,0.018792819062014705
2017-07,0.012382010153758002,0.013359960338211489,0.015013464923087734,0.016942618228707934,0.018264557460119867
2017-08,0.012342321229368748,0.013131581404599465,0.014225204794461783,0.015862011492985616,0.01698865787383762
2017-09,0.013373826321766324,0.014691688494249205,0.016229243135007638,0.0179946038362709,0.0192642187382072
2017-10,0.014687300046118259,0.015854373473094537,0.017254791508187883,0.018749127566233665,0.020037336533991822
2017-11,0.016227734759861463,0.017589918984565633,0.018829442890853365,0.020160126554371712,0.02115281571685474
2017-12,0.017483897027722333,0.018554145283995446,0.019531082962524725,0.020889947619388446,0.02178081226514206
2018-01,0.018580587102794626,0.021080974072422203,0.022679236054825684,0.023954166223022422,0.024822740309202472
2018-02,0.020253826863935852,0.022255703306539715,0.023811110803490295,0.025253859071036652,0.026046159849283008
2018-03,0.02062978372420834,0.02240362012078472,0.02349849208637351,0.024507111240854054,0.02521021589542084
2018-04,0.022192876457317292,0.024491893844695144,0.025987606737372076,0.0269212364168238,0.027527534637692006
2018-05,0.022343238775456034,0.02387305576240626,0.025192417347404395,0.026073518355869976,0.026536514838638368
2018-06,0.02302019282347476,0.024854907300854056,0.025796037138599587,0.026557576240225735,0.026915332829272113
2018-07,0.024085645671314545,0.026257916156732303,0.027150677412014743,0.02759791991951524,0.02795171989883302
2018-08,0.024278764607459216,0.025703158561071266,0.026400646995303843,0.026810565864044355,0.026906773327984496
2018-09,0.025823467186014203,0.027590381120395566,0.028236742324335044,0.028709095432013623,0.028911072528154703
2018-10,0.026514448714119954,0.028089319730855992,0.02868840727977525,0.02899333845244178,0.02917769697906899
2018-11,0.02644958283596638,0.027266961263893167,0.027347809520837076,0.027604282122549152,0.027672433285885888
2018-12,0.02569331196390962,0.024285595764826022,0.0241160133144403,0.024433112551725273,0.024690355450020365
2019-01,0.025004940939402327,0.024140505326136673,0.023865890284446488,0.02392923273752208,0.023962988251986977
2019-02,0.02494276157150229,0.02470455206925559,0.0245180178290879,0.02464578413847818,0.024753630890767875
2019-03,0.023399786001062465,0.022138979399440217,0.021684935201201013,0.021874830653419157,0.021931888153221498
2019-04,0.023296299875418515,0.022274284166939672,0.022038250333119024,0.022227111266460278,0.02245223875663821
2019-05,0.02180904035425411,0.019067640468752745,0.018571701871386265,0.018733277356514668,0.018826436836985587
2019-06,0.01923936449243992,0.017310803857640243,0.016949431249119237,0.01717866354950252,0.017475660146204
2019-07,0.020188276985316417,0.01850396311374057,0.018013214257472248,0.01808657987225285,0.01807685251846408
2019-08,0.017729185536125288,0.014943107317540926,0.014128081498204497,0.013955583131067923,0.013813287272443448
2019-09,0.017699309204035348,0.016135307540267287,0.015429960958881734,0.015393561798985501,0.015335615520624742
2019-10,0.014985832186798618,0.015270738360594444,0.014973258883265157,0.015049163338941463,0.015114164167704617
2019-11,0.015693848006343884,0.016094385262325088,0.01596369079923211,0.016062059840358165,0.016194392581805633
2019-12,0.015564160640776722,0.015632719159334618,0.015931773906344277,0.016487216024501455,0.01675383218686596
2020-01,0.014279382624550684,0.01308418309475568,0.01281421570238922,0.012866033410246301,0.013018713926595765
2020-02,0.010061791199769554,0.009169026024699172,0.00902498035369005,0.009262559722449793,0.009375055903492018
2020-03,0.0015932271122199582,0.0025133121552097827,0.0030204358708687973,0.0034543733493020844,0.0039465571856804405
2020-04,0.0015629718285863146,0.0020672736579857047,0.0025522991818425654,0.0032013035895284802,0.003722244063499452
2020-05,0.0018736099415179563,0.0017140021164291784,0.002115743687891626,0.0025731370978195655,0.0031920048092347543
2020-06,0.001737169279469703,0.001569373447373324,0.0017547863692198812,0.0021050558245930364,0.002944059701961125
2020-07,0.001253970159167157,0.0011078214270130193,0.001221598930594882,0.0017487320132672048,0.002178986272909306
2020-08,0.0013783019462750782,0.0013409216521627458,0.0015396270710082175,0.0021396093989374558,0.0027568361874802305
2020-09,0.0012617404568488967,0.0012634021055864281,0.0016383279581963105,0.0021059478040561046,0.002831487843586172
2020-10,0.0013127829762502336,0.0015749552980026769,0.0020004711866878754,0.0029796593380556884,0.0039783385992480415
2020-11,0.00116092602089081,0.0014776058061599837,0.001848793904957987,0.002809570627725903,0.003726627167140467
2020-12,0.0010413629988866415,0.001242523857467654,0.0015724743342891464,0.002644994837055161,0.003718246922700125
2021-01,0.0008801224162321494,0.0011684998417712032,0.0017837120817161742,0.0029487144176823235,0.00429182411745925
2021-02,0.0007961213895688303,0.0014717787158160353,0.0029753999353264397,0.005179282883168626,0.007349306202634401
2021-03,0.0007878043256171919,0.0016151938300292923,0.0036147463766764026,0.00665395170462041,0.009451417420578765
2021-04,0.0007231843778706529,0.0016536722783202663,0.0034125402511533533,0.006045815328289684,0.008562245007947888
2021-05,0.0006524460513386438,0.0014677103779538697,0.0031383309147777674,0.005665382236689949,0.008209293561113709
2021-06,0.0008911788917359094,0.002479612194773963,0.004602036341405957,0.006891943895631191,0.008940393714430044
2021-07,0.000641555966327613,0.0017406778088230285,0.003438657512986489,0.005496568839029553,0.006948081108742182
2021-08,0.000903636889817981,0.0021422156072191997,0.00413435703666617,0.006253243706772759,0.007790851544386377
2021-09,0.0008362841467841317,0.0027593302698773192,0.004995856751650762,0.007764388199690838,0.009722121121706449
2021-10,0.0014930028494729438,0.005059999546381305,0.0075969148046071125,0.010264199592900562,0.011751019533570663
2021-11,0.0024773232212956763,0.005709309683924554,0.008472953465557346,0.010593747200198686,0.01150144176865992
2021-12,0.0038372859930065483,0.007296452896446885,0.00966775640911919,0.011470568995878621,0.012572305640406208
2022-01,0.007862464273579757,0.011633833438977427,0.013758833603655216,0.01528463449071172,0.01597868618867188
2022-02,0.010032870804385257,0.014414863223490277,0.016189086922168694,0.017000276587864172,0.01711692670922924
2022-03,0.01675126433181572,0.023056663901981286,0.024853538876096738,0.02493515721986611,0.024209402005273533
2022-04,0.02096570499778144,0.0265961915010186,0.028431819205210304,0.029007718816337975,0.02900189149499347
2022-05,0.021035116132681556,0.02497474728903133,0.02687529634443973,0.027638871787148696,0.027803890435379734
2022-06,0.02834333433023909,0.02895420532828809,0.02952096981247998,0.029844750025440046,0.029876494996372144
2022-07,0.02893243075613116,0.02814115439827392,0.027551164489885354,0.026696370178443896,0.0262354736448962
2022-08,0.034051591033523225,0.03386358030706425,0.03433385297611333,0.03384988418935698,0.03274880052437669
2022-09,0.04027997006573901,0.041563606263319335,0.04145322632548418,0.04073404348577026,0.03966951633141562
2022-10,0.045728303104950706,0.04343817278515258,0.042939775927371596,0.04211636143192613,0.04099361155608052
2022-11,0.04564102828047219,0.041774368033648875,0.039007399807768885,0.03772846287288713,0.036430994600489416
2022-12,0.04550150169640008,0.04270018627100657,0.04044154046171114,0.039477545976576274,0.038811191090423657
2023-01,0.04546308676335505,0.04063011067587174,0.03748658508537084,0.036171819083691874,0.035116421978107736
2023-02,0.04947891970238811,0.04646201097578618,0.04347887998602723,0.04171640229523166,0.04040240929642597
2023-03,0.044713151502207976,0.038897562918205245,0.03654489540250909,0.03581280342863471,0.034821134629206524
2023-04,0.046244628102765535,0.03886290565032999,0.03588582753569383,0.03480698698015358,0.03390884776810638
2023-05,0.050001455641960964,0.04259442837135254,0.03909692535119041,0.03786808308700373,0.03652747052546053
2023-06,0.05203919889541703,0.047163271276882156,0.04318606455924946,0.041667864314223486,0.040121798274017476
2023-07,0.05162737431778381,0.04710247327640446,0.043431285843157,0.041669312766916926,0.04036982649397186
2023-08,0.05186001571705663,0.046909264340888206,0.043751971860877696,0.042339169157814244,0.04113397552023834
2023-09,0.052435601698155095,0.0484293576736322,0.045933529200233233,0.04523849183540541,0.044535386437050316
2023-10,0.052166988895353116,0.048978481903829606,0.04730558611904001,0.04718822412422404,0.046955061678962774
2023-11,0.04893991524866423,0.045114654685013064,0.042796969762267614,0.04201279752997486,0.04138341798873867
2023-12,0.04586080175630087,0.04086612197601404,0.03853838691303735,0.03786946550618527,0.03730680362471621
2024-01,0.04559005763617749,0.04056321989382852,0.03845267047667444,0.03765092769557565,0.03721536237960468
2024-02,0.04845718358386376,0.04455716925105105,0.042514786592346324,0.04182542389439495,0.0411018733631812
2024-03,0.04819216447709562,0.04443812082552401,0.04250241370729452,0.04160330327289668,0.040770794516488566
2024-04,0.05055267757748808,0.04857072926895899,0.04700331132485435,0.0462390163765437,0.04550829783125254
2024-05,0.04995670814431901,0.04699897609717299,0.04506212430202465,0.04413532655876165,0.043508788301562136
2024-06,0.04927856682003231,0.0456542478843899,0.043829214183113245,0.042967714190474786,0.04232267965299743
2024-07,0.0455871488275115,0.04120935428767737,0.03931211783059643,0.03838259454022681,0.03793745334927488
2024-08,0.042508786948878545,0.037956897306182756,0.036632693847076236,0.03632925544977226,0.0360936022394024
2024-09,0.03852765056747767,0.035319612998753684,0.034597870268497304,0.0347401802675454,0.03476699476419955
2024-10,0.04134517659651681,0.04025621849402851,0.04002682912947847,0.040322402954136666,0.040311490844268036
2024-11,0.04093440585308878,0.04030963625031516,0.039720461200470486,0.03965470762123461,0.0393982887972125
2024-12,0.040147348421042596,0.04106165668280956,0.04147864787344374,0.0421896936327122,0.04254242297015838
