month,f2,f3,f4,f5
1952-06,0.019605253622485348,0.02084800872284278,0.017113269087809573,0.02404085889014218
1952-07,0.02109075922384664,0.021930843966091768,0.01711101730602671,0.026638376517750778
1952-08,0.02123800600644263,0.022849725057850774,0.017402773244578132,0.028008759745803358
1952-09,0.021642692101844958,0.022468685163485172,0.017756080620609446,0.031738983514317365
1952-10,0.02183714997290253,0.02298572776429108,0.019456289379723074,0.023981555332384843
1952-11,0.022588899214613427,0.021958273112720778,0.018774301536882906,0.024385407764291905
1952-12,0.023557795504931863,0.02227282518599552,0.017869552938907393,0.025742490812179816
1953-01,0.022893227879229937,0.020838025055857905,0.02113852837608292,0.027686629561988085
1953-02,0.02283173763082341,0.0212339386615277,0.021873635331440433,0.02942732629928485
1953-03,0.023274346198633743,0.025940449074407262,0.023517062817188336,0.02938787175522793
1953-04,0.025695398132312922,0.01606823616041595,0.030571091841239934,0.03703450101759151
1953-05,0.02677785085961737,0.019088409756234867,0.03212809876196175,0.04590865623130848
1953-06,0.024353940317958154,0.020133913200374852,0.028011237779437495,0.04124523776082838
1953-07,0.0235300912567078,0.02140579667182979,0.028073240910791414,0.03830735335255567
1953-08,0.02125990885050535,0.023362130531119497,0.029288127758276425,0.040222113341420326
1953-09,0.021816617159041398,0.02475705084112686,0.021475014156122185,0.03171246704648922
1953-10,0.019753886766130064,0.021170774882374184,0.02345279810818804,0.03035175747951796
1953-11,0.02100452586084518,0.020023740295499755,0.02418874294216046,0.03880747874173887
1953-12,0.02004773267427129,0.022609119530363694,0.018986319196141008,0.032139293374654695
1954-01,0.017126796818785858,0.02111103974082166,0.017470266597635183,0.037867101847659276
1954-02,0.014764062364127858,0.01884740142819069,0.0200458621733772,0.028487371476174583
1954-03,0.013561962944763122,0.018372789441648094,0.020906983113362823,0.026686932948909073
1954-04,0.014252877598695255,0.01858296480094732,0.020129764280390372,0.017039673371537584
1954-05,0.013395120053882662,0.020732079626752883,0.02977719096613691,0.015573724106009532
1954-06,0.010877851995085043,0.02116138130400527,0.026048852425902658,0.02219266228049553
1954-07,0.012013938724873788,0.021361119051023527,0.023911932030293043,0.02307754322611602
1954-08,0.010186355375278042,0.02125321285452708,0.02407486178997608,0.026252741583904657
1954-09,0.011603558713207007,0.024368141824152034,0.01938719889057052,0.028449700319732513
1954-10,0.015506761835247384,0.02143116883342982,0.02320429040960431,0.02089290304730218
1954-11,0.01626747890808323,0.02111903849641654,0.026637025180792716,0.021735367056918184
1954-12,0.01811404118424608,0.021529410546499112,0.027808641759308736,0.021531883192901655
1955-01,0.022191670393327825,0.02079165825276586,0.027695175402998033,0.022080127858391918
1955-02,0.02122815184590504,0.023954235358654936,0.03062071343957329,0.02358959270195231
1955-03,0.02473566080500792,0.024622760208201783,0.02545645833289939,0.025316454572368974
1955-04,0.025486956460746585,0.02604280815421399,0.02228810140332263,0.02566130392921881
1955-05,0.022608644006785226,0.028394432759471497,0.02257333534923428,0.026580757395003804
1955-06,0.02463136715372035,0.029037157749500553,0.02478443523653591,0.027411104908255365
1955-07,0.025895044226288837,0.028677665358945746,0.025198145571409425,0.03230377352004975
1955-08,0.028975691607079426,0.028156716298878247,0.025837466636410067,0.03208513232868837
1955-09,0.027341647098139264,0.02653087365671239,0.028127994979995338,0.029311349557455027
1955-10,0.025101985953143433,0.026701734867622395,0.02662488792604184,0.02630882966576535
1955-11,0.02329469343536568,0.03277147071228402,0.020773246766322986,0.03208357504013577
1955-12,0.025645753189720105,0.031161032759680345,0.02088908811383433,0.0342048705486489
1956-01,0.025366510093343134,0.027645335591848785,0.025430413456874176,0.027957061563108385
1956-02,0.02358326038377264,0.029462253643669264,0.025389057859624142,0.029524025684702387
1956-03,0.028540394811681743,0.02669074444645539,0.027351060579107314,0.038852481971695885
1956-04,0.0330577718509843,0.028303725486879476,0.02485708795228958,0.034738117789869155
1956-05,0.029161403727692176,0.02706499112748504,0.02911886756621776,0.030260226604076276
1956-06,0.030421242483576756,0.026679260173705616,0.029208966999236544,0.028673027230807738
1956-07,0.03436801897696812,0.025095164525519326,0.034528347483617175,0.0332494184551914
1956-08,0.03198534953595972,0.03262805559790098,0.037688126121821125,0.035937041918810336
1956-09,0.03214478934520493,0.034610238439829216,0.03728005251818134,0.036692449569435265
1956-10,0.03292003155234406,0.03220436380189473,0.03650073835652594,0.03824198055622596
1956-11,0.035009078764323145,0.036411675790022066,0.03182460524945216,0.040867323776754866
1956-12,0.036388643554028585,0.03409270171586211,0.03433202030779642,0.04125589906835922
1957-01,0.03564129904275279,0.03022868793933861,0.032035587320189574,0.0356059360538897
1957-02,0.03444876694077796,0.03286594606503228,0.033474951103829115,0.03368892498390555
1957-03,0.03025131751665941,0.0331676228175022,0.03663162338533235,0.0337693830921261
1957-04,0.029523348522308687,0.03871155245283145,0.03555956432885196,0.0358574549224735
1957-05,0.03236303356734993,0.03947513455550934,0.03679283913793596,0.039042654564877294
1957-06,0.03386780317306344,0.04032331301618118,0.04156865201621135,0.04256777269586917
1957-07,0.03374394142514468,0.03992114146840456,0.042111386795468914,0.044255679957748845
1957-08,0.03367187158932626,0.03954214746364555,0.03948933314653455,0.03284740558148319
1957-09,0.0365533219388291,0.03813872702758814,0.039713094903420856,0.04614207776714063
1957-10,0.04044909239992748,0.039820022025871066,0.04246366542432768,0.028697197768602245
1957-11,0.025863659405370484,0.03140520409840445,0.03871146198225302,0.03970330580672887
1957-12,0.02377501722801863,0.029535133072112182,0.03190707027169162,0.027586938530790583
1958-01,0.023904756132146085,0.028098449055963322,0.03602908781475471,0.031242299925862096
1958-02,0.0205585457330307,0.02665343826973421,0.03422734760970535,0.030219898325553343
1958-03,0.023543852652558844,0.02638479845934439,0.02948960424542177,0.03102222423153575
1958-04,0.020203368489641466,0.026094119149144182,0.027964556576776003,0.033567746039055935
1958-05,0.018239851503283395,0.028108295981372367,0.022943570303469232,0.03664737894857745
1958-06,0.022113393127305613,0.0321711870131289,0.033143300113434374,0.028080554507439973
1958-07,0.02123801030824809,0.035157787094579736,0.03687194323709661,0.029854762211304287
1958-08,0.03827745717437653,0.03461843208513815,0.04297863256588269,0.03481077880429509
1958-09,0.037421867105566026,0.035642600425332835,0.0419199081550255,0.03769907968167466
1958-10,0.03433868219233066,0.04359696261059788,0.03401818020473327,0.03681420278820746
1958-11,0.03119630735878831,0.041845042394848764,0.037288800974124583,0.025616144795436252
1958-12,0.03234914030800114,0.04555481895402498,0.03943502462701265,0.03826069446566577
1959-01,0.035789926528612515,0.046350043684363004,0.04220774920117787,0.03768454512854319
1959-02,0.03312637411977518,0.04000680444319864,0.041376896043505654,0.035969296342383356
1959-03,0.03787389717304082,0.03982343908817132,0.0384898606510177,0.0408873988674921
1959-04,0.03940914665063786,0.03907429237161504,0.044079151230576985,0.0404265046146888
1959-05,0.040131770093056005,0.043337353564720196,0.04260760431096,0.0433966326427834
1959-06,0.04391792505805407,0.04167602055425461,0.04718091872618485,0.04406330904438066
1959-07,0.038094288584598596,0.04341739132877233,0.04882016107353768,0.050083952197205156
1959-08,0.043494734088624594,0.04561730568496816,0.04940184491952271,0.047140237795582685
1959-09,0.04612748867343897,0.04596097714729046,0.04689607875147092,0.043270356837402046
1959-10,0.041716230326285596,0.04928953545445584,0.04527573107482996,0.030531310038359488
1959-11,0.04607351866834489,0.04694522293362652,0.04960838457278233,0.034632161122928606
1959-12,0.048602828375221174,0.04995483079788543,0.04457440535856386,0.044328760492787916
1960-01,0.04538460235571634,0.04689355600663769,0.04474614007975303,0.045189573576528475
1960-02,0.04176855477225823,0.05022178697777552,0.04410252870191808,0.04358838199508386
1960-03,0.038208504628570776,0.03895758252181665,0.043681723166125924,0.041750562193848345
1960-04,0.03874530770484588,0.04386885007264851,0.04795172743220301,0.03537736280346074
1960-05,0.042192294736074096,0.04000417985252305,0.04647899086476713,0.04704017298088892
1960-06,0.04145480513750627,0.03785780507335633,0.04445219122704684,0.04011242726045611
1960-07,0.03304532257701043,0.030800572113148024,0.04552829905950702,0.03090559120236483
1960-08,0.029854425502492066,0.038250965085760785,0.04181463587944109,0.03404975066914201
1960-09,0.025401075185015,0.04497218810922973,0.043059947698435935,0.03013866734306908
1960-10,0.03246139998644201,0.04028383269198723,0.04225397104440666,0.03187911030993709
1960-11,0.03312257979866973,0.04079733070841886,0.04721757492234266,0.029859033519406886
1960-12,0.02884447114377106,0.037022078331911984,0.039816074769595755,0.03710491776669261
1961-01,0.03426261164822633,0.037585284557740045,0.041972160655999735,0.03708874727729927
1961-02,0.031793329498762055,0.03660792674017709,0.03846788206702584,0.035259212113892324
1961-03,0.028816838578491936,0.035597158400286245,0.03596012875940681,0.04029000654841411
1961-04,0.03182352604455829,0.03468602242282811,0.028017283540296034,0.041730493507304234
1961-05,0.03432879138420353,0.037696028416157684,0.026969981510045107,0.045971600782778343
1961-06,0.034565527716778684,0.039474750153666485,0.03895590331629577,0.03564039320251877
1961-07,0.03362598567000212,0.044795031475341675,0.035727899292950255,0.036014024758101226
1961-08,0.03400308882072536,0.04289365530383375,0.04238338401365463,0.030518922530053116
1961-09,0.03171404336579456,0.0455442755519176,0.036373741118561176,0.03318783076400372
1961-10,0.03338698201388262,0.0409520717579091,0.034655783199951384,0.04283430660704332
1961-11,0.03577039275409513,0.04159832790864029,0.03198441000432481,0.04691877587965693
1961-12,0.03594827375371662,0.04257696557294019,0.03721358941279558,0.042475558272184494
1962-01,0.03635327830730374,0.04319044770894129,0.04015195234870285,0.04182655322349882
1962-02,0.033029773533276144,0.038491982534482355,0.0387261719598819,0.04079576308691735
1962-03,0.03347514673739116,0.03610899703984607,0.039990934880614656,0.03785238476482239
1962-04,0.03483498607749191,0.03483967746709486,0.041251631392926064,0.036552587116610136
1962-05,0.0333369508454402,0.035670045793218474,0.0403828973268027,0.03735407505356372
1962-06,0.03618381087338898,0.03620991899514443,0.03922052156644179,0.03748557677238934
1962-07,0.03500843718954526,0.03696092877401083,0.03869103123343541,0.03954973097276812
1962-08,0.032417421492719325,0.036410970571130304,0.037622044908889346,0.037498803256626384
1962-09,0.031386514166539696,0.037405738840661465,0.03821914831896285,0.043727765973760685
1962-10,0.03206275321901458,0.03691409420418804,0.03608904909509186,0.0437151668183208
1962-11,0.034159622728164994,0.03653148645739214,0.03532855214966382,0.03886637725921638
1962-12,0.033735373445427486,0.03664190446466205,0.03437518967630096,0.03749242320549456
1963-01,0.030501131359248985,0.03988881423374762,0.03603096886856058,0.04068238320382858
1963-02,0.032035998051097705,0.03909602355142005,0.03701903809734769,0.04195277720263749
1963-03,0.03257125952110551,0.038632278930816215,0.040940335266367034,0.03831893225071223
1963-04,0.033979383438273295,0.03933103152062167,0.039163238304680145,0.037695762018143064
1963-05,0.03354562552604612,0.0400920769626274,0.04012077156366052,0.038647288480529146
1963-06,0.033740880525275505,0.039703650681962924,0.04162513489618491,0.0392187332509486
1963-07,0.036825256968476515,0.036818142661893066,0.04140551951203486,0.03904602378655689
1963-08,0.035489079029391,0.03650796893385075,0.042543495137644854,0.03949238179679379
1963-09,0.035673014767269313,0.036572949326913906,0.04275575102399065,0.04090119653581015
1963-10,0.037865665022771104,0.03650263982532144,0.04377943759142236,0.04089333066241213
1963-11,0.03741477219013695,0.03684210847174238,0.04156660662755576,0.04045914962647848
1963-12,0.03909007093279214,0.038835469687028695,0.04167742104643954,0.03913030117011915
1964-01,0.03918983519820651,0.039508713355906444,0.03879302338567821,0.040646507040046964
1964-02,0.039363131735794255,0.040300883140690844,0.03890178677320795,0.039929817398066836
1964-03,0.04155009201095354,0.04135775744134146,0.04118537680730927,0.03714651775456873
1964-04,0.04088974958194367,0.04100644962120663,0.0410155649419254,0.039756224395081224
1964-05,0.039260102206347854,0.03976167711640123,0.04106671959999783,0.03741164994201926
1964-06,0.037078695963681636,0.0404120479759828,0.041234845573958304,0.039188689549042394
1964-07,0.03506957856528637,0.04189057828259493,0.041887760293653264,0.04064351663774643
1964-08,0.03589360806833855,0.04152514428681264,0.04169723914094586,0.04062567268431794
1964-09,0.036304518575308635,0.041365106729253254,0.04079695807460382,0.03896783079479724
1964-10,0.03746408998554626,0.04111376695382987,0.039933065630918835,0.039536956634761894
1964-11,0.03769859437939098,0.0414019821337365,0.03962338623509987,0.039439291426602685
1964-12,0.03745473705568551,0.03978847939953746,0.03991419995712103,0.042876214841364696
1965-01,0.037085785161474545,0.038896080018168785,0.03994820906810041,0.04397089007287186
1965-02,0.03791854018646055,0.038465819364813705,0.03940479923454597,0.04495395408537947
1965-03,0.0383840432588072,0.03940984680479773,0.0386544313658041,0.04394658335142951
1965-04,0.03876035791133453,0.03987989522624362,0.03880547368471654,0.04410711210075788
1965-05,0.03906090090537379,0.03966649337950039,0.038842505177155345,0.0443544508744656
1965-06,0.03813441161092197,0.04066233265072888,0.03976122940194918,0.04304616789925314
1965-07,0.03903937700415566,0.040627596730864496,0.0421467490005662,0.040713974915289025
1965-08,0.03923755787829995,0.04173946058715258,0.04137571087200789,0.040263048713589794
1965-09,0.0406199028603442,0.042095559364483004,0.041907200755044144,0.04084397654856975
1965-10,0.04074529374651649,0.042439800619933576,0.04425662876776121,0.041435769144029605
1965-11,0.04061533610325893,0.045098749627639156,0.044335976365030644,0.041602947204825186
1965-12,0.04621910715407678,0.049301364824474864,0.04727149000435907,0.04250376350827614
1966-01,0.0461909030535112,0.04932817510924213,0.047991548034663656,0.044133784825350436
1966-02,0.047076880590358125,0.04911389181388412,0.05014433472659058,0.04671893913412059
1966-03,0.044221001918788014,0.04658180859093619,0.047818175630534865,0.04417103359533711
1966-04,0.04568763769508619,0.04792363269876761,0.0467639820382669,0.04520070069467977
1966-05,0.048003717751084245,0.048279922814284185,0.049133253832643525,0.04334408838168885
1966-06,0.0492720660738392,0.05073591655573638,0.04963785969551979,0.044853485305329704
1966-07,0.050072233203365984,0.05115108878874257,0.051370233426799444,0.048779418817622155
1966-08,0.055904798436020385,0.05464536023508064,0.05733546921669608,0.04502098616849773
1966-09,0.04675298298858536,0.05239093074500549,0.049833044832258366,0.04372120414586611
1966-10,0.047551558369125786,0.05005833231231718,0.05010135379885347,0.04633270917756985
1966-11,0.05136054207191317,0.05158830530561488,0.0509700025022069,0.04637483053972502
1966-12,0.0446584407096184,0.04925460843194482,0.04213312967694899,0.04391967775954089
1967-01,0.04282366212400849,0.046022248705747726,0.046981031206174556,0.04162955476296509
1967-02,0.04505832314151776,0.04801620627985054,0.045776665192081345,0.04453293331920763
1967-03,0.040296980763218346,0.04356681501680386,0.04514089971493887,0.04404237630202945
1967-04,0.04539692395976275,0.047215724535057554,0.04822419297300917,0.04599317021714755
1967-05,0.04576537916285941,0.047906274429826076,0.04716761319563789,0.048975439923913955
1967-06,0.046701044580307376,0.051739284472541794,0.05398920603878396,0.05418492823681595
1967-07,0.04539574042659087,0.04989653108634762,0.04924875375924992,0.05067341420825794
1967-08,0.049147865825269185,0.05200914186666687,0.04963836002204233,0.05077348167201279
1967-09,0.04899964382144742,0.053154369932124704,0.05184839407360717,0.04796078562863573
1967-10,0.054488483871997624,0.05328153987719314,0.05359837423630659,0.055584414985213604
1967-11,0.05177490491832804,0.05490927771242092,0.05303037369918784,0.05632448843655338
1967-12,0.05315639390504916,0.05565816730999139,0.05478497981302796,0.05059404660142236
1968-01,0.05027610101124219,0.054334912288096573,0.05385581667978223,0.050837455420761485
1968-02,0.05075451885577943,0.05826276464101872,0.05154485805969855,0.047857817576076905
1968-03,0.05185682352810311,0.05871724501760378,0.05643760879020818,0.047277524301900714
1968-04,0.051931311859626766,0.06133762340558237,0.05736749312443257,0.04837345103974047
1968-05,0.053667566870998024,0.0563126774922396,0.057102699050279565,0.04830143336852405
1968-06,0.05029124709713511,0.054483912559061196,0.05353778382074309,0.046091003138198694
1968-07,0.05113229626698464,0.04559987323064876,0.05050605585203266,0.04840378118851649
1968-08,0.04782683300105064,0.04965411421378238,0.04965797035856637,0.052560693639443073
1968-09,0.051587831026254215,0.04803379307927848,0.04828911014250728,0.052523438611812995
1968-10,0.05197352779263515,0.04758791654169224,0.049134840952123976,0.05544805952737608
1968-11,0.05167999442903339,0.0488496285583017,0.05203228529121692,0.05803507028915231
1968-12,0.059231579625868724,0.05429643332583718,0.06642115507465493,0.06403728785034649
1969-01,0.059978849972805864,0.055338898191578764,0.05178052301311864,0.06780673319732666
1969-02,0.057712361429484355,0.06281953999392403,0.05452091736722578,0.06543819252163288
1969-03,0.053588706401699535,0.06255624919503087,0.05840398418720391,0.0667648966597322
1969-04,0.057952841031348346,0.05992352025202216,0.053327149857282236,0.06972383593959655
1969-05,0.06250397215966304,0.06384153482324345,0.057937072061119727,0.0691405267006468
1969-06,0.06455169623481907,0.06808334067167748,0.05939334377797878,0.06819687483105352
1969-07,0.06929950643330393,0.06602618438550875,0.05861133163086987,0.06304784588596724
1969-08,0.06704659843770149,0.06754447525896673,0.06302125600661423,0.0649106379206334
1969-09,0.07535990076829698,0.07400122773027676,0.0770646502423894,0.07683064822546248
1969-10,0.06837864599620831,0.06894581739520128,0.0706963051520429,0.06467809649511264
1969-11,0.06798744187451075,0.07347960846334578,0.07072245488910717,0.06963901691716828
1969-12,0.07881754730580413,0.07922932199084645,0.07964307557060096,0.06843568196078187
1970-01,0.07668275941189807,0.07888036619801023,0.07836485077613309,0.07674653393812408
1970-02,0.06876726565390356,0.06800739466941688,0.07284422215467895,0.06831094702466983
1970-03,0.06959971106134626,0.06541534523455653,0.07649796156448313,0.06502813231320803
1970-04,0.07384184779006,0.0773428577669378,0.07740693355797618,0.0717965721471705
1970-05,0.07734804989129064,0.07069805526427017,0.07586176328484012,0.0706741941963509
1970-06,0.07428434860819463,0.07509561785107535,0.0750807209463012,0.0694927982943997
1970-07,0.07286539087091139,0.07303461023369806,0.07678178761689522,0.06691926343318999
1970-08,0.06971903770771337,0.07274727232475964,0.07581712376089053,0.06592444012467996
1970-09,0.06308732556216544,0.07113919446583561,0.07158736253206543,0.07079177350790844
1970-10,0.06478024265766047,0.06847653046071886,0.07036819439083164,0.06740371965187603
1970-11,0.053779450901573385,0.060903691918542724,0.061907083445757904,0.0603673185259698
1970-12,0.057491975574395345,0.06297819642340019,0.057710883075225206,0.061606713043454026
1971-01,0.048575046145089486,0.06228927532779012,0.06488616982169929,0.05691513057717415
1971-02,0.04678959500175537,0.05784161639535318,0.05928325478306368,0.05737310565848547
1971-03,0.0443420118584334,0.05111346514584639,0.05575585487397566,0.054733927335335414
1971-04,0.057168617172433836,0.064772253753697,0.05891420492908597,0.06463208210777599
1971-05,0.057644153789609257,0.06502482418103149,0.05652345670201778,0.07402909441433761
1971-06,0.06269020603680883,0.07227245713379776,0.06224409026830341,0.07198473785750176
1971-07,0.06308671706009415,0.07292933975791013,0.06869714006704519,0.06906465520971289
1971-08,0.05469556642016835,0.060486784503147706,0.058919149573066126,0.06685912100597133
1971-09,0.0537416640767926,0.05972395554780087,0.05945005898057992,0.06525240981542504
1971-10,0.051932336913054065,0.055454131170586576,0.05918365276933049,0.06370949371448356
1971-11,0.05235838480710998,0.055727425654582066,0.05955343488323553,0.06417682028771557
1971-12,0.05331537600597864,0.054293288555243,0.05423847030733969,0.06136789718289243
1972-01,0.05338068840516813,0.061941331359143745,0.05751787449080009,0.06464584956103323
1972-02,0.05112332191257457,0.060178600789092956,0.05850448980670059,0.06353898542751238
1972-03,0.05936659122979895,0.06091891382516265,0.059759803703983566,0.06291823389778334
1972-04,0.05553490284642688,0.06166250172717486,0.05816430341217127,0.06216179603767369
1972-05,0.051272376293538965,0.060627408145751405,0.05917240636823995,0.06139525489676165
1972-06,0.05465393642713336,0.06045137559011887,0.06118915372058295,0.0594079701554035
1972-07,0.053949954369753576,0.06302530042237882,0.06244724127547005,0.05829921095424434
1972-08,0.056182779966331614,0.062083124269642645,0.06569777978999408,0.0577210220817696
1972-09,0.05760780340729815,0.060269937491020886,0.06049910484087809,0.06049000033662827
1972-10,0.05799817456256223,0.06102053605501424,0.06329211310273666,0.059392106834861486
1972-11,0.05722213710154265,0.059562761253204394,0.06415448341887439,0.0580943740372476
1972-12,0.06118518953784263,0.05954640732943653,0.060816495742206794,0.06388819196304693
1973-01,0.06084362016738492,0.06215685137159378,0.0644264526429636,0.05835968343910003
1973-02,0.06419799813120043,0.06491713355239909,0.06481341941030708,0.06305423645289004
1973-03,0.06455307228395754,0.06288531861420885,0.062402474355688714,0.06492568646199953
1973-04,0.06354914304111053,0.06419761095452547,0.0611681761634138,0.06429996034728991
1973-05,0.06310373707325098,0.06196402465937731,0.06127848943741293,0.06581540040790163
1973-06,0.061800240912090604,0.06494379295688466,0.060197931069520594,0.06525171358862608
1973-07,0.07045276732374055,0.07192004973812827,0.07647107558855523,0.06648593406024494
1973-08,0.06720848751713542,0.06227793842814619,0.06554640108269683,0.06520601242928686
1973-09,0.0607420739516112,0.0572863075903961,0.06322260283261044,0.061648496102603145
1973-10,0.06130543722364824,0.06275569501165687,0.06548004245706415,0.06271936163014752
1973-11,0.05795065351806508,0.06232617176121824,0.06364038020043813,0.06437774312830097
1973-12,0.06067322774126585,0.06310882117518787,0.06519334357839368,0.06562513861379593
1974-01,0.06253513268756795,0.0656708079615794,0.06640804104997891,0.06497518520147438
1974-02,0.0639898025311953,0.062390751487950175,0.06868475615412431,0.06628675982085702
1974-03,0.07001950808463969,0.07097199424727904,0.07017923333273962,0.06836512011841694
1974-04,0.07349948353537565,0.07582188432170656,0.07563505891851491,0.07376352591047602
1974-05,0.07351518485371882,0.07574139224819323,0.07502035441828847,0.06808181016058956
1974-06,0.07634607380703515,0.07581962776878198,0.080982066711765,0.07250275180761295
1974-07,0.07766962014762749,0.07907684650522137,0.08043018277261454,0.07322346676202779
1974-08,0.07365834750353278,0.07636187941275832,0.07725894364590041,0.08253356722438282
1974-09,0.07860269578614493,0.07110038001338659,0.0773497643369842,0.07421863073838841
1974-10,0.07477762152807842,0.07472235892451651,0.07597030019881945,0.07518478799189554
1974-11,0.06649461691044758,0.07275089552626707,0.0709523487923962,0.0738074106309149
1974-12,0.07198578955647321,0.06855311010481219,0.06886999502292201,0.06670790982934749
1975-01,0.06954651780632362,0.06991139640584099,0.07308101012865795,0.07393166781817856
1975-02,0.06339040623561418,0.0685328073209633,0.06706848259115061,0.07936672260461614
1975-03,0.06934896345003841,0.07278057519872569,0.07606296248320182,0.07372327500221065
1975-04,0.07791621599550197,0.08035756775349509,0.07952853026434581,0.0755312371519965
1975-05,0.07282824029986172,0.07447700630801088,0.07559376028170667,0.07636288133031954
1975-06,0.07159221374847077,0.07596949884892673,0.06908162857515293,0.08459611187396332
1975-07,0.07610322789151786,0.07905691598536455,0.07343550174925917,0.07925758978773156
1975-08,0.07691532081413069,0.07737761435181006,0.0780798323856084,0.0808140998314239
1975-09,0.08139415462033649,0.07731957500524472,0.08582562243071684,0.07274482634774382
1975-10,0.0739173159192941,0.07242266889265583,0.07532657887467187,0.08208604664591446
1975-11,0.07557002560984706,0.07410130719308108,0.07182056291367273,0.08740499345936542
1975-12,0.07007323830569379,0.07341451855266037,0.07355725775131344,0.07975935042705445
1976-01,0.06881025151222414,0.07687903503864894,0.07734001009596747,0.07926131195686315
1976-02,0.07066898154324236,0.07509703039703627,0.07357959297054525,0.07606329026121478
1976-03,0.06991619020132349,0.07293841454948072,0.07555441335888541,0.07518534348779937
1976-04,0.06900170427036602,0.07230806872820131,0.07158256805259477,0.07964559998354181
1976-05,0.0749863948120468,0.0746711664655472,0.07631257197776853,0.07670812272455929
1976-06,0.07225687924960364,0.07214639753351906,0.07798233055318243,0.07594844638550552
1976-07,0.07038619390664684,0.07144462885424954,0.07626928045537018,0.07415254012895017
1976-08,0.06893000658721879,0.06798517032510973,0.07648450811167512,0.07587463923898236
1976-09,0.06507636382625079,0.07008469711894513,0.06961750722239857,0.07814612845204721
1976-10,0.06286186952833284,0.06564584252471159,0.06952624260966342,0.07465547009593726
1976-11,0.055794664473979315,0.059803296644346776,0.06410711215896706,0.06612370907030615
1976-12,0.05669806662284344,0.06252320456699645,0.05863420382658005,0.07113242438059653
1977-01,0.0636138955372734,0.07040107920036229,0.07149029366019932,0.06690517360640313
1977-02,0.06317455504196795,0.07015261979760601,0.07513421739122017,0.07091212849167527
1977-03,0.062798421140414,0.06978617011040249,0.07361632973875482,0.07325031819487837
1977-04,0.06371846127066755,0.06696774052990095,0.07622885839424914,0.07060841896221376
1977-05,0.06315038471840567,0.06612741719556664,0.07344542412979108,0.07121392054920056
1977-06,0.06142288969825737,0.063670778506149,0.07084843123742007,0.06976713593944245
1977-07,0.06414720397308611,0.06572741142310137,0.07320154190435377,0.07147654609995546
1977-08,0.06509005119808937,0.06663110149850843,0.06952303421326939,0.06909786730559664
1977-09,0.0668335937722229,0.06745232379143637,0.06931851926348698,0.07158144273754874
1977-10,0.07005725483634324,0.07072652916322317,0.07222423145736906,0.07243492710393368
1977-11,0.07085134959213278,0.06935014650623572,0.07086254820480445,0.07235452173916057
1977-12,0.07071735181119024,0.07075248023873124,0.07509299843726791,0.07651278537174572
1978-01,0.07309153919937729,0.07290016156255247,0.07633984368124946,0.07509516912928788
1978-02,0.07427292286622207,0.07541342448645938,0.0766598730512685,0.0767834798883969
1978-03,0.07641126279761472,0.0753111590564679,0.07774516182518232,0.0756106556663248
1978-04,0.07570020125776467,0.07762622367295949,0.07714236218357587,0.0790083109404256
1978-05,0.07798385921820751,0.07744332947983842,0.07831560140720373,0.08190350397476243
1978-06,0.08052297458314656,0.08006223132134593,0.07978684155481985,0.08006606817656697
1978-07,0.08161952921260623,0.07878243218529865,0.07779240040633564,0.080578350548899
1978-08,0.07940998888081363,0.07661128561262412,0.07891977972282829,0.07923294806597031
1978-09,0.07972893067180763,0.07588847452326053,0.08011820430432923,0.07976897024629148
1978-10,0.08584895697112611,0.08358073489719903,0.08441626505949473,0.07333596689552668
1978-11,0.08462892033752811,0.07759379984343728,0.07811276115426519,0.07609735966343362
1978-12,0.08726899218777921,0.084624851954577,0.0796014026619915,0.0834509335488326
1979-01,0.08579379106319186,0.0773149455513579,0.0775236349724927,0.08313647543899727
1979-02,0.08899935046273234,0.0759753907914745,0.08626833527141053,0.08678827855974813
1979-03,0.08880288347090486,0.07936824665366074,0.0830311020742362,0.0843146504091018
1979-04,0.09077016056354166,0.0794156361486692,0.08478737577035067,0.08529927969650969
1979-05,0.08555146639677398,0.07589710535502028,0.08433983725872529,0.07845643452314488
1979-06,0.07844447091139924,0.07985748603094653,0.08055791729061865,0.07457552717332722
1979-07,0.08323764534817543,0.07959226457124757,0.08124886622513933,0.0777081966790818
1979-08,0.08658007106835937,0.08218651001499114,0.0817300983192033,0.07775390850208014
1979-09,0.08584790496084034,0.08573331758135055,0.0803983633015719,0.08247730480576804
1979-10,0.10312150119001141,0.09884719006701298,0.09179196170464249,0.09357017424146213
1979-11,0.10210433455601609,0.08194420724168966,0.08967783626935666,0.09528131285211405
1979-12,0.10000179930281321,0.09034264693343749,0.08929602854517327,0.08919733044827621
1980-01,0.1054435004552644,0.09175501745455192,0.0992277390199357,0.09699989549359062
1980-02,0.1219959973094262,0.1168284091966762,0.10402756025907622,0.0982102863305766
1980-03,0.12303146988593017,0.10533116254089181,0.09620910365101581,0.11387812005928788
1980-04,0.10121711913641024,0.09094056937395259,0.09094111361977153,0.10256988953147328
1980-05,0.08613292148938309,0.09253934650068268,0.0942657203402485,0.10276547411025888
1980-06,0.0886769523652244,0.09190230871475416,0.09104317849348209,0.09858836570822338
1980-07,0.09568800758463031,0.09768852668694222,0.09277285482301478,0.10856210640019764
1980-08,0.10659761794778494,0.10823415575915588,0.10411727272409033,0.11085710250237968
1980-09,0.11026746220327255,0.10721990955928756,0.1104441860397612,0.10532489372292814
1980-10,0.11587652335656416,0.11115543329990787,0.1078010310738361,0.12116744457639772
1980-11,0.11429935827724655,0.11534967663076734,0.10977745972038239,0.12023908736708894
1980-12,0.11309578338969388,0.10566560907830586,0.11317090049966722,0.10875242408531233
1981-01,0.10967795328136909,0.1104278987755685,0.11334444375510183,0.11822453285229495
1981-02,0.11604810579741145,0.12474787682086544,0.1185808445212625,0.12087577347799494
1981-03,0.11901434596299515,0.11920754656153984,0.12243461828933694,0.12528484450213945
1981-04,0.13146346795702385,0.12001138900556657,0.13317828451141844,0.1234438347195872
1981-05,0.12392237329174519,0.12126315121797154,0.12211447129887765,0.11404518218013004
1981-06,0.13164140160257942,0.11949055818340737,0.1360488680137183,0.10378535954931656
1981-07,0.13909567679843923,0.12169752513115589,0.1316128134425404,0.12046329378742604
1981-08,0.14381730251194427,0.1431810986710364,0.12184051392969258,0.13269611472650855
1981-09,0.14627645671830358,0.1432607813167912,0.15453915296672732,0.11127219527696963
1981-10,0.13210643404698127,0.13283910341968796,0.140084973881217,0.13261425188433285
1981-11,0.11424678257320685,0.13494082888119402,0.1084275453427973,0.11272205493790122
1981-12,0.1267760644284076,0.13113746385057748,0.12926581453937164,0.12190831695064408
1982-01,0.12500860224811408,0.13331737790313353,0.13088844544344452,0.12187119874893315
1982-02,0.12814252415016128,0.12483389519523691,0.12749768189265653,0.12073082616925779
1982-03,0.1309273143247022,0.130882489579229,0.13117304161544596,0.11410753162349019
1982-04,0.12762090687695551,0.12441702388794046,0.12160091725459399,0.11790842760881926
1982-05,0.12440793564490184,0.1271280779687812,0.1210890918920246,0.12449600181912696
1982-06,0.13247604080949577,0.13530295376868368,0.11958306755885545,0.13804559096723923
1982-07,0.1250183076953389,0.12584574801893952,0.11458878801957523,0.13829010050909307
1982-08,0.11338671362875538,0.124123674760652,0.1252779691435862,0.11463956520433988
1982-09,0.11080376261309659,0.10958134102503261,0.10470898338050044,0.11802280207181165
1982-10,0.0996063961507898,0.11126647598333145,0.09062455653762053,0.10131022646871063
1982-11,0.09705044917137229,0.10547725836963612,0.11256960132971239,0.09403165670286634
1982-12,0.09580023907548749,0.10411432085042185,0.10537277914265142,0.10189722596480327
1983-01,0.09537686052829471,0.10757051783949573,0.09477385160788954,0.11635716848548094
1983-02,0.09367044168789943,0.09815614814255497,0.10548941365737102,0.10003223033924469
1983-03,0.09731814158886792,0.10152961225268739,0.09353737622976593,0.11463872977181161
1983-04,0.093473927808208,0.0977116956033699,0.09727821968745853,0.10645751305393875
1983-05,0.0985444324522791,0.10019624051927209,0.1064138851250192,0.10834392365766571
1983-06,0.1014458566008816,0.09924622864992708,0.10572873913427755,0.11423171734934223
1983-07,0.10606464089888558,0.10858825431693306,0.11973121588812374,0.11384113066526108
1983-08,0.10793083988721396,0.11076149723787992,0.11883556583344179,0.11957768370872884
1983-09,0.10345573816048301,0.10822696805781817,0.10535916442129478,0.12511344600625535
1983-10,0.10568961173610934,0.11018002248718467,0.11283344708774601,0.11239766835473297
1983-11,0.1056428789452927,0.10632042588697904,0.11636100476286682,0.10649007452717418
1983-12,0.1066907205132256,0.10594328719045096,0.11729447395729303,0.1145666308780095
1984-01,0.10566358819815433,0.10536194677725069,0.11305141089255766,0.11371791708724144
1984-02,0.10942536322973062,0.10905753654909775,0.11605613309166474,0.11493883590251436
1984-03,0.11253981164294073,0.11435924326216107,0.12079793370618852,0.11886588573331475
1984-04,0.11749044996764145,0.1146577001000626,0.1211159061999788,0.12472320888280175
1984-05,0.12546640717545487,0.12737834336807824,0.12781584419274739,0.13574175661853194
1984-06,0.12775880687422636,0.12915974435831698,0.12679778133676411,0.13023454463782003
1984-07,0.12137122146644556,0.1176384692444419,0.11927002730434183,0.12257250419192678
1984-08,0.11857099554099344,0.11700450477444899,0.1206281429736143,0.11997861818351141
1984-09,0.11704491097477408,0.11575748085965959,0.11933841956540298,0.11692782951378328
1984-10,0.10910425227105085,0.1100890750855405,0.109607542572696,0.10878184734628304
1984-11,0.10425293192095288,0.10738680999744069,0.11463284786932748,0.10672913016496738
1984-12,0.1003895469694689,0.10971250508450808,0.10840241832774306,0.11573422192852345
1985-01,0.10010938175975882,0.10417465082233068,0.11214526349784526,0.10185049495173537
1985-02,0.105563303499508,0.10928452927724189,0.11964387033439844,0.10865463761742356
1985-03,0.10296311891584699,0.10908249190875996,0.11853550303575311,0.10513935414427428
1985-04,0.10088320587968364,0.10526688955110516,0.1157121721953197,0.10411509431625499
1985-05,0.09024368440252506,0.09675384040811633,0.10640843659937066,0.09325522953022974
1985-06,0.0907061538589337,0.10050824812929618,0.10293776353852357,0.09521217926153525
1985-07,0.09096381159151275,0.10219473406121768,0.109929026712353,0.09141855615832678
1985-08,0.09217906873809986,0.09476844443402482,0.10715766841893781,0.09198692992875868
1985-09,0.0897809840297307,0.09620796720955563,0.1055307360655739,0.09817030792497378
1985-10,0.08899819508708157,0.09169014405009981,0.10027677468337193,0.09801340470147402
1985-11,0.0853073717892941,0.08752315640732425,0.09731910505622693,0.09498780980718807
1985-12,0.0790539695644552,0.08413297014582344,0.08862582404887376,0.0896486527990425
1986-01,0.0776989032279696,0.08612916128339604,0.08807400623945105,0.089575348322732
1986-02,0.07429756878297002,0.07771159508984946,0.080333873060314,0.08267130997086941
1986-03,0.06638050960036793,0.07325275158262518,0.07593126605856709,0.0745679227207357
1986-04,0.06678925933832622,0.07705984764402898,0.0738430899282817,0.07625210695652268
1986-05,0.07493195390758203,0.07974371340023365,0.08847484208780115,0.08011237591475018
1986-06,0.06886813392688193,0.0752148192924327,0.08103595597707036,0.07457238475253625
1986-07,0.06520787952079414,0.0789106291913064,0.07275777728891486,0.07945529456217787
1986-08,0.06203698018419905,0.06872899923635671,0.06956511925588488,0.06786915708589936
1986-09,0.0660285520046778,0.07254449710152842,0.08013693138659578,0.07602204866479445
1986-10,0.06446198555554178,0.07007744199815265,0.07298624615697619,0.07826605246446239
1986-11,0.06293118990385554,0.06613064522494394,0.07178962310501585,0.06978138259842598
1986-12,0.06327845940272908,0.06694195104281117,0.06800726229126322,0.07716476855555993
1987-01,0.06289268252603075,0.06719625139065454,0.07040467959099986,0.06830953210269347
1987-02,0.06371218922697615,0.06578054574588534,0.06983228764062346,0.0688244136484244
1987-03,0.06504723366299789,0.06949711822157884,0.07062603626044667,0.07581670284574105
1987-04,0.07363933572500833,0.07921034630690074,0.07989693262382819,0.07827490456752556
1987-05,0.0781001379383104,0.08010868759274212,0.08154392873906313,0.08183278657523929
1987-06,0.07580624289855895,0.07886949203794766,0.08069795086849352,0.08374375646837862
1987-07,0.07731047735586097,0.0819539576077456,0.08094868988861581,0.08356878750403307
1987-08,0.0810890436369774,0.08422366749912552,0.0835386381022547,0.08580058934586415
1987-09,0.0861938405903414,0.09005961560165968,0.093045007751969,0.09010060990998486
1987-10,0.08209218851059315,0.08446448176021423,0.08818523805881637,0.08208663858458126
1987-11,0.0790960328345752,0.08425801859539592,0.08789578990757663,0.08812804610443703
1987-12,0.07729795478367446,0.08053397683869232,0.08438732799442078,0.08669918784353148
1988-01,0.07286433325087899,0.07549039477316219,0.07881907564460056,0.07765834294734425
1988-02,0.07140526031096782,0.07425264661377928,0.07642384263492857,0.07772833317164773
1988-03,0.07425877042881014,0.0778990434883729,0.08141011985673913,0.08370105918701914
1988-04,0.07839422298534493,0.08072639762046196,0.08477170225715686,0.08377000196892437
1988-05,0.08104880214519686,0.08353327452569198,0.08861820706487852,0.08775749849525905
1988-06,0.07901933139478638,0.0804517397283411,0.08270299014723709,0.08453591821185175
1988-07,0.08268949892651296,0.08269557555412907,0.08514803892472922,0.08544702332023363
1988-08,0.08440113889390248,0.08422824751691524,0.08744135012662252,0.0858245574696308
1988-09,0.08219295422744939,0.0821700767136462,0.08187139848214092,0.08461155285968464
1988-10,0.07927983401868487,0.07833797670158238,0.08083578399852864,0.08031693489378866
1988-11,0.0845263614125152,0.08295185728713486,0.08607589993454956,0.08362874217430649
1988-12,0.08594705654912904,0.08698292088946438,0.08622869176434195,0.08655781281237679
1989-01,0.08552400579428486,0.08416566133914663,0.08559045829560946,0.08263201597302355
1989-02,0.08863099708092347,0.08737173382451269,0.08905189488248244,0.08353444243981484
1989-03,0.0899836053442757,0.08922470296540347,0.0861416950123271,0.08681243963769136
1989-04,0.08713297220492337,0.08520365222517978,0.08435069956355529,0.08257031643724588
1989-05,0.08107001838423747,0.08270369592741211,0.08191715610756312,0.0800925436756737
1989-06,0.07411443765853999,0.07623416003915695,0.07412953913733183,0.07943496262522892
1989-07,0.068808166310784,0.07358361760299126,0.07131703844282272,0.0717682772343674
1989-08,0.08030205861740938,0.07758362800186971,0.07811143652506136,0.0767665402475845
1989-09,0.07951388900236495,0.07965824101668068,0.07837673891357277,0.07777180467257971
1989-10,0.07329702695264524,0.07665454334565389,0.07492342679949601,0.07403916631204482
1989-11,0.0723459713332305,0.07441961564811284,0.07541091479100745,0.07392707105276358
1989-12,0.07430319843605378,0.07602061771876992,0.07502027132607861,0.07363489552696467
1990-01,0.07806491464723125,0.07981885640945047,0.08024133009509327,0.08030890261093898
1990-02,0.08094923635615439,0.08013991795206146,0.08248748172804071,0.08101631531538028
1990-03,0.08298011779575706,0.08330870986372238,0.08178670404722657,0.0815378668676554
1990-04,0.08582075862868992,0.086250651489759,0.08705054159684755,0.0842926460903966
1990-05,0.08151583737670233,0.08133190593656264,0.08376185917558704,0.08235674959841804
1990-06,0.07826240131785571,0.07999747566634274,0.08125379074697608,0.08122114060832569
1990-07,0.07516192661409134,0.07799951604726796,0.07899263787355865,0.08032440260499607
1990-08,0.07853526537325196,0.08205625348718104,0.08579598930614074,0.08589445969838161
1990-09,0.07816641965626239,0.0808016949784186,0.0852235673954631,0.0854010702425993
1990-10,0.07463362166426908,0.07895845387306913,0.08320056452860797,0.08350152224160579
1990-11,0.07135782619141745,0.07623722887752854,0.08044624959668129,0.07966699984318759
1990-12,0.06943798950657738,0.07523707134006533,0.07658089128628065,0.0806909609403349
1991-01,0.06982591451991586,0.07369719514626885,0.07935188679392996,0.07578426557251511
1991-02,0.07057021771236921,0.07389742893014034,0.07992331255005186,0.07713626729972745
1991-03,0.07305734067918243,0.07471680456075691,0.0812245271813404,0.08153370997382503
1991-04,0.06924440524063555,0.07547048005695373,0.08145573924244681,0.07740900397514205
1991-05,0.07020417998298378,0.07333447231958595,0.08314865305287966,0.07945408957245553
1991-06,0.07134803060436917,0.07867420774660316,0.08462410140380894,0.08256745529359294
1991-07,0.06974235717336114,0.07652951096122695,0.0837587434297318,0.08131380638574914
1991-08,0.06730786517104057,0.07097633761410133,0.08089202690844183,0.07807751196485918
1991-09,0.06280708777986874,0.06864097903793043,0.07656368659964133,0.07154394546450271
1991-10,0.058948850411668356,0.0676375432311566,0.07575695214284256,0.0718246667764279
1991-11,0.057549863316403535,0.06457933408331455,0.07752396709002474,0.07250204920825148
1991-12,0.051563454040586584,0.05898063267116625,0.07368450947381747,0.062335207019699024
1992-01,0.05585878795745232,0.0693352875642589,0.07469524152521465,0.06881226396059967
1992-02,0.05901173714323785,0.06759639079566913,0.07722216502767304,0.07498597132356333
1992-03,0.06321705637345809,0.07343659366354066,0.07938127385997568,0.07321697021787166
1992-04,0.062314745906958874,0.07168121000564578,0.07909483043499055,0.07850274710019223
1992-05,0.0590623511565357,0.06830115504143529,0.07537586428918264,0.07899264606880185
1992-06,0.05391612035459031,0.06554186763855797,0.07360199770544062,0.07296165320719925
1992-07,0.05031677901416005,0.06092773731075676,0.07005162170556181,0.0674869819366857
1992-08,0.04675334339348025,0.05845365043922569,0.06910762619953609,0.06557834188759765
1992-09,0.043514833462666005,0.05519034458862622,0.06497701207124773,0.0665841799148641
1992-10,0.05180087018772975,0.06111633703301761,0.0717534833976744,0.0720628099562095
1992-11,0.054135606666600056,0.06598495155654771,0.07322738009509097,0.07101917247996475
1992-12,0.05217532137104694,0.06435257337373586,0.06863151464387907,0.07273739082866088
1993-01,0.0486090899031803,0.05756498830044711,0.06390313461307498,0.0716521679458616
1993-02,0.044232001183708236,0.052884527114212626,0.06326439581083393,0.06570753710644575
1993-03,0.04383739979137223,0.05497831737053581,0.06180204509117743,0.06212215800975057
1993-04,0.04188108864621674,0.05326458871897985,0.061375009481127285,0.062237945202887945
1993-05,0.04624266425905698,0.05476448745250688,0.06115465121898789,0.06497474416720109
1993-06,0.043707081000507096,0.05097878602751067,0.056412857698144914,0.06092767069919461
1993-07,0.046023260794593394,0.05250543503131251,0.05583226384762907,0.06475170816423376
1993-08,0.042236834736819606,0.0489113712225184,0.051649791870135034,0.058397431172505176
1993-09,0.04233516279969296,0.047906549413125915,0.05438848126193199,0.055507631807896085
1993-10,0.043241786930647036,0.04898583422089588,0.053482016577873104,0.055281369980908074
1993-11,0.04604863237371023,0.05126000630649698,0.058584589174429436,0.05924810570046177
1993-12,0.04661129138690118,0.04869937304061697,0.06193044426104402,0.060957197704313765
1994-01,0.0453522173576717,0.050257638561948634,0.055182205881123686,0.05930765594643597
1994-02,0.05077540573625345,0.05636989219086941,0.06138904980247786,0.0636039612680154
1994-03,0.05692912296485126,0.06449143424323225,0.06710519454979452,0.06855028391880028
1994-04,0.06156411241457674,0.06759233685247491,0.07098364797934548,0.07002984966094775
1994-05,0.0634997091400982,0.06864987975706027,0.07018797613931643,0.07131409270943656
1994-06,0.06522828843327548,0.06768165415587596,0.074919321471453,0.07371033301937746
1994-07,0.06301392826968302,0.06621190529538841,0.07060779913857784,0.0712742583992913
1994-08,0.06486756925782762,0.06695961548847812,0.06981949123081899,0.07171860246662065
1994-09,0.06868194945494789,0.07130419866688759,0.07499666411338496,0.07611991100358234
1994-10,0.07158136385898074,0.07319124738100521,0.07622616888636607,0.07746866057023816
1994-11,0.07400540972886803,0.0771869980679257,0.07617087469221506,0.07589969349621084
1994-12,0.07558264197144862,0.07716132502625589,0.07481729577671609,0.07286247102960802
1995-01,0.07233181221216879,0.07406756366623526,0.07340056231199144,0.07255683608579372
1995-02,0.06751006417954081,0.06857259665218007,0.06936937340503513,0.069213487506181
1995-03,0.06753186000503897,0.06885843401845002,0.06960354149159331,0.06923856690792535
1995-04,0.06501951643485732,0.0670782835127271,0.06826763081836867,0.06670130938602609
1995-05,0.05690002702367576,0.05894958618644884,0.06011671460700632,0.059574054526265324
1995-06,0.056908095110308816,0.058246561599893096,0.060128656853906504,0.056842359487032174
1995-07,0.05825733936317364,0.0613130678635974,0.062212519817757744,0.05868786396122902
1995-08,0.057145907451375905,0.05916230389452466,0.06108482017803743,0.058266558186718886
1995-09,0.05625216525988586,0.05873969819381701,0.06009365113296608,0.05689124876166596
1995-10,0.053936276907233446,0.05713566411496719,0.058189336213741866,0.055220872860523795
1995-11,0.050939117751067,0.053816586814671497,0.05583083050335663,0.05292220730455638
1995-12,0.04950923445383594,0.05245245660059193,0.05461159825884537,0.05212852536991919
1996-01,0.047306011140665585,0.05176200364315649,0.05359559646625131,0.0524080153164192
1996-02,0.05428171240880659,0.055992726966448705,0.058517518890950776,0.05651489220367975
1996-03,0.05787868997989355,0.05996228544375569,0.06284703906548678,0.05976251690245818
1996-04,0.061486144017646516,0.06304929635280368,0.06521284400642918,0.06260344488745262
1996-05,0.06422246887814126,0.06565959732318893,0.06704083273452405,0.06543266670540232
1996-06,0.06176412498453985,0.06485956612371174,0.0641137468404317,0.06328972181887771
1996-07,0.06164684978782062,0.06514574724218715,0.0654359783674078,0.06508624076402106
1996-08,0.06416864733911537,0.06704587360048818,0.06720532110539426,0.06592862450022735
1996-09,0.061511097919687605,0.06408624471888207,0.06505217793098617,0.06356445849893147
1996-10,0.05720424196186247,0.0598186242165603,0.061737020954364924,0.05976622277212243
1996-11,0.054843613764206114,0.057482713980927275,0.05734082741650584,0.05765198658662238
1996-12,0.05936661069935982,0.06155864526912566,0.061913357072180014,0.06192507625399754
1997-01,0.05993313765429587,0.06144537648344427,0.06133307212890299,0.06361110591002955
1997-02,0.06227316552347856,0.06260732746045816,0.06321345606583814,0.06369008053003297
1997-03,0.06533817897930827,0.06680752855689856,0.06736981961876873,0.06594536929540529
1997-04,0.06366791749500844,0.06451126520179784,0.06514040252688133,0.06452901876019998
1997-05,0.062466179597633446,0.0633104675880931,0.0653973959973331,0.06312981026238865
1997-06,0.061725172260383696,0.06195990601555214,0.06514391086512791,0.06232541990943455
1997-07,0.056431014654252265,0.0569472328148094,0.05811302692049161,0.0581658339431364
1997-08,0.0586803900110152,0.06128763450238098,0.062055909732148085,0.05990135274366126
1997-09,0.05688654565733633,0.058271503399247804,0.06053032971775518,0.05711515427813055
1997-10,0.05651613812517359,0.05604452359439717,0.05617808989802903,0.05345891072562384
1997-11,0.05788737624510283,0.05706088156936823,0.05781371402539148,0.05367446085222152
1997-12,0.05579045256760291,0.05568693046194195,0.055585131158456313,0.05403775407234554
1998-01,0.05213808004546904,0.051948903618098466,0.054376809465191245,0.049681140505477256
1998-02,0.05440560705421608,0.053833246664549916,0.0558759528177947,0.05184359774146749
1998-03,0.05528121370302049,0.05552852427251129,0.05520200928462274,0.05182863671187296
1998-04,0.05524683186432432,0.054950398639828466,0.055617764293859395,0.05273695582416177
1998-05,0.054135910892280606,0.054736694778555986,0.05543434081758719,0.050049510759331284
1998-06,0.053175409137633904,0.05481887564673801,0.053412509963639776,0.048677482472976236
1998-07,0.05267911736472906,0.053931663007018335,0.05437843010432633,0.05220835954987782
1998-08,0.04497008789090501,0.04947347293999643,0.04790492544638969,0.04584040580765528
1998-09,0.03903322956838802,0.0439617221687912,0.040944238819920764,0.043981017738630196
1998-10,0.038647499492023465,0.04500349906782644,0.043981942761695425,0.048561909004854964
1998-11,0.04222230575371121,0.04527830366209536,0.0485922004523309,0.04157027518150372
1998-12,0.04495702637419624,0.0464933263395044,0.047136039447524786,0.04228885059741316
1999-01,0.044928791478152284,0.04566676719491329,0.045536660795963885,0.04147030082689837
1999-02,0.051751125243174635,0.053421512437547405,0.053331513948621734,0.047786037781851476
1999-03,0.05073978726623827,0.052002053431398285,0.052469472370603315,0.05109787517113348
1999-04,0.05167379869362504,0.052511221360514615,0.052847711158833605,0.05343631796345763
1999-05,0.05581362512983291,0.056980180650539794,0.0571535403964685,0.05602911185273721
1999-06,0.05569792491531876,0.05627599006648934,0.05677484579708397,0.06060634444416246
1999-07,0.05658348243231403,0.057419921134080204,0.060768877497287044,0.0612345881970397
1999-08,0.05671671347384974,0.05884730699949178,0.061554189844321094,0.059483627833902375
1999-09,0.05562122151866397,0.056913010170823425,0.06078486607656561,0.0598255892681073
1999-10,0.05745862406102624,0.05833182464844927,0.0631939355024338,0.060558926061733576
1999-11,0.059066905366831304,0.059277558738709185,0.06197814871996396,0.06153112329028526
1999-12,0.0619866466933473,0.061705755865738926,0.06328993438086095,0.06528060528044921
2000-01,0.06613256457012873,0.06454490030744436,0.0631352975319241,0.0685408967338566
2000-02,0.0655635687971774,0.06420447914655937,0.06234278245354338,0.06658258537262962
2000-03,0.06273505372678456,0.06045053157424117,0.058556669032781644,0.06022368662235203
2000-04,0.06467730150290046,0.06134954589682984,0.06263787074180424,0.06146629346583371
2000-05,0.06692460853010175,0.0621290040783046,0.06279364326007444,0.059834650507074816
2000-06,0.05980241318955337,0.05863940690739754,0.06040279234606272,0.057759774125810404
2000-07,0.058630368543875475,0.0608191395928101,0.05845765346334192,0.057846446849123156
2000-08,0.0586598806390635,0.05722788425717276,0.05602734866792636,0.05654497413358206
2000-09,0.054339062575414064,0.05662079750582687,0.055095792052010956,0.055429319556368734
2000-10,0.05293777239082363,0.05660252946000975,0.05452913011190422,0.05298400218667068
2000-11,0.05137372975685639,0.05355259378089264,0.05182142667283157,0.04886468764207336
2000-12,0.04554345940252878,0.05041011809979616,0.04805630544929487,0.04644038244005566
2001-01,0.04379174222837817,0.04873323021843136,0.04992810637980405,0.04856298954459187
2001-02,0.04259418202108507,0.04802821630847183,0.047960520463616846,0.047660531387400756
2001-03,0.041353422556933875,0.04716476152469186,0.04827483624422485,0.048210807180047915
2001-04,0.04419379749623826,0.05228210971243502,0.05248765401910044,0.05229030824878969
2001-05,0.045397177236779725,0.05287876312929146,0.05444901018546369,0.0527562790379936
2001-06,0.04492197453126416,0.053703265764405705,0.05534378569982659,0.055037106736503305
2001-07,0.040077994067966034,0.04995540767829394,0.05185175418065174,0.05225523761171058
2001-08,0.03821591074028564,0.04827306383210156,0.04996638084933003,0.05059950223984461
2001-09,0.030865677708121576,0.04522789011468012,0.04678507936934026,0.05092752296869399
2001-10,0.027446746544499828,0.04069497631249685,0.04467776251620027,0.0481451137583101
2001-11,0.03575255771759996,0.047512313141390754,0.04987522287398205,0.047467084324865905
2001-12,0.04004205059553027,0.051838272561484815,0.053427398870806095,0.05154325407566826
2002-01,0.039486366204335016,0.05011359382702468,0.05406359636197859,0.054674092231980886
2002-02,0.03814059785869568,0.046848078827348316,0.053091513151868275,0.053348335085581206
2002-03,0.04579367088766041,0.0546689657228384,0.057653493765273206,0.059358810274628804
2002-04,0.04106878907837498,0.05023258396881487,0.05464024292180647,0.055759679851780763
2002-05,0.04025001008977924,0.04723812755832678,0.0515405807490992,0.0543670555227323
2002-06,0.03755482872631608,0.04523179467315467,0.04952255770575743,0.051649503423445375
2002-07,0.02686158908923699,0.04041343401606947,0.045132420396059414,0.0489422676861517
2002-08,0.024576893990674423,0.03355494000358821,0.04228434497016059,0.04376480650875689
2002-09,0.019136056864081544,0.027067444441888758,0.0342383852792293,0.03706197328031892
2002-10,0.0197109082381939,0.030115684317289927,0.03682890194010881,0.04174778081772414
2002-11,0.025408171238847282,0.03686815741901747,0.04213865637607121,0.04385778045176725
2002-12,0.019381167834017856,0.028973061146752195,0.036913127439376206,0.04112984118911914
2003-01,0.020789676450136796,0.031748237402533325,0.04034899050019579,0.044174565671695074
2003-02,0.017739086075604787,0.027389685514736063,0.036331179763777435,0.040736592126227184
2003-03,0.01811078535694257,0.029097219732037324,0.03803978318369672,0.042665395558666636
2003-04,0.017873388679070516,0.029607535231672786,0.038781134361121905,0.04456284064161549
2003-05,0.014706405929714854,0.02195077822300208,0.03090979644328007,0.03702603134943619
2003-06,0.015482631634140829,0.02474152577214877,0.03312904185511523,0.0397753974234626
2003-07,0.022229606576059817,0.034874155659011384,0.044599192422083156,0.051376667334980045
2003-08,0.026163236845395815,0.03651253058145025,0.0463007053555778,0.050836914967971505
2003-09,0.018552343045827605,0.0297960517481549,0.037849229272710644,0.04525892391304415
2003-10,0.023815963030702526,0.03518296349170316,0.04170447225681667,0.04908646090362477
2003-11,0.026136771187825217,0.03592358079270215,0.04203134972036261,0.048086445174532574
2003-12,0.024214668945136797,0.03395945011919462,0.04170623929510538,0.04838419956320818
2004-01,0.02382651790476291,0.033806469872723115,0.04024989491060198,0.0465009970753406
2004-02,0.021168937233066305,0.03106100136745276,0.03851837057919462,0.04429970032909582
2004-03,0.019836650652298143,0.028293673465695963,0.0368958040097748,0.041979469973716294
2004-04,0.029704070068878985,0.03994840925311369,0.04507868194197692,0.0486013107116553
2004-05,0.03206559513946126,0.04218667057702347,0.04674128033836429,0.050251477120516114
2004-06,0.0328261589967718,0.040585617738975205,0.04441645815613278,0.049258527048970185
2004-07,0.03227061131834663,0.039339232488206484,0.0430939609356583,0.048293270635275554
2004-08,0.02793924077589669,0.0336516792577564,0.039613851494712055,0.044512541150303495
2004-09,0.029936873291065667,0.033620795130372,0.03936845342022338,0.042357687422919954
2004-10,0.028236497965425288,0.032554272360424866,0.038285468847306825,0.04160313813354832
2004-11,0.03291971627015365,0.03705898921839945,0.04137656015354421,0.04454302751165354
2004-12,0.032960945229688954,0.03538400513512296,0.04031066608890792,0.04206839945122354
2005-01,0.03512533389597264,0.036485594020452344,0.038988661416324344,0.041875496274031726
2005-02,0.03826978929923127,0.0400455964825749,0.04203233131382081,0.04437355663289383
2005-03,0.04017143749613604,0.041527447756679145,0.043255496769961876,0.04476836297045192
2005-04,0.037917508025189846,0.038237172368117356,0.03946600738513453,0.041464988196892566
2005-05,0.03654341583649837,0.03625606836685809,0.03749334710726035,0.03885452691132754
2005-06,0.03648939088848783,0.035768404121836725,0.037074194544805456,0.03669942121585282
2005-07,0.039945477156479815,0.040532578223411914,0.042099311716670265,0.0402504770490372
2005-08,0.03776122637122532,0.03730429837403103,0.03768165147318234,0.03818493416039537
2005-09,0.04100785648617545,0.04069835801183906,0.04141348239835313,0.04031485054710354
2005-10,0.04268865369739169,0.04363888592540964,0.04384739793979703,0.04282307216097381
2005-11,0.042336679762020865,0.04225182297463151,0.043192783641076815,0.04279384547807241
2005-12,0.04204722719675291,0.04178489119789357,0.04208179688498859,0.04123961776643023
2006-01,0.04297805956871519,0.042727328137955545,0.044033085275125894,0.04151670155524495
2006-02,0.044544446922460554,0.04457877668618104,0.044585680918987736,0.04256145923696095
2006-03,0.04585291644017113,0.046378438091859694,0.04696541295643772,0.04592083881021036
2006-04,0.04602313152458523,0.047222381774637764,0.048250165558847674,0.047870789222361876
2006-05,0.0477442277346351,0.0480817678386187,0.04856157762882379,0.04897723244678662
2006-06,0.04832951811819296,0.04871727822099048,0.04801635644557714,0.04936509211638246
2006-07,0.046219116499440265,0.04654856962474284,0.046116507593052025,0.04843455236665278
2006-08,0.04388361382322006,0.0439170984460405,0.044940508819010405,0.045331360318306035
2006-09,0.042699407734079986,0.043027658352818965,0.04356865391452644,0.04414867540016351
2006-10,0.04305076980486041,0.04262009786252126,0.04313895222376285,0.043908941104669696
2006-11,0.041972860947345765,0.04108860743226149,0.04174067114398505,0.042813131758648176
2006-12,0.04422608296809057,0.04384118450729217,0.04453496187396061,0.045414289397323976
2007-01,0.04600339307863098,0.044835626032891734,0.04510579162999537,0.04691512695490582
2007-02,0.042286839929014296,0.04234711780113261,0.04274275531076857,0.04358684349663794
2007-03,0.041165312684909895,0.0430371988640664,0.043840721369477226,0.04366286765411437
2007-04,0.04090380701583199,0.042110928914583304,0.04337278639460454,0.04381635803190728
2007-05,0.046211194058033284,0.04569040410216543,0.04665474450403223,0.046807054217036126
2007-06,0.04540802977247427,0.047048904357712806,0.04847674981145503,0.048296111988710866
2007-07,0.04112851196047642,0.04304166912509082,0.045303938135046073,0.04498995473307993
2007-08,0.037660312587095915,0.04103377213657183,0.04304945844808823,0.04229544963583945
2007-09,0.037370083146808494,0.04104972622047172,0.04366593465422178,0.04445618544712193
2007-10,0.03695391008217599,0.039135441937336174,0.043279065313620246,0.043666300129182184
2007-11,0.027963094874569498,0.030900895538609245,0.038828142123290485,0.037375634464994506
2007-12,0.027396261299806157,0.02974627862594427,0.04001344172205325,0.03934176248569049
2008-01,0.020603028959861956,0.02389677142896663,0.035233833109692456,0.036162373217541496
2008-02,0.015322805646002975,0.02263572228714407,0.0328125791769598,0.03514455722813094
2008-03,0.01695998179293713,0.020525189405130338,0.035736601537609984,0.03339518659243701
2008-04,0.02564318104609879,0.02841965090095793,0.03900790917396302,0.03673324635371644
2008-05,0.02949058087372998,0.03494729664551724,0.041728185678461746,0.03986825151017928
2008-06,0.02805313017293246,0.03459156226388706,0.03950796018057348,0.03825748988427646
2008-07,0.026953700382747227,0.033744485203087767,0.03715591258297578,0.039399007871212297
2008-08,0.02516046531335235,0.031224572176784454,0.036068508651475775,0.03842335236435371
2008-09,0.020775667371968704,0.029132813404254,0.037556858925231,0.04209468756884682
2008-10,0.012327885579318274,0.02746759724183886,0.030606926112537028,0.05533766880966938
2008-11,0.011309953209135743,0.017903481000383942,0.01123148709146754,0.04649446507807507
2008-12,0.006630962345169663,0.01908155851871621,0.01112969699640489,0.037212251172994516
2009-01,0.013140029352124822,0.02070323802126375,0.019446173657690406,0.034717867409723276
2009-02,0.011384267184628807,0.02226613878691786,0.024776823262902883,0.03277964742160841
2009-03,0.00940087306484136,0.019178986069448158,0.01841172191355079,0.029762091726291177
2009-04,0.012962809219399324,0.023154463524886145,0.02664391597781917,0.032680704135987226
2009-05,0.013529746915410633,0.023113077442553656,0.0321416585745325,0.04349599288031511
2009-06,0.01691709949301017,0.025623194232550054,0.037934359644919556,0.041889282084766194
2009-07,0.01765357333383602,0.024665388672994008,0.035179096641717506,0.04384124935990462
2009-08,0.015290566033278417,0.02388304397568689,0.03450878449752675,0.04147881079062263
2009-09,0.014839851524791406,0.023255946891910968,0.03220449103933362,0.041516683141144664
2009-10,0.013671427752533452,0.02257613106955708,0.035057757097729216,0.04033010299080017
2009-11,0.009885085836454355,0.019607671463262234,0.02978026130115561,0.03802465726544609
2009-12,0.017554402324335226,0.026673669818643962,0.037533064607405325,0.047361636215848865
2010-01,0.012608612949837077,0.02391098942937376,0.03323831772427249,0.043329860418492724
2010-02,0.012538030583875981,0.02420351703036698,0.033110670908956696,0.042100433965546566
2010-03,0.01541536405397778,0.02676199672795221,0.037685812621892203,0.043328000055776195
2010-04,0.01465015423195617,0.025337986214775298,0.03589358437523295,0.04103513165731719
2010-05,0.011373336685925982,0.021459503277358745,0.03358258051556653,0.03483012980231964
2010-06,0.00831947133293906,0.016827626263935122,0.029166701794321157,0.03168645349779006
2010-07,0.007747935934756328,0.013389371216312927,0.02464249035939721,0.03161649635882501
2010-08,0.006798986921087746,0.011117358206557435,0.02025105816114733,0.0260662757055593
2010-09,0.005282687945708683,0.011079476983072463,0.018915454007833184,0.02544467689554731
2010-10,0.0035951678352804193,0.009040447589287633,0.018251559510503276,0.025004035289884513
2010-11,0.005685948655826667,0.012553796737145325,0.021666496898346127,0.0303165294743529
2010-12,0.007954956569450977,0.018634945479527078,0.031243522629566575,0.03960887707203429
2011-01,0.0076311513695228785,0.018229459799509358,0.028337422361444493,0.040346120483636776
2011-02,0.010319191354396877,0.021294450007857797,0.031561068452382095,0.040986079133936315
2011-03,0.013207762158241269,0.022836022718767862,0.033064600129390616,0.04125423971138399
2011-04,0.009591350771628163,0.018878230014036483,0.028996675722858432,0.03934875370026623
2011-05,0.0071632265305601045,0.014770383588220175,0.025112014805543703,0.03633367338358231
2011-06,0.0068895094029350745,0.015743765217562704,0.026844852510392175,0.03643090339478063
2011-07,0.004622244498157338,0.009718048532399394,0.020299288832619895,0.031046458276780806
2011-08,0.0026808843846318105,0.0060828872873860095,0.01453315417433162,0.024030935528761222
2011-09,0.003445133314395177,0.0074846934360334755,0.01377595870132843,0.021706738069713398
2011-10,0.00340538090457706,0.00718324193984291,0.014429931741885692,0.022534999412779217
2011-11,0.0035542459172185526,0.007161246910860192,0.014400332001924383,0.021614441311854866
2011-12,0.003149242869637115,0.0069383276553090225,0.01150627410633359,0.019633813417649432
2012-01,0.002924647783734187,0.004689873558912475,0.01034117197416573,0.016647067229800586
2012-02,0.004066759287459574,0.007449038755724726,0.011978253203955087,0.01821695500454115
2012-03,0.005042863570933351,0.009437669458739573,0.01512858843666055,0.021622118295567046
2012-04,0.0035925147850120395,0.006694623485409981,0.01238491222769976,0.016836917029129584
2012-05,0.0037804883142149937,0.00566621289188254,0.010044515998288449,0.012292188162204655
2012-06,0.0041056510232739705,0.006738169664826305,0.010620516282548172,0.013223176643315942
2012-07,0.00268758272528473,0.004305071861166933,0.008650153672424816,0.01243652702309117
2012-08,0.0027762376447822046,0.00417655159429949,0.008156355379333966,0.012836211985283882
2012-09,0.002724595463549678,0.005002204008682361,0.008913749033081656,0.012806984950066512
2012-10,0.003639495385601375,0.005576365705213531,0.010637587755586967,0.01447761234188719
2012-11,0.0031335872280664513,0.005181532428842783,0.008272608879720974,0.012438915714799815
2012-12,0.0030857976349312043,0.006003758552468335,0.010564345181696737,0.014500403040500588
2013-01,0.003944565076995359,0.007291502717307099,0.013337584130751085,0.018116803931608198
2013-02,0.0033160938569550946,0.005749926760113651,0.011554456690241254,0.015962309984883873
2013-03,0.003630532618875872,0.0059754719805524955,0.011506195301800911,0.0158651296445713
2013-04,0.0033178714919608215,0.005293280069414288,0.00948979257890638,0.014655707432627764
2013-05,0.00480611402375406,0.009342005659746846,0.015086386444082544,0.020481064043356693
2013-06,0.0057224966236729125,0.013444056527552598,0.022004115989675894,0.0273635258377479
2013-07,0.004810144993621198,0.012224679391386332,0.022337395488726142,0.028678487960964658
2013-08,0.006607310077138381,0.01631301302712015,0.02684190288729027,0.031093875274473333
2013-09,0.005193609630543453,0.012986596795088817,0.02261581026314707,0.027143211664446505
2013-10,0.004795263333153824,0.01218200878105243,0.021547510792063997,0.02659582410839577
2013-11,0.004121671926151764,0.011648226920122488,0.022678038974680022,0.028165124483266003
2013-12,0.006141575780959148,0.016199475363820513,0.028521077595482558,0.034399061129917745
2014-01,0.0056707128609204075,0.014799739277343054,0.023932120429830162,0.029452372516512726
2014-02,0.005201892978140596,0.014919876024137663,0.02431702669882633,0.03006961307225852
2014-03,0.007139945481132925,0.0185093132465605,0.027452447660832595,0.03188529704842837
2014-04,0.007209221427094469,0.017871436739758176,0.026898753078082517,0.030871705554847424
2014-05,0.006440685109542419,0.016745755820070932,0.02421759652466981,0.028775615830476914
2014-06,0.007965653555320223,0.017597728268680887,0.02559264194024359,0.029495589573016734
2014-07,0.00914818545293027,0.020418799837252095,0.028708407627459846,0.028323955159958565
2014-08,0.009086490640858135,0.018939257612168012,0.02629631286999596,0.026412493747724718
2014-09,0.01040018469005468,0.020967009103457335,0.027727237554344288,0.027844226529359244
2014-10,0.008852836299163577,0.018784399361386227,0.025698581297832198,0.02618792074966473
2014-11,0.007858483013507982,0.01724487546568451,0.02321424582611108,0.024142432204556426
2014-12,0.011034854025649167,0.0194607704617389,0.02544680478918268,0.023541286660836408
2015-01,0.007503699511075641,0.013953301285125614,0.017526186250953806,0.01734169881736712
2015-02,0.010302865890597524,0.018254230573864147,0.022285580906768562,0.021739885549867256
2015-03,0.008709489908685633,0.015628752965958115,0.020327721122865433,0.021075317106482493
2015-04,0.009399535645719333,0.015850707538518062,0.02120820030966706,0.022693178414396206
2015-05,0.009538357710226042,0.016287191582268178,0.022125961928124764,0.02404232802493734
2015-06,0.009458661580351049,0.017793518446828305,0.024501693959802836,0.027375138311075936
2015-07,0.009755121363074194,0.016267699397820044,0.022902415813123293,0.024467183083641826
2015-08,0.010731833398758397,0.017509261154070598,0.02268111992743793,0.023038288275798582
2015-09,0.008755153359554135,0.01462632094235095,0.02015056631140756,0.02104123663071903
2015-10,0.01030109942241371,0.015841600780434867,0.022875650352485424,0.022836315432199723
2015-11,0.011653577928554835,0.017722112676179055,0.022781116959898873,0.023829697273710773
2015-12,0.014085980564179031,0.01838604022222812,0.02412892753917842,0.02439396015434689
2016-01,0.01063999658722475,0.013670485854509942,0.01837421134325145,0.01914665292012392
2016-02,0.009298323195645901,0.011503818032440702,0.017998671046519088,0.017012319322673913
2016-03,0.00881882806887645,0.011236134809362466,0.01677141859626579,0.018019569129959508
2016-04,0.010053109640132611,0.012472433366469346,0.018165309970746415,0.01914370397421712
2016-05,0.010641157431713132,0.013223572171397,0.01934838711047458,0.019124987032689646
2016-06,0.006676940012883061,0.009095752114562223,0.014612734864860678,0.01486494234683608
2016-07,0.007028473043197175,0.009685066584402307,0.014424892394320408,0.01461935966077664
2016-08,0.009584673405927772,0.011742038468176862,0.016826083190923706,0.015811952506128983
2016-09,0.00898202908683899,0.01118157688753245,0.01573138932245948,0.01590753845065484
2016-10,0.010175906045102353,0.01274217543854773,0.018076329914374828,0.018378360933840224
2016-11,0.013325759182465887,0.01957275256901011,0.026528735853908122,0.02479640534824061
2016-12,0.0152178520877001,0.019462377377252326,0.026522800965787165,0.0267397316233636
2017-01,0.01592792980504215,0.02001848837423951,0.025444258735334478,0.025964205793294767
2017-02,0.01608030642213474,0.020626460717841737,0.02548703121917619,0.025575347725700012
2017-03,0.014859145943518143,0.020010601896913987,0.02555807973802423,0.02534529339176439
2017-04,0.014266493214823461,0.01817055007920774,0.023780134989121793,0.023483467150268764
2017-05,0.013484881829979402,0.017699822342778775,0.021834797113760747,0.02245714536759265
2017-06,0.014735537583826647,0.01900452831634712,0.023162761785217548,0.024498954031493464
2017-07,0.014337910522664976,0.01832047409284022,0.022730078145568537,0.023552314385767603
2017-08,0.013920841579830182,0.016412451574186422,0.020772431588557114,0.021495243397245636
2017-09,0.016009550666732087,0.019304352416524506,0.023290685940060687,0.024342678345952398
2017-10,0.017021446900070816,0.02005562757837457,0.023232135740371015,0.025190172405024455
2017-11,0.018952103209269804,0.02130849070342883,0.024152177544926753,0.025123572366786848
2017-12,0.01962439354026856,0.021484958319583282,0.02496654158997961,0.02534427084815652
2018-01,0.02358136104204978,0.02587576001963264,0.027778956727612644,0.028297036653922678
2018-02,0.02425757974914358,0.02692192579739145,0.029582103873675727,0.029215362962268426
2018-03,0.024177456517361102,0.02568823601755109,0.027532968704295682,0.028022634513687986
2018-04,0.026790911232072997,0.02897903252272594,0.029722125455178966,0.029952727521164846
2018-05,0.025402872749356487,0.027831140517400668,0.028716821381266716,0.028388500769711944
2018-06,0.026689621778233353,0.027678296814090654,0.028842193545104172,0.028346359185457637
2018-07,0.028430186642150062,0.028936199922579627,0.028939647442016728,0.02936691981610412
2018-08,0.027127552514683316,0.027795623863769,0.028040322470265888,0.02729160318374506
2018-09,0.029357295054776928,0.029529464732214003,0.03012615475504936,0.029718980912719017
2018-10,0.02966419074759203,0.02988658237761376,0.02990813197044137,0.029915131085577834
2018-11,0.028084339691819955,0.0275095060347249,0.028373699927685375,0.027945037939232836
2018-12,0.022877879565742425,0.023776848413668852,0.025384410263580195,0.025719327043200735
2019-01,0.02327606971287102,0.02331666020106611,0.024119260096748862,0.024098010309846568
2019-02,0.024466342567008886,0.02414494934875252,0.025029083066649027,0.02518501789992665
2019-03,0.02087817279781797,0.020776846804722603,0.022444517010073592,0.022160118152430866
2019-04,0.02125226845846083,0.021566182665477725,0.022793694066484044,0.023352748717349936
2019-05,0.01632624058325138,0.017579824676653304,0.019218003811899878,0.01919907475886927
2019-06,0.015382243222840566,0.01622668603207722,0.017866360450652374,0.01866364653300992
2019-07,0.016819649242164725,0.0170317165449356,0.018306676716594653,0.018037943103309015
2019-08,0.012157029098956565,0.012498029859531638,0.0134380880296582,0.013244103837945546
2019-09,0.014571305876499227,0.01401926779611063,0.015284364319296799,0.015103830407181697
2019-10,0.01555564453439027,0.014378299928606581,0.015276876705970381,0.015374167482757231
2019-11,0.016494922518306292,0.01570230187304615,0.016357166963736333,0.016723723547595507
2019-12,0.015701277677892513,0.0165298834003636,0.018153542378972987,0.01782029683632398
2020-01,0.011888983564960676,0.0122742809176563,0.013021486533817545,0.013629435991993621
2020-02,0.00827626084962879,0.008736889011671804,0.009975297828729024,0.009825040627660916
2020-03,0.0034333971981996073,0.004034683302186827,0.0047561857846019455,0.005915292531193864
2020-04,0.0025715754873850945,0.003522350229556287,0.005148316812586225,0.005806005959383341
2020-05,0.0015543942913404005,0.002919226830816521,0.003945317327603384,0.005667475654895511
2020-06,0.0014015776152769448,0.002125612212912995,0.0031558641907125026,0.006300075211433479
2020-07,0.0009616726948588816,0.0014491539377586072,0.0033301312612841736,0.0039000033114777125
2020-08,0.0013035413580504134,0.001937037908699161,0.0039395563827251704,0.00522574334165133
2020-09,0.0012650637543239595,0.002388179663416075,0.0035088073416354873,0.0057336480017064415
2020-10,0.00183712761975512,0.0028515029640582726,0.0059172237921591275,0.007973055644017454
2020-11,0.0017942855914291574,0.0025911701025539942,0.00569190079602965,0.007394853324798724
2020-12,0.0014436847160486667,0.002232375287932131,0.005862556345353206,0.008011255265279982
2021-01,0.001456877267310257,0.003014136561606116,0.0064437214255807715,0.009664262916566958
2021-02,0.0021474360420632404,0.005982642374347248,0.011790931726695186,0.0160293994804975
2021-03,0.002442583334441393,0.007613851469970624,0.01577156768845243,0.020641280284412183
2021-04,0.0025841601787698794,0.006930276196819527,0.013945640559698677,0.018627963726580706
2021-05,0.0022829747045690955,0.006479571988425563,0.013246536202426494,0.01838493885880875
2021-06,0.004068045497812017,0.008846884634669944,0.013761666558306893,0.01713419298962546
2021-07,0.002839799651318444,0.00683461692131341,0.011670302817158744,0.0127541301875927
2021-08,0.0033807943246204186,0.00811863989556011,0.012609903717092525,0.013941282894840847
2021-09,0.004682376392970507,0.009468909715197649,0.016069982543811066,0.017553052809768894
2021-10,0.008626996243289666,0.012670745321058727,0.01826605395778091,0.017698299296251066
2021-11,0.008941296146553432,0.014000241028822928,0.01695612840412271,0.015132220042504856
2021-12,0.010755619799887222,0.014410363434463799,0.016879006756156917,0.01697925221851656
2022-01,0.015405202604375097,0.018008833933010795,0.01986203715188123,0.018754892980512514
2022-02,0.018796855642595298,0.01973753431952553,0.019433845584950607,0.017583527194689502
2022-03,0.029362063472146854,0.02844728882432765,0.025180012251174222,0.021306381146903225
2022-04,0.03222667800425576,0.03210307461359371,0.030735417649720986,0.028978582209615453
2022-05,0.0289143784453811,0.03067639445525653,0.029929598115275596,0.028463965028303895
2022-06,0.029565076326337092,0.030654498780863758,0.030816090664320242,0.030003474880100536
2022-07,0.027349878040416678,0.02637118467310822,0.024131987244119524,0.024391887510705423
2022-08,0.03367556958060528,0.035274398314211475,0.03239797782908793,0.02834446586445552
2022-09,0.04284724246089966,0.04123246644981386,0.038576494966628516,0.03541140771399706
2022-10,0.04114804246535445,0.04194298221180964,0.039646117945589726,0.036502612052698086
2022-11,0.03790770778682556,0.03347346335600891,0.03389165206824185,0.031241121510898584
2022-12,0.03989887084561306,0.035924248843120274,0.03658556252117168,0.03614577154581319
2023-01,0.03579713458838842,0.03119953390436904,0.03222752107865498,0.03089483355577119
2023-02,0.04344510224918425,0.03751261800650933,0.03642896922284494,0.035146437301203204
2023-03,0.03308197433420251,0.03183956037111678,0.033616527507011565,0.030854459431493786
2023-04,0.03148118319789444,0.02993167130642152,0.03157046531353283,0.030316290919917582
2023-05,0.03518740110074412,0.03210191931086613,0.034181556294443693,0.03116502027928772
2023-06,0.042287343658347284,0.03523165112398409,0.037113263579145545,0.03393753411319342
2023-07,0.04257757223502511,0.036088910976662086,0.036383393538196696,0.0351718814021916
2023-08,0.04195851296471978,0.03743738690085667,0.03810076104862389,0.036313200969934734
2023-09,0.0444231136491093,0.04094187225343529,0.043153379740921954,0.041722964843629945
2023-10,0.045789974912306096,0.04395979454946082,0.046836138139776134,0.0460224118979177
2023-11,0.0412893941213619,0.03816159991677673,0.039660280833096584,0.03886589982379393
2023-12,0.03587144219572721,0.033882916787083966,0.035862701285629045,0.03505615609883997
2024-01,0.035536382151479556,0.03423157164236626,0.03524569935227931,0.0354731011157208
2024-02,0.04065715491823834,0.03843002127493689,0.039757335800540805,0.03820767123832619
2024-03,0.04068407717395239,0.038630999470835536,0.03890597196970316,0.037440759490856124
2024-04,0.04658878096042989,0.04386847543664507,0.043946131531611754,0.04258542365008791
2024-05,0.04404124405002697,0.04118842071172796,0.041354933328972665,0.04100263527276407
2024-06,0.042029928948747484,0.040179146780559935,0.040383214212559415,0.03974254150308801
2024-07,0.036831559747843245,0.035517644916434554,0.03559402466911793,0.0361568885854672
2024-08,0.03340500766348697,0.0339842869288632,0.035418940257860326,0.035150989397922966
2024-09,0.032111575430029696,0.033154384807984535,0.03516711026468969,0.03487425275081618
2024-10,0.039167260391540205,0.03956805040037839,0.041209124428111255,0.04026784240479353
2024-11,0.03968486664754154,0.03854211110078114,0.03945744688352698,0.03837261350112406
2024-12,0.041975964944576526,0.0423126302547121,0.044322830910517586,0.04395334031994308
