month,xr_htm2,xr_htm3,xr_htm4,xr_htm5
1952-06,-0.004313874270192933,0.009244174898147446,0.008133343924835557,0.006997993196129322
1952-07,-0.0015698962665938523,0.01405281077340969,0.011315666375942012,0.011154607047355054
1952-08,-0.0021980038448119396,0.012445281575374216,0.008667966291395952,0.005909479097442723
1952-09,0.001603729780158096,0.014725610104739592,0.012694428028327702,0.013118681527362362
1952-10,0.00533466780409152,0.01791611790196659,0.016886198432135673,0.010534074092509543
1952-11,0.006943878178629969,0.018535177673229982,0.011910933742492648,0.0025956705848331884
1952-12,0.007935497700575566,0.01888345048785859,0.010567813038949379,0.0024476084615505465
1953-01,0.011419163347266555,0.01941008739812113,0.017120092862351874,0.015508689246650043
1953-02,0.01188854169411192,0.01671264486661389,0.013784004214452451,0.01137351793263603
1953-03,0.012745030506892789,0.02322121059470296,0.02186081575579333,0.018019058612971466
1953-04,0.017354987653533955,0.017253638069569595,0.018835291192294636,0.021694876523606653
1953-05,0.018333927610894203,0.019467772147646743,0.023687852335996344,0.0352640680498771
1953-06,0.017063980763455753,0.018973793902709143,0.021808822063298223,0.027872226162485275
1953-07,0.017221954330619575,0.018779589298954978,0.020053394363408656,0.02023388045877814
1953-08,0.013053469212840733,0.015235511215403834,0.013756392033923672,0.015809480972345056
1953-09,0.012469812320137722,0.017439600464243244,0.007599884605082725,-0.0002664564258527957
1953-10,0.009349609099714055,0.010034175132534249,0.003153293568711314,-0.0039601686364223124
1953-11,0.010637552242724415,0.005262747070603929,-0.004249180909186976,0.000697256004525023
1953-12,0.008722860275558795,0.005146789418105882,-0.009729586775331756,-0.004093478453260677
1954-01,0.0042796958137825275,0.0019622126427520144,-0.009865553937302719,0.00764096726196572
1954-02,-0.0016457731248978695,-0.007600647680309051,-0.019392598088033123,-0.008096426569240704
1954-03,-0.001902306041833968,-0.008406974256283837,-0.02072962004097081,-0.00889484367083063
1954-04,-0.0019167081456850522,-0.012323182063252633,-0.026368333469141754,-0.022001133064242666
1954-05,-0.004559445165599661,-0.011735384112458933,-0.01629063366374974,-0.011849260585572341
1954-06,-0.007346248066036427,-0.011361076380879572,-0.020494057616618235,-0.009240990677097077
1954-07,-0.0078342229786206,-0.013272539773934802,-0.027487475000827943,-0.02041151662972017
1954-08,-0.010993733153278357,-0.020507767238507866,-0.034601929851530724,-0.035708758983090866
1954-09,-0.008183703983814329,-0.015130292174945,-0.03532190136179922,-0.03623813058186927
1954-10,-0.004979447014306604,-0.013881957852887759,-0.028142887127935032,-0.037132072098661005
1954-11,-0.009131066559537012,-0.02171269898507184,-0.028936715632305994,-0.038915092258808605
1954-12,-0.008071149203570523,-0.020404434046650058,-0.01909897733992494,-0.026675945436767524
1955-01,-0.0012368525185243468,-0.009743227443448401,-0.0024086326888412037,-0.010946847163564716
1955-02,-0.003574124137696831,-0.011457701360143166,0.0019718121220479584,-0.008294411521255953
1955-03,-0.00014179685109004005,-0.008748665540938056,0.001855636213192442,-0.00766022718649466
1955-04,-0.003502482257768315,-0.011634589789833817,-0.0020189613531496828,-0.013553886008239702
1955-05,-0.005299374566826928,-0.011237382324783149,0.0002036019966190003,-0.010926938504271226
1955-06,-0.0005448424651280648,-0.006689518377268833,0.007155321518292707,-0.005453025305349586
1955-07,-0.0009043916200488916,-0.01035359351828933,-0.0011570328018881484,-0.011212758837672879
1955-08,-0.0017915553326771638,-0.011803863436797853,-0.013325967515852584,-0.025103103638564966
1955-09,-0.00397308291714344,-0.01702101733785579,-0.018258951897663016,-0.03573632086287999
1955-10,-0.005231693718867541,-0.015995178535896732,-0.01925237862788304,-0.03388156161727983
1955-11,-0.010405977486585685,-0.011495548602328536,-0.022436045519426344,-0.03737305944549638
1955-12,-0.00821694219985854,-0.0035590944927618128,-0.011778857668671722,-0.02503438123293718
1956-01,-0.003931523084346782,0.003353231859111166,-0.0018346970171300887,-0.019164067006359396
1956-02,-0.008254552197328631,0.00401650148895847,-0.004450256996673608,-0.019496433913687165
1956-03,-0.0046892340863680555,0.007149353781318441,-0.0003319036116303225,0.002934715248709873
1956-04,-0.0011171438352951951,0.014514108684945785,0.0021749680529265375,-0.0037172693667416323
1956-05,-0.005171036789735541,0.010761603309917368,0.002169172980241097,-0.007095642689428385
1956-06,-0.004760591178064565,0.010979073654666681,0.0001685889220055664,-0.0023555795220428014
1956-07,-0.0037588482802180627,0.005334731390293019,-0.0024964206819242836,0.002784126461391808
1956-08,-0.006183674867039218,-0.0009151899846030348,-0.007089332314182663,0.0002796986570965318
1956-09,-0.007434018732219813,-0.0021897098321931596,-0.01169837583668382,-0.0030777816298468742
1956-10,-0.004545188132307521,-0.00222291234844094,-0.006660186647077133,0.0037017090684743556
1956-11,0.0011480369362962747,0.005845969042897546,-0.009350014673856107,0.001850769481701299
1956-12,0.009885458501444969,0.014869308927562837,0.0017409351224448935,0.016988989000199996
1957-01,0.015280718394361955,0.014891064000585135,0.0016402197684370172,0.009795335853364655
1957-02,0.017257566983395797,0.016267696703171856,0.005172445205285026,0.009550832946042084
1957-03,0.015399160937890517,0.013734465783336638,0.0147802260573133,0.019997112616790047
1957-04,0.01685087555567019,0.018366199424192813,0.013295408543507449,0.020837723885022752
1957-05,0.0212306825395178,0.02299451919913311,0.020262316063323314,0.03043412790663045
1957-06,0.02292820783208907,0.023232069116372593,0.03360352545772784,0.046633096428735074
1957-07,0.01774235657013644,0.01530399848270652,0.029446513966300124,0.04521140287083857
1957-08,0.006312300873861462,0.0019921798861062615,0.01291350208510967,0.01574038082405587
1957-09,0.007187392399026535,-0.0014625990960573272,0.01017864044476521,0.02698081811858075
1957-10,0.01056700438189933,0.009449013752608263,0.02403259433626147,0.023779819858666597
1957-11,-0.00585008427805031,-0.021465469145851672,-0.012420546784796115,-0.0019830853635762653
1957-12,-0.005333834061725613,-0.023259095102527792,-0.017359870021440287,-0.020394116056140398
1958-01,-0.006713586200969346,-0.023901568697343716,-0.01532330085155107,-0.016473913954411303
1958-02,-0.013297270612225517,-0.031214034944207252,-0.0262972245776504,-0.026943528979063804
1958-03,-0.011288465319497233,-0.020489529971508533,-0.019552422258736116,-0.016987335215912287
1958-04,-0.016992860094667363,-0.031529096155060506,-0.031879679159242696,-0.02793047316586586
1958-05,-0.019471446392610635,-0.03088819268498403,-0.036815465103084956,-0.029174165268647776
1958-06,-0.017906058604592053,-0.016932067266319253,-0.01332696887774681,-0.01549636388997255
1958-07,-0.021121489247586382,-0.013932573464881963,-0.005551421280995748,-0.008242665511347502
1958-08,-0.005584811277024225,0.00046560986058278436,0.013423715583928485,0.01834455203944
1958-09,-0.009366851417105974,-0.001796106354371458,0.010783901707328947,0.019285474093293432
1958-10,-0.0065993304628314715,0.009117547307091935,0.014185755265628083,0.022198526098574388
1958-11,-0.0158242816074175,-0.0036457788337661973,0.004377177754849363,0.0011952118481685751
1958-12,-0.015111253804913221,0.0044357199585076425,0.013249560020029603,0.022165427269227298
1959-01,-0.009496505023725177,0.009402718691675763,0.019217554864131303,0.02705722858317187
1959-02,-0.011443828481940761,-0.0007475612818906158,0.009763132034648285,0.01655233312707992
1959-03,0.0022880340616851305,0.013558976617207098,0.023591700079512876,0.0346566631016036
1959-04,-0.0012212085588994628,0.009537944231757384,0.02399855541665527,0.03390884068917147
1959-05,0.000606727819310246,0.015073238662460284,0.028674763859280018,0.04105786819550603
1959-06,0.012720729383197973,0.02485854821259065,0.041789517419109794,0.055074372677575006
1959-07,0.010125417272723279,0.02505201754828521,0.04132617218016685,0.05713071492007842
1959-08,0.014926723141093452,0.030523501983524624,0.05003540455426376,0.060968216343060225
1959-09,0.018055633310840653,0.03467671036480602,0.05237528182056677,0.059338533793937276
1959-10,0.013836145485611122,0.03417570869386985,0.050650007813438654,0.04517289418505076
1959-11,0.016406979047147427,0.03408635759526492,0.054896631465930205,0.05230655378027232
1959-12,0.022594983184617057,0.041928629417011795,0.05715820755910758,0.06391150840004158
1960-01,0.017933782386754277,0.032434425364669645,0.04733569403492005,0.05533250044247613
1960-02,0.012458017529109737,0.0318136017799185,0.04673603523188486,0.051609341666095
1960-03,0.009656008095921424,0.020156453429026153,0.0340157407497507,0.03740698457861118
1960-04,0.010430168123887688,0.024680478150857103,0.04211598624088751,0.04036213758183175
1960-05,0.013321452014503937,0.024319552752886723,0.03978501531109647,0.04921856667566851
1960-06,0.011916603412644337,0.019524458966334955,0.033198196407466345,0.03621197497048068
1960-07,0.004554531523800025,0.002809097195292015,0.014057986797505452,0.008064764288182938
1960-08,-0.0001661013400449246,0.008194921396932286,0.013802131269587164,0.010430575089351978
1960-09,-0.003938824908310094,0.01183585590520947,0.018588698739613864,0.010494359476431653
1960-10,0.003511427740244894,0.01499382847697096,0.021239375854630236,0.014800739930532884
1960-11,0.0038567354131607036,0.01585595541946252,0.025851291533218686,0.014433236900267609
1960-12,-0.0017767134217196272,0.005900537693724287,0.008141152811466115,0.005541784541916929
1961-01,0.0018696986195040032,0.009610111767741427,0.014389505254768769,0.011515835438242267
1961-02,0.0009271267717952947,0.008354958262020672,0.00810776476817279,0.0021866087859051843
1961-03,0.00035970138978001776,0.006134423944664888,0.003735234339083831,0.003458435134706981
1961-04,0.002204985998879201,0.006374789079534704,-0.0027391388426857635,-0.0011659364391959845
1961-05,0.00532271227006326,0.012005212379663555,0.0013685722733917938,0.007375546000640075
1961-06,0.004315578197112972,0.013011874564864006,0.014869129183718011,0.011515522946818433
1961-07,0.0010799792283460868,0.01159560124639418,0.010424686827657091,0.007046649634657419
1961-08,0.004113146471941789,0.010799375768989327,0.01576145293326676,0.00540917166972071
1961-09,0.0025165360700843895,0.011753706757970446,0.00989444127028033,0.0005366909660699526
1961-10,0.004585550058621456,0.009529198149783175,0.005867235115700115,0.006100159769552652
1961-11,0.006972282051978092,0.01134837115203189,0.002055693003998736,0.005566219105043256
1961-12,0.006603446537248554,0.011604952458334816,0.009114255834888597,0.003888855636070193
1962-01,0.0065084068978011195,0.012506087437770014,0.01269562269264709,0.006495879450211191
1962-02,0.0038496782833244286,0.0036265852569330632,0.001172389120655034,-0.0066294875421104744
1962-03,0.0036527108919897876,0.001402389566847989,0.0008265186946716865,-0.009448905712071833
1962-04,0.0043187667353193,0.002027232739897661,0.0031215730290092697,-0.009022608771709927
1962-05,0.002323422538882812,0.00038684671578441757,0.0008051169870570522,-0.011491317544800494
1962-06,0.005405357087473531,0.004516627385176202,0.004743149512199642,-0.00757406328990096
1962-07,0.0007290277322516761,0.0007911427945751642,9.011207690967638e-05,-0.011489997526003978
1962-08,-0.0037900045140668963,-0.004800340792313788,-0.008049499677023609,-0.028171903060147368
1962-09,-0.0049205906974918445,-0.005747858463081672,-0.010074291212332921,-0.02461424724653509
1962-10,-0.0039456704477328075,-0.005349322477579209,-0.01186165533567813,-0.02358431604823391
1962-11,-0.0030626160804215,-0.007808217775387323,-0.015887915404335907,-0.02997159928271892
1962-12,-0.0038400862064264414,-0.006902467778006193,-0.02022823657270813,-0.03164894489402642
1963-01,-0.006691635809723408,-0.006765238669801561,-0.018760566267175698,-0.023160990384800864
1963-02,-0.006679077509776022,-0.008763422054515902,-0.020342023706851068,-0.023931671838199078
1963-03,-0.005788058843882355,-0.007722585665857099,-0.014910059571055973,-0.01715900851135978
1963-04,-0.003151828024243207,-0.003978087607435989,-0.013511618220085175,-0.01532370566984688
1963-05,-0.00406099609027075,-0.0039335461831734135,-0.013463284204934162,-0.013659885770869611
1963-06,-0.0033577681721662575,-0.002648116929621684,-0.010825771607926714,-0.020980141913156794
1963-07,-7.355674321082861e-05,-0.002647476032418661,-0.012371797096065576,-0.023030489239558062
1963-08,-0.0019322278199861917,-0.0062954626797346105,-0.0213731741818399,-0.03313502008655317
1963-09,-0.0025599918389819787,-0.008532623580282173,-0.024044594564254375,-0.03533956598941428
1963-10,-0.00045208121126334017,-0.0065508233391326845,-0.018209213278586905,-0.03103146424721078
1963-11,-0.0038623159622210163,-0.010428457269091043,-0.02181191177913467,-0.03793243361431027
1963-12,-0.0006142151034496598,-0.009479703887423863,-0.01671541436779718,-0.03532187080177966
1964-01,-0.0007725818956192607,-0.009290165005647534,-0.015579948941423075,-0.028192079763317973
1964-02,-0.0018172363603656747,-0.010113992969357687,-0.016754631530135233,-0.03063793810663945
1964-03,0.0009832862581625815,-0.005786765472061868,-0.005169269855768634,-0.023320777281532513
1964-04,0.0007324584781292151,-0.006957860817993489,-0.005450145343972854,-0.02311200131206076
1964-05,-0.0007045248491822087,-0.010593357318202247,-0.008370527764669011,-0.02976299717426549
1964-06,-0.001915303475736714,-0.011306045074243855,-0.019444303056464232,-0.0375813465021358
1964-07,-0.004322483385814528,-0.013561745678901373,-0.021378701315297483,-0.03327913296315014
1964-08,-0.004977595725260617,-0.021073658078198117,-0.030630646638759314,-0.04224113012640053
1964-09,-0.006241062492905465,-0.023143677771615065,-0.0345428876579813,-0.047915923927695774
1964-10,-0.005137291967644522,-0.01946135254469123,-0.0332438685448084,-0.04843388952538228
1964-11,-0.005709655399221428,-0.01725773440308432,-0.034214019629638534,-0.05130097348700994
1964-12,-0.010246221415317391,-0.019370873542592787,-0.037193431189573384,-0.05716963415703534
1965-01,-0.010940511304460172,-0.017127238607745135,-0.030437667401586585,-0.04564256788198426
1965-02,-0.010679099563222307,-0.017755705532394098,-0.03216403027241918,-0.05160686235123915
1965-03,-0.00974376591275871,-0.01090180029897702,-0.027545394113505532,-0.04646784173658169
1965-04,-0.009936411005994801,-0.00956436524765595,-0.02817697192610854,-0.04402715153722749
1965-05,-0.010589608680047477,-0.009767005347011685,-0.02972861952147208,-0.04816234663584484
1965-06,-0.011668377963567969,-0.020379148869017767,-0.03794365246178255,-0.06586650436868433
1965-07,-0.012090463571526114,-0.021167582770710992,-0.03156478205574388,-0.06166590541196139
1965-08,-0.01838364876145019,-0.027898415875804668,-0.03875886117575593,-0.07208554174101364
1965-09,-0.017647819147618655,-0.027748427744105707,-0.03818209405357327,-0.07243775863108912
1965-10,-0.014692533784360091,-0.02596831479546252,-0.036438663643037085,-0.06610414841465301
1965-11,-0.012334725034340459,-0.023815646868355383,-0.03600591578729883,-0.07028150109571507
1965-12,-0.0026940243727360744,-0.01112941715236284,-0.026710344956830424,-0.061390887745076554
1966-01,0.0011080957320574528,-0.002822367020642279,-0.014006609539248156,-0.046834689668101497
1966-02,0.0015344552563726285,-0.003164776904314305,-0.01741722834192317,-0.03759911391913929
1966-03,0.0036531207277719774,-0.005063095861624442,-0.02011395120559524,-0.039912934832636277
1966-04,0.006179788227181425,-0.003314659437220098,-0.01650796911083003,-0.0435092692875074
1966-05,0.00915982770461965,-0.0013643688327119041,-0.015019292988906738,-0.04338719773599642
1966-06,-0.00010103748233947912,-0.006690853921317061,-0.02802201403195219,-0.05257520149472002
1966-07,0.00036751727331661016,-0.0010253422235399073,-0.020470207068246996,-0.03753647657431722
1966-08,0.004650570734513325,0.00705977479763481,-0.00919448526451662,-0.029921622216023694
1966-09,-0.005443184972384697,-0.005393121291890915,-0.030659717585718144,-0.050756115779504604
1966-10,-0.00616402326191022,-0.010832668564928809,-0.03183256868172086,-0.04678229114702721
1966-11,-0.005219129389740909,-0.010157069368100118,-0.035065599379134636,-0.03839203685427344
1966-12,-0.01307831689448323,-0.026676126271365064,-0.06172730289093835,-0.06547866665247602
1967-01,-0.010434975737933373,-0.02358851758545518,-0.0535693513334844,-0.05413515006447141
1967-02,-0.008754800833053293,-0.0251353807174022,-0.04625954023665756,-0.038747785473085494
1967-03,-0.015001044417114265,-0.03430326037481607,-0.05313237788225535,-0.045959482300423835
1967-04,-0.012021156403406383,-0.02476272358022566,-0.04874053147857363,-0.04723445201850822
1967-05,-0.01303874018875633,-0.027920643747768613,-0.05246502368090925,-0.051224069948633086
1967-06,-0.010624688414406586,-0.029854423748019707,-0.04527189047733328,-0.04988100240105882
1967-07,-0.007148207859008215,-0.02806677504416713,-0.04466370960860959,-0.05329718313775331
1967-08,-0.003088290346689969,-0.024668877758870604,-0.040778640856833075,-0.04133443638955455
1967-09,-0.0033412232430642883,-0.02528649443702518,-0.03725570270307058,-0.04063012830701425
1967-10,-0.00023849374333814732,-0.018058207781790528,-0.025742265188360133,-0.014995307635452162
1967-11,-0.004751340365646048,-0.025720595166466548,-0.022391489482142535,-0.012370751891572003
1967-12,-0.009696023903777495,-0.03122216289030838,-0.024108224598358985,-0.014455235996344344
1968-01,-0.008899689542027342,-0.031526642208134545,-0.019866179022304406,-0.009445594023187641
1968-02,-0.013642267308420011,-0.022280327378738002,-0.0077566478746750045,-0.0018862699369030164
1968-03,-0.01101220744640255,-0.016264979651176917,0.003303148418833321,0.002414625298866921
1968-04,-0.008025979852250065,-0.01889035731802484,-0.006009954950674412,-0.0017448096889895112
1968-05,-0.009120611117840335,-0.024519926754379265,-0.015151713895737481,-0.012085334499919415
1968-06,-0.020677772709019805,-0.03560053291805614,-0.04085678925785454,-0.045912467430002026
1968-07,-0.01968280200452189,-0.039928617097565504,-0.0487294489829345,-0.04860575471412823
1968-08,-0.02576289627779687,-0.04185690518401929,-0.04352821203018719,-0.04433677148235473
1968-09,-0.02351181009983138,-0.03929561936020547,-0.04234172045027759,-0.04472180318564415
1968-10,-0.01912772612301037,-0.032822241224194325,-0.028524857704375982,-0.026966593976407764
1968-11,-0.024198538084208028,-0.02505017754077015,-0.01932164309553608,-0.013807513381051566
1968-12,-0.01795272667065355,-0.011327334865894934,0.014152762209352278,0.024415483176522396
1969-01,-0.016983014981397912,-0.0038394702837712402,0.00752418230770268,0.015705320942904458
1969-02,-0.009188463281852355,0.016609898156436126,0.029143375885356988,0.03250598502070131
1969-03,-0.010381310820678613,0.015305457654154322,0.02554339441949112,0.025303726246362193
1969-04,-0.014249159840008796,0.001187269654931225,0.010406113734157889,0.015270546125222849
1969-05,-0.009208020969115494,0.006899027662490176,0.01960104575090392,0.021604583989067547
1969-06,-0.00485497653327846,0.004434323977857535,0.012680986445490143,0.00803317901763139
1969-07,0.0034538181096115533,0.010173114757718649,0.020504359468878297,0.0008109872811075322
1969-08,0.0012984753176966818,0.017513673371929148,0.027165676286932762,0.011726893241417173
1969-09,0.011542298428644404,0.03420831492634177,0.05636944382155162,0.059391831913254436
1969-10,0.007096214353332117,0.031204574316227765,0.04801108366886279,0.04389296285586702
1969-11,0.018286173859646926,0.04546203147700986,0.06366354579144924,0.06168638937340127
1969-12,0.031146505784725567,0.0694347697761643,0.09530327846358888,0.09491923511342457
1970-01,0.03448740591794598,0.07295090169431148,0.09169015790831969,0.10185020003163314
1970-02,0.03174608709826801,0.057766042129379976,0.06853468089777036,0.06899504743909766
1970-03,0.03273023034114832,0.04997952815383773,0.05947292488545974,0.046473280963835704
1970-04,0.029354757032977866,0.0625893090218601,0.07513683903130469,0.06378524857784655
1970-05,0.02961356369965286,0.05507656499121705,0.063801339813574,0.05460283815382384
1970-06,0.015490308447653145,0.039439244988382326,0.041675283675771245,0.028589712961619704
1970-07,0.01355850313350973,0.03831302644749757,0.032353595990654786,0.016242698605531895
1970-08,0.018389760502979108,0.037767779736128125,0.03323548253086967,0.006787825200960364
1970-09,0.011752114329586047,0.027987787448242103,0.025766889846547868,0.020598533005419438
1970-10,0.019942785225354837,0.034529519886665826,0.03610149696938906,0.02987260033616459
1970-11,0.007475700055590534,0.015858451399465463,0.006149361510007119,-0.005904532465097194
1970-12,0.01655091757498762,0.02575454711521144,0.014645704879490434,0.009759781138102372
1971-01,0.008158175723444787,0.010821856489110007,0.009121534495998673,0.006982577065116208
1971-02,0.004802155363450446,0.0005681883725150647,-0.007999137327763785,-0.007593794399774291
1971-03,-0.0038240355634337198,-0.019715135250448462,-0.04198705661130486,-0.04731216256118123
1971-04,0.013060311394378264,0.012973161599543669,-0.011260796071999,-0.011142911406436189
1971-05,0.012409099816903274,0.010296935535451593,-0.013052303618631689,0.002710248277217761
1971-06,0.01154352472646266,0.010971299601348149,-0.00936297913889967,-0.002237929991125688
1971-07,0.014806630140383928,0.004994751824556061,-0.009338268926711628,-0.009505518924712207
1971-08,0.0013263133285577253,-0.018536323134443554,-0.0519892710159667,-0.055578383527032614
1971-09,-0.0011618572703869443,-0.015246161856345745,-0.03175623322480269,-0.039110559936358626
1971-10,-0.001957458886353812,-0.015299545023875642,-0.029748508539645648,-0.025716103076104453
1971-11,-0.00016255576755781764,-0.016051303448192,-0.028919081066030583,-0.02696607151047152
1971-12,-0.0004591908771977224,-0.014985627632900934,-0.02723979411040333,-0.023895131993730355
1972-01,-0.0062449061569567685,-0.010890066612623643,-0.012426280129880167,-0.0014632766326293928
1972-02,-0.01095226147371399,-0.01862424116796356,-0.017087514091758946,-0.011922604318651955
1972-03,-0.007637973603062183,-0.024746836012731595,-0.02504606559395981,-0.020330056663496097
1972-04,-0.009324500702104714,-0.0308101615755585,-0.03716005560560041,-0.033094255065755133
1972-05,-0.015864612168944206,-0.03510989987929386,-0.03420403602954207,-0.037166286618517355
1972-06,-0.018190745831778918,-0.040317739250211274,-0.0439882742393561,-0.04606993910284564
1972-07,-0.02879126370398443,-0.04879612409991849,-0.055580788032161904,-0.05571968905969618
1972-08,-0.02416664099981737,-0.054455614184763995,-0.05920606791180716,-0.058075688831047634
1972-09,-0.016200456726461518,-0.0318906495844775,-0.04399828127058039,-0.03915115650686565
1972-10,-0.010798042745546174,-0.023410122975632427,-0.01979509812383813,-0.013215969174400204
1972-11,-0.0143940362336736,-0.027252487481543318,-0.025321814794825433,-0.01520669083055149
1972-12,-0.007634535773103579,-0.014580765228509138,-0.011787504552521796,0.005525680259843804
1973-01,-0.0057428716474257,-0.002640108283888533,0.00810349829529261,0.012096124485329339
1973-02,-0.0036525823521420947,0.004296788469761018,0.010736132225662706,0.020649703394872307
1973-03,-0.013474703950874523,-0.010648418621877459,-0.006448169233508369,0.006342007925814408
1973-04,-0.019599019559518108,-0.01991560604720581,-0.016843425381620425,-0.005382425726746465
1973-05,-0.016768958782850077,-0.013071476641960927,-0.01615049269028493,-0.005252927027936005
1973-06,-0.020778128096460624,-0.020694023849303744,-0.02198572779867619,-0.011311373320071816
1973-07,-0.012577393494572334,-0.009889248964157535,0.008143714642619093,0.015239073071004486
1973-08,-0.025163609937453854,-0.03333390502634491,-0.02437814694465816,-0.019669540488135774
1973-09,-0.01521805639742567,-0.030538485334010546,-0.022958758074313634,-0.024087399834609384
1973-10,-0.012327179061452254,-0.00924857230073775,0.003418492270902844,0.0005151088955446109
1973-11,-0.01447055898300903,-0.014368197953947295,0.0012929321735171834,0.0015191494587136964
1973-12,-0.0058194090435762375,-0.0007338229346078168,0.017884513493104534,0.017395978051265353
1974-01,0.0034810446795113387,0.015469006577308285,0.027509990378223895,0.024171932807061168
1974-02,0.00702203980069932,0.011038715634244106,0.026582806504687972,0.023965296432190912
1974-03,0.00996047479942791,0.022730244079387327,0.04077396810945019,0.03995341748856597
1974-04,0.008985286093162473,0.026711174917040614,0.049507273143139574,0.05233007823478907
1974-05,0.015248642335230655,0.026632529097686958,0.04673504877042273,0.04005193936858574
1974-06,0.011486385097307372,0.025816377847196315,0.05222108544893961,0.045971713781786876
1974-07,0.00843771493991402,0.029076449463356788,0.05011605660411178,0.0459129341888434
1974-08,0.0032101139864955386,0.022981350398243783,0.03974288807137972,0.042968179486718
1974-09,0.005995959259163949,0.021453463699637007,0.03602609017372232,0.028176353856542498
1974-10,0.01510053327713605,0.037009914316229,0.0473574695095427,0.03173299330049077
1974-11,0.004270806178291078,0.02904245163158449,0.03584327458087624,0.016672854194315544
1974-12,0.013962554490253756,0.03594065744438461,0.038696978411671516,0.008802694843477794
1975-01,0.01586367174254117,0.031408010899318856,0.03617577825533969,0.01679134276257665
1975-02,0.005016330581208803,0.020408472618491658,0.01857268531628819,0.003496803555376772
1975-03,0.011146738482718785,0.03179180437876772,0.038669096122668375,0.02092263430971808
1975-04,0.019820220497673555,0.0473388275587527,0.05592663700427198,0.03831622457302316
1975-05,0.008470734814124789,0.028029906376582966,0.028858747095863085,0.013364571251044469
1975-06,0.010102578729577733,0.03149471846848276,0.021824223568870003,0.01925924135318228
1975-07,0.01766511590973925,0.037331456263244245,0.033340368835207246,0.022613877513072617
1975-08,0.020324677813120612,0.0372048861921662,0.035976442768730056,0.020993699149875672
1975-09,0.025751279047422956,0.040293716189768784,0.04405097156491739,0.016218394661922736
1975-10,0.02110433803387054,0.02790426192102062,0.01242157659474502,-0.022560708784042136
1975-11,0.027590775536873405,0.037540556886850034,0.01638328878304717,-0.002216957221337308
1975-12,0.023498231155012456,0.030799075652037718,0.007754140005809949,-0.01825520510890235
1976-01,0.014443194263160826,0.02300898652917266,0.007032893314198527,-0.02359065863301517
1976-02,0.017528316259561923,0.023721076763244114,0.002858065368261817,-0.05549467749012908
1976-03,0.017780680898646734,0.021533424708826285,0.0056181012525507446,-0.05791334815430793
1976-04,0.01616274357795007,0.01753009148732485,-0.004028990043325693,-0.023093827500092735
1976-05,0.0200685600664941,0.019974806969614747,0.004430321772245116,-0.0006713191273517716
1976-06,0.017679520139581933,0.011073794198335311,0.0018950306618666993,-0.001100803451388084
1976-07,0.010995618274787289,0.005013657951740663,-0.008701142702755349,-0.019839958890567833
1976-08,0.008432600614454312,-0.0028905048694804966,-0.02220284020808367,-0.05081468792176783
1976-09,0.0022992259633518933,-0.009684443973271208,-0.04064434000161112,-0.07360564558289298
1976-10,-0.002760875477172915,-0.027924297153408793,-0.07546638656844698,-0.12263670573805771
1976-11,-0.008356861369125133,-0.041531395742253945,-0.0834295230470368,-0.14963513944059412
1976-12,-0.009415607432791677,-0.04349459626333644,-0.09062908797852315,-0.14004322124971685
1977-01,-0.0046993472353637,-0.027614371345943016,-0.06600894158982054,-0.12565305980684421
1977-02,-0.005729714851386132,-0.030019699419307676,-0.08930151514769319,-0.14978134205380922
1977-03,-0.00638724959888716,-0.02807081630364562,-0.09317127945954885,-0.13862072995866745
1977-04,-0.007222259548158978,-0.033396168601503344,-0.05587774764756306,-0.12076954585764008
1977-05,-0.011614534844020877,-0.037344174823592396,-0.0457085143179575,-0.10898503862431991
1977-06,-0.01732923377650831,-0.04081954936001036,-0.04891539862135059,-0.1093472871008855
1977-07,-0.013279385204210056,-0.037536054890974876,-0.049625869303383766,-0.12094332223408909
1977-08,-0.014218224610955163,-0.04338396656272503,-0.07834741930212216,-0.15604380233368892
1977-09,-0.01523477328334534,-0.04835985274264745,-0.09014876751248954,-0.16208787320661647
1977-10,-0.020752009364604224,-0.06709381222608267,-0.11669537003426159,-0.17352832578457955
1977-11,-0.022126481425342806,-0.058781574382856985,-0.12024835164191601,-0.1527242885699577
1977-12,-0.025884841586350973,-0.06090105688938649,-0.10635461610390883,-0.15117066804393028
1978-01,-0.020224564111564314,-0.057209266453088686,-0.10741871459526603,-0.15948588082284418
1978-02,-0.02016968149930548,-0.07917229013245178,-0.13390437247897458,-0.18580779970268127
1978-03,-0.01505847401754623,-0.07846410785573638,-0.11941871472455104,-0.1718195855716284
1978-04,-0.017441448325480655,-0.038525662092830024,-0.09688351708154493,-0.14310932978348964
1978-05,-0.01387319795693065,-0.018239632101248404,-0.07441447554960764,-0.11213835737092434
1978-06,-0.006638119506504489,-0.005520168683918858,-0.05593235154807635,-0.1065688706062044
1978-07,-0.008364551897259959,-0.014873476028723964,-0.0798750746530491,-0.11505588508011527
1978-08,-0.016386854569464662,-0.04426205590950706,-0.11213652652384216,-0.13937412859784643
1978-09,-0.020848472578930854,-0.05606743208899939,-0.11946977621634583,-0.13685059614922687
1978-10,-0.0312193750535755,-0.06946442942192445,-0.11431604721668136,-0.13055800284011795
1978-11,-0.021376319126221788,-0.07611184474664798,-0.10282954225958504,-0.11484316521812542
1978-12,-0.01849970335398754,-0.054421409051200784,-0.09614884370097646,-0.09419306806868889
1979-01,-0.024091072840884978,-0.07332541911295389,-0.1229641194973272,-0.12335836664439404
1979-02,-0.04541668265687333,-0.10083324726319014,-0.14325181910388318,-0.1376154543756937
1979-03,-0.04991390942375319,-0.08924543146408943,-0.1342258559032554,-0.1371840237289648
1979-04,-0.007940276876767197,-0.06402485790038877,-0.10447160577240842,-0.10181528347811616
1979-05,0.0037417027726178026,-0.05485163672792488,-0.09013918526527871,-0.09995332612740511
1979-06,-0.0004998095873610664,-0.05084134797539189,-0.10098601791946826,-0.1162409488050909
1979-07,-0.0020537109685872246,-0.06525544542800044,-0.09976574017882628,-0.11910673917009111
1979-08,-0.01790641588430715,-0.08251415620647941,-0.10725460802725068,-0.12747412269580993
1979-09,-0.025259529072488726,-0.08304675992281384,-0.09979818680041447,-0.10943506314827396
1979-10,-0.018704288075536563,-0.049124980862775225,-0.04691094167709603,-0.044146678449276416
1979-11,-0.030224990907847388,-0.05311124233335998,-0.05154438868597731,-0.04840118355719726
1979-12,-0.020544758348977038,-0.05153094872730672,-0.0437300780986785,-0.048049364510661
1980-01,-0.021105791368162402,-0.05651310927047651,-0.040816092836604895,-0.034895749708522814
1980-02,-0.009395958088365103,-0.0212544560037925,0.0016211904237250774,0.005269288250074222
1980-03,0.004331701191933185,-0.018348662780577174,-0.009412377364372532,0.0033758863665136057
1980-04,-0.03428309803588053,-0.06857665230429827,-0.06027849608674418,-0.05941663404282252
1980-05,-0.04835752336617988,-0.07544556266157632,-0.06945041770659909,-0.07905361715763626
1980-06,-0.041522072053752954,-0.08032235057369382,-0.07910963013916157,-0.09312969325187678
1980-07,-0.047105991446030476,-0.06517662573505342,-0.06945296658238527,-0.07024801828709591
1980-08,-0.040196632389378456,-0.03843302677019714,-0.03228917721674622,-0.03251509182564233
1980-09,-0.03325308622840312,-0.023182966848288078,-0.0048529619621544146,-0.004315221277706421
1980-10,-0.01339135949768748,0.008186151283257101,0.025181271343450676,0.04994665212596544
1980-11,0.009468899610044296,0.036707593618837644,0.05434694561588603,0.08403224121989708
1980-12,-0.008233053922073297,0.015937397239687512,0.03559168087909602,0.05800200405385264
1981-01,-0.017484382075496935,0.009412794114007472,0.03167768550360077,0.06521622626040385
1981-02,-0.012638801314692139,0.030957161674614653,0.05497581769164969,0.08348852166782651
1981-03,-0.008997180550407019,0.02293754777632165,0.044282309737256845,0.07849698995245022
1981-04,0.006229344314653523,0.04359777591800265,0.07506803294186948,0.11304630245079175
1981-05,0.004294987495666064,0.037287563328366344,0.04703336106594794,0.08366445952190898
1981-06,0.0009388143678843996,0.030598914492341922,0.05403935368512161,0.08383770115104705
1981-07,0.023336515822474063,0.047984845283283326,0.07024050062091543,0.1123362790443873
1981-08,0.037346752371969716,0.0825544278723667,0.0933119246907835,0.14874000749971805
1981-09,0.04912666653913106,0.10027326670229474,0.1500252666305419,0.18412723970452083
1981-10,0.04252851152801798,0.08456170393406343,0.12824461402139747,0.18602570576445676
1981-11,0.02613579995123287,0.06893852110909289,0.08681227468881231,0.12545917379672925
1981-12,0.04528090651186255,0.08290175350218132,0.12582546713099724,0.17561112470525908
1982-01,0.04147787966204999,0.08371570519967499,0.12991815854762764,0.17875419317857288
1982-02,0.04699061031860263,0.07726231700961209,0.1123969294004505,0.1619488682612431
1982-03,0.043654496089891026,0.07344712934071827,0.11355000666921816,0.161953591940915
1982-04,0.04497794947473807,0.06768694587512691,0.10382229791905598,0.15878506517410215
1982-05,0.03613736025963059,0.050896764667115735,0.09457177283497134,0.15295295387109217
1982-06,0.04264558275054592,0.06534010769829099,0.11093616317375532,0.1867725625965106
1982-07,0.02796911202499229,0.04445770193902353,0.08067897459464458,0.15884706772238352
1982-08,0.015413290458115972,0.02845394810749219,0.07646388533350437,0.13786570004610632
1982-09,0.018689581459469043,0.023483769446021513,0.051022530623531265,0.11244535104281271
1982-10,0.00880048513714729,0.023664897326595782,0.03945629372294278,0.08579948732829192
1982-11,0.004912341448038288,0.019835808054596518,0.058330253554324626,0.09662699920088079
1982-12,0.0022836222152287783,0.020055842155094927,0.05330596192136411,0.09636395355177285
1983-01,0.004297308162786159,0.02718183390679002,0.048920521396691646,0.10790660868496497
1983-02,-0.0008917468163280318,0.004901331824408814,0.03921185817331464,0.08119896739493254
1983-03,-0.0037717147395338185,0.0066877332262074984,0.034521163104180075,0.08917310959619176
1983-04,-0.008234099679343604,0.00401203071336137,0.03834459004704682,0.07867330792486277
1983-05,-0.013824241109016935,0.008957915686086157,0.04925698002809924,0.08910485116953112
1983-06,-0.01116257222005701,0.014096644346478948,0.05761619193627253,0.10584499545499274
1983-07,-0.0032925172060227215,0.026928221746956166,0.08653743025372579,0.13333192238092434
1983-08,-0.0031521772240618307,0.03034128809624409,0.09593910343794795,0.14594289462507692
1983-09,-0.0013314148779971363,0.029725330976830347,0.07848451374559492,0.12773160727406185
1983-10,0.009287547942226387,0.04463441028813753,0.10250082451252204,0.14992039614393485
1983-11,0.015089087182214814,0.047334357239209576,0.10796045094576621,0.1478896707062975
1983-12,0.0203486196026699,0.05416924741673862,0.11262448703963712,0.15726990780002284
1984-01,0.020977596102662463,0.053304378761925245,0.10898470845727529,0.1576741993854756
1984-02,0.0170622937279125,0.054940942968545056,0.112951954942583,0.163904986036759
1984-03,0.02146964735599466,0.07012494426636237,0.13093609469275097,0.18355465191207748
1984-04,0.03202488475697653,0.08373692450326604,0.13872403552712206,0.19494106451974447
1984-05,0.04805232345128588,0.109315846036358,0.16863563771287154,0.23052674909608073
1984-06,0.05377179479083524,0.12072234760466825,0.18151721511081034,0.2393461310602884
1984-07,0.04300370610249139,0.10052016796557918,0.15274355673185852,0.1992433145914015
1984-08,0.04130296362341944,0.1050697179061305,0.1561239683581449,0.19680139827429988
1984-09,0.03987468877178339,0.09903218797891278,0.14250425506652736,0.18270775651648616
1984-10,0.03427109212977732,0.08939313435195632,0.13402258020133215,0.166752393847339
1984-11,0.030177776090968597,0.0818296750320991,0.12990166813478365,0.15539280044251536
1984-12,0.028266887593086668,0.07914015834320022,0.11762136655331948,0.14813237802545673
1985-01,0.027074217641770912,0.07387778726689398,0.12099462460569813,0.1377431772809109
1985-02,0.03438441619104281,0.0856238243506579,0.14128188987671797,0.16051763760421428
1985-03,0.03725917256405363,0.08635488119301367,0.13864305571477853,0.15192202825724963
1985-04,0.037937545525910554,0.07707563990089292,0.1242816322060333,0.14176132279594422
1985-05,0.024128863619518937,0.05238665151140144,0.08494444287544935,0.0941798646122101
1985-06,0.028496962314449745,0.0630022966131239,0.09353443146330549,0.11069107613859777
1985-07,0.030841804210158613,0.06598989973331379,0.09984618011328301,0.11803450336184068
1985-08,0.03894131824636193,0.06413587015878688,0.09199235031036826,0.10597582902418526
1985-09,0.033181002377200494,0.053522617108967704,0.08232902511071712,0.10068145074037456
1985-10,0.034031162223720074,0.060743209550499715,0.08496795053359546,0.10837483683495604
1985-11,0.02957246073298392,0.05053476237366524,0.06661586957265649,0.08771658230503995
1985-12,0.020214735230060676,0.034426495258260324,0.037829108850747854,0.05277259817752956
1986-01,0.020327822030761986,0.04142855715511691,0.04440062111804541,0.05631534363140109
1986-02,0.016252447665343242,0.029978237946854308,0.020893221117241054,0.026145021280047573
1986-03,0.006393726320568005,0.013399149389204952,-0.0025299661540311505,-0.0075768785707953715
1986-04,0.0006604641622034169,0.009214131916053081,-0.003578181882009271,-0.00924785534466882
1986-05,0.006435901391348212,0.012328969556259103,0.01678400385059127,0.018816489839611455
1986-06,0.0028652200962599114,0.005674410700350636,0.008654832091178032,0.006757686002628778
1986-07,-0.0018387590172683627,0.0009991238416542647,0.0005266682208000112,0.006100623344721029
1986-08,-0.007536912337400836,-0.01810910136840055,-0.026547433327457348,-0.03211480886140548
1986-09,-0.009837800473110628,-0.014017631435406672,-0.013698582344127228,-0.010775085264104436
1986-10,-0.0005161111677783672,-0.006490702869901922,-0.008110975113039175,-0.0017493529722738335
1986-11,-0.003629664862787381,-0.018737017495079132,-0.020834491464867884,-0.02181274036226228
1986-12,-0.006642750714894709,-0.024924010128469766,-0.031621911309467336,-0.021352077936213305
1987-01,-0.002135743633010362,-0.02004143451887838,-0.02729738073725485,-0.022982672322835282
1987-02,-0.00027361558136224096,-0.023911959725404164,-0.03149918189284359,-0.025619056159239068
1987-03,-0.0012000948509903395,-0.0235633582312147,-0.032552157108267955,-0.01832154823452057
1987-04,0.005133155834829012,-0.0022919015846143004,-0.004316749379968343,0.013953453023096224
1987-05,0.004249492702987648,0.0003383725022607781,0.0038024113155939177,0.024948100625146102
1987-06,0.003400614210216965,0.004214571661921657,0.008442991689329674,0.030970959757574593
1987-07,0.0012377310234771982,0.009961455721453683,0.01702880617181264,0.04083487570847304
1987-08,0.0017878553696209776,0.008008071653804821,0.018110177136212033,0.04900470212782039
1987-09,0.009469512526516927,0.01971124583286027,0.03965770200005761,0.07744481510229853
1987-10,0.0060401548103169445,0.015898118170417738,0.03217892590553706,0.06401282458084054
1987-11,-0.002141965022660494,0.008228956497930817,0.02536511490968707,0.06671226168214403
1987-12,-0.007925255672711767,-0.002096442306280241,0.015395950505834644,0.06122798481217967
1988-01,-0.012237609025643567,-0.014407840061857705,0.0004164118944689488,0.035600453319652975
1988-02,-0.01801362957895944,-0.021180492773243048,-0.0077009380531343485,0.026956466177848068
1988-03,-0.017601611172993054,-0.019317402822120078,0.0005066230626253887,0.03914533671740079
1988-04,-0.008241180740999124,-0.00943656353971939,0.015330436552976473,0.056271474729538286
1988-05,-0.002971005648272129,0.0024823789516898592,0.030413488750881276,0.07636797527916171
1988-06,0.0009637968085434157,0.004946005695799019,0.02643320744290241,0.07113834747928566
1988-07,0.00945926601674385,0.018273502132616068,0.04365882308997261,0.09393441532066125
1988-08,0.006397687678960803,0.01718940257602855,0.049724688348395274,0.10176828421285958
1988-09,0.0023750719321330577,0.011446597061007605,0.041004498735404585,0.0950368744356494
1988-10,0.0046733156185714275,0.01110686199645676,0.04168990608570762,0.0865849146368769
1988-11,0.010639264337710591,0.022831490129025078,0.06212649073159457,0.10728336802330041
1988-12,0.01124189307686825,0.03132987878402674,0.07669141701118223,0.12739338222038998
1989-01,0.007863379984908533,0.02803421763578126,0.0711503744092305,0.11990640839841586
1989-02,0.011211487272860574,0.03563893318255339,0.08161989912437051,0.1325829514491374
1989-03,0.010368770206775776,0.038007379200185584,0.07908672868026895,0.13292483090151128
1989-04,0.005211191785741143,0.03041014184645993,0.07193187761765266,0.12206585392459426
1989-05,0.0029901284585074767,0.025006727120232483,0.06512087126081699,0.10954852623073558
1989-06,-0.002355093182545509,0.012663278456477745,0.046962039418341074,0.0919987046411011
1989-07,-0.005073173127472852,0.008747726508145731,0.04489333386142347,0.08231195369574858
1989-08,0.0068655259975618915,0.02954308964517581,0.07387356456507066,0.11765671093011106
1989-09,0.0064153374175932865,0.03376008162653002,0.08155764338066296,0.12615197771664952
1989-10,0.001392596628948195,0.0277944000653243,0.06729590052220091,0.10735264195675727
1989-11,0.0015863398374101195,0.029225056153542886,0.06616410606194968,0.10441762485711661
1989-12,0.007408263253747882,0.04256172743533135,0.08172615115824093,0.11964466650999696
1990-01,0.014070090958957351,0.051414645846247595,0.09777999395750267,0.1435263362969887
1990-02,0.018004948441334517,0.05507393745273066,0.10499002906572343,0.14618406599079192
1990-03,0.021394023823763403,0.05964038815524204,0.10845275478601957,0.14619760890193398
1990-04,0.025816056464228923,0.06923774416162537,0.12385194562816865,0.15937971887405325
1990-05,0.020828740111015223,0.06035763408059926,0.10845460455043118,0.13919427500424603
1990-06,0.017046612917722012,0.05721331040859625,0.10406880375310346,0.13244024907727384
1990-07,0.015399208646718662,0.058227293604441635,0.10287027407795798,0.1315104960977314
1990-08,0.023629201018996168,0.0719044929010107,0.12471708832460733,0.1573989687184425
1990-09,0.02585292284851845,0.07607544066749722,0.12812153772636717,0.15639109069296164
1990-10,0.0243808817549913,0.06791740928544104,0.11713554893656054,0.14195829246047037
1990-11,0.02457692685943738,0.06234229085436527,0.10711498819344989,0.12065145916646783
1990-12,0.02857083596939093,0.06795205970628723,0.10881657081735924,0.12052452396017463
1991-01,0.02735161299775564,0.0671728261601863,0.11196215268266331,0.1224889553159365
1991-02,0.027499288771703892,0.06882532758679628,0.10892636174653639,0.1245922692169669
1991-03,0.027994995146938685,0.06973746229124657,0.10716897672084597,0.1271440304993618
1991-04,0.026415441448272993,0.06944958137492244,0.10214044777285725,0.11939322798576935
1991-05,0.028401168016005174,0.06607075162983601,0.09760232553811246,0.12165115585263395
1991-06,0.03151725242890067,0.07579316277303495,0.10756756889268856,0.13610354350280274
1991-07,0.03457092608381615,0.07675077964500081,0.10882534248950998,0.13589830035485306
1991-08,0.03352690356587406,0.07151984729743127,0.09919929490132663,0.1225848553732343
1991-09,0.03222791062042891,0.06769141932176617,0.08712358864540266,0.10372441500020123
1991-10,0.02352692406904896,0.05718204242271709,0.0742602158478637,0.09240893878542286
1991-11,0.01907799843380288,0.04798378025952078,0.05937721847937585,0.08003574010418424
1991-12,0.01570760643741756,0.03897185893337517,0.043673360609673126,0.05640137811624872
1992-01,0.021982805973614128,0.05675553326642008,0.06619331185239281,0.08727496714331705
1992-02,0.026440347028189898,0.05421445943354727,0.06996626463192337,0.09482639258922787
1992-03,0.030242718957009064,0.05988629986880871,0.0777089175334752,0.09816722914871953
1992-04,0.0298784057766546,0.05279474293778837,0.07173334961054897,0.09638527138566982
1992-05,0.023397462450780587,0.04008153834761267,0.06005214337886126,0.08384824385944023
1992-06,0.019517822952121434,0.03220999530652408,0.05178051232848594,0.06984206729068053
1992-07,0.015967121614117744,0.02521067833965187,0.04102145152480763,0.05148584041546185
1992-08,0.013769949510936144,0.01901102064561537,0.03342669535219994,0.042393221034700786
1992-09,0.010337363126072845,0.008396190438694228,0.018430083400237815,0.029916858769678624
1992-10,0.01781844531024128,0.02025600362556293,0.0383335431843686,0.05744494567546331
1992-11,0.0184620544090034,0.018316477095381443,0.039700329607029315,0.058431055363993414
1992-12,0.016458941195838295,0.011828506772054645,0.030852831902810282,0.05046357770303889
1993-01,0.014046529631727353,0.0063540549929325535,0.0225265809363321,0.040759364574097075
1993-02,0.004409722793396471,-0.004176109921687841,0.008962442522887255,0.020321413828660956
1993-03,4.4387039631214875e-05,-0.006535951785142151,0.0025074347034079528,0.007198592209773404
1993-04,-0.00688378419829528,-0.013775419241545378,-0.0062512350854894705,-0.0004412194941557576
1993-05,-0.005374414885546221,-0.006015186690973388,-5.708106020839432e-05,0.008671074954712824
1993-06,-0.00914261428364823,-0.012195308939616324,-0.010682549486476074,-0.004317496046340442
1993-07,-0.005660919790629243,-0.007396333279722785,-0.008586662478125194,0.0026084848677479025
1993-08,-0.010975744567726861,-0.016756324838159975,-0.021718349173121744,-0.018636940114248456
1993-09,-0.014796354476311877,-0.02183292417289011,-0.0225418474563814,-0.021173503897140816
1993-10,-0.015436991787048923,-0.020127101405021774,-0.01959649229226347,-0.015949310648381787
1993-11,-0.020081896496459438,-0.02066541777340556,-0.01436927532197678,-0.008183025127895073
1993-12,-0.02237171641061833,-0.023279532883124787,-0.014475733650513037,-0.006214848768374692
1994-01,-0.01990524558157021,-0.01737821568929701,-0.01561539411626995,-0.006651566603300678
1994-02,-0.01069495409304349,-0.004450905268432913,0.0025895787333728992,0.014260871032320654
1994-03,-0.004629533230457915,0.007103242410147016,0.016777436456556417,0.03354413358547121
1994-04,0.0014078886523467907,0.015149400179750326,0.02970511854754157,0.04780999888334922
1994-05,0.00809444988216415,0.02154778405100153,0.03548917203803809,0.05468749330097587
1994-06,0.011196807749796714,0.02397836366066801,0.04433506787306203,0.06605011874222294
1994-07,0.008773079749276963,0.017962391998633892,0.035013630318851074,0.05350248549414801
1994-08,0.010175617764876105,0.02052341704825742,0.03502688616544452,0.057718751171634296
1994-09,0.013738830345243744,0.029945624466708044,0.0508030003314375,0.08224924671220196
1994-10,0.017905420020112015,0.03814525993600243,0.06273724048534211,0.09732321675379885
1994-11,0.02216188214542493,0.047060433490349975,0.07016945267618499,0.10079331694607288
1994-12,0.025975452458325193,0.05001013245614881,0.07213111541068948,0.10157375982801159
1995-01,0.024601203542493358,0.045249382900632,0.06830611677915674,0.0972687599950802
1995-02,0.017384220813281975,0.03160825166479,0.04904495610075748,0.0708869158426656
1995-03,0.014773201402411645,0.02620063491747654,0.04402058961918437,0.06766013508515135
1995-04,0.011168691109785946,0.021819045010958812,0.03816170650418739,0.058818383329357474
1995-05,0.001703481435452868,0.004406479469621839,0.01240742263012938,0.023758853981219775
1995-06,0.0020079968653041597,0.005691941206138279,0.013825315909828231,0.020180528048253828
1995-07,0.0012347463171421616,0.008991253362378902,0.01841836995614228,0.025611648917309944
1995-08,0.0005340912462791017,0.004380373027171876,0.01643845574477843,0.021620052191261625
1995-09,0.001154760714462584,0.005755170659624095,0.021175157169772293,0.025736031706404525
1995-10,0.0009848694421186466,0.006486345220059447,0.02179299713201989,0.02328715460136299
1995-11,-0.0013493289719336624,-0.0005945976636422198,0.009960403613391462,0.006852003167504145
1995-12,-0.0036174105745963303,-0.0038612667961798186,0.007330504850379643,0.002201358703173617
1996-01,-0.00611337316743104,-0.0046951979577412525,0.005306205638639795,-0.002118145170084254
1996-02,-6.685339186545541e-05,0.003993204605515603,0.015139195732193488,0.012467729944842548
1996-03,0.00044768947650843105,0.008626388130378637,0.02587440575390705,0.02455046116316626
1996-04,0.005058214406092283,0.016182541433755866,0.035350752879329046,0.035468182109186216
1996-05,0.007975880725861396,0.02151970660255155,0.04033791616190067,0.045000691560008126
1996-06,0.007201507725480873,0.020065791698976064,0.03369239119080118,0.035004751868648626
1996-07,0.008090288969459958,0.02045063298765274,0.03439202635499919,0.03779792947682596
1996-08,0.008852625225483475,0.02687176136554078,0.04099212073069935,0.04745516157091107
1996-09,0.007371809671032105,0.026784389767096288,0.03950619347304873,0.04299869649335356
1996-10,0.005570053624836077,0.022505993539614952,0.030516299102799183,0.030085397225965205
1996-11,0.0017817582578260605,0.013988643012430385,0.01529886267849253,0.01627774135463369
1996-12,0.0066702978771844,0.02480911653402415,0.02946480208907895,0.038528226708691105
1997-01,0.009589309220829172,0.027440492834403175,0.028941198838162915,0.04708865847903329
1997-02,0.01034049655441091,0.02557629625059618,0.029603394325403633,0.05008822071625794
1997-03,0.013554592189422787,0.034763099304362985,0.041046457429932744,0.06629223709625508
1997-04,0.011742948169868352,0.03020958081081019,0.03286396768009607,0.05785633484809284
1997-05,0.010350408151134659,0.025438252564052827,0.030065757254091066,0.056000739113881856
1997-06,0.009729890110167144,0.021202648777112705,0.024369198501210353,0.04865184486012842
1997-07,0.0036456114302578987,0.009098259245005944,0.00553094852330327,0.02972659080331433
1997-08,0.009653652550584327,0.017856325312729612,0.020446651384862062,0.047601940091869625
1997-09,0.012212881034518445,0.018154010208732523,0.018612384447861063,0.0508871618953702
1997-10,0.013633453823392164,0.01595126202660864,0.01193222727568126,0.046024711097527454
1997-11,0.012611547018779881,0.013641820837704412,0.014782426952614676,0.048156360936618896
1997-12,0.012370625955317002,0.010799884900133741,0.013523364424204667,0.04724977858628654
1998-01,0.008543887175598786,0.0006604246685540036,0.00957358786458607,0.036747796685928306
1998-02,0.007034079289943179,0.0016809679634624056,0.014351666642078438,0.04447874597958453
1998-03,0.009682192261062136,0.004124255040374454,0.018626674695914232,0.04391729243596202
1998-04,0.009202199303468314,0.0016665822857013304,0.017747694987357517,0.04824737448841469
1998-05,0.005913287717105677,-0.00011990881163320005,0.018119603603356134,0.045735040143333905
1998-06,0.00268826178902732,-0.004470223705264932,0.010899512707858362,0.040351823553089534
1998-07,0.0011845323646677008,-0.00656414227050825,0.013844096170692738,0.048967633668750184
1998-08,-0.008114873849330684,-0.018106984569349886,-0.0029481231596138954,0.02557113763871087
1998-09,-0.013297144656645707,-0.02940737796648115,-0.013303515977181803,0.016481683123889562
1998-10,-0.015079215899157228,-0.030272841480287194,-0.005657325622369411,0.02962793707373773
1998-11,-0.01380830199673249,-0.025203106245118352,0.003088567338995242,0.029707651319022615
1998-12,-0.012300645142928973,-0.018668970437809962,0.008155729099451156,0.038431084900034024
1999-01,-0.014903574646990964,-0.01470045372123685,0.008329275390592014,0.03704420301627355
1999-02,-0.007435232747856055,0.0027810255505126835,0.03439602109517302,0.06993106208935988
1999-03,-0.0103466742269607,0.0009557895753546236,0.026887242974132766,0.06660437805071442
1999-04,-0.01081221696397041,0.002162352804340996,0.03277278764007001,0.07477175758787669
1999-05,-0.004956266177461956,0.014829086070479981,0.04954855224759497,0.09400237406735593
1999-06,-0.006279436225711504,0.011953780290261354,0.04950345445960026,0.09977022107652728
1999-07,-0.005096855209880256,0.018352874261074605,0.062036929706541274,0.11109173224759775
1999-08,-0.0027488701861658957,0.023352372776672188,0.06758541761166277,0.11432144272744194
1999-09,-0.00445073395996267,0.02762189938023934,0.07421094681924612,0.12354612116752586
1999-10,-0.0027385005879301677,0.03622689715674146,0.08614418635042743,0.13441049269803745
1999-11,0.002393797456350086,0.04137082932684197,0.08839778684532959,0.13567927717869713
1999-12,0.009124995058961916,0.050519411014437174,0.10179585059846782,0.1548774472342738
2000-01,0.020668918300969556,0.06270688692427889,0.11308681125498615,0.1694460252150384
2000-02,0.022358314657998722,0.0648462754005967,0.11493806106647546,0.17014015721113562
2000-03,0.02203546409770161,0.055947976700117606,0.10312390563834742,0.15195673160164552
2000-04,0.02514064991069726,0.06425291948442251,0.1154534422105758,0.1609874604246334
2000-05,0.029729780127503894,0.06942470998645497,0.12064306321355317,0.16259154543093673
2000-06,0.02175963963903689,0.061173874918689364,0.11123708943751662,0.14907579670565566
2000-07,0.02466017688075013,0.06839449442173987,0.11467236222909855,0.15216809851367635
2000-08,0.025913816602409802,0.06582055585025205,0.1091003018000552,0.14639317061335566
2000-09,0.029498685744792648,0.07192366461306068,0.11652904174524409,0.1506083048609153
2000-10,0.03357134548704599,0.07689722863830792,0.11913373903608858,0.15030152815413605
2000-11,0.031073202888639087,0.06967460546805537,0.10724639918396925,0.13021235059595188
2000-12,0.025232119492265115,0.06362874279523098,0.0994860395998826,0.11880796751162757
2001-01,0.021284810544243152,0.057262667561457675,0.09500909116745737,0.1146295432819202
2001-02,0.020877663617123676,0.05665488313793089,0.09323491437357831,0.10892730735018935
2001-03,0.014815403585108702,0.050599425015248736,0.08748340060041963,0.1021488907394122
2001-04,0.02195652117313366,0.06280128286991774,0.09935666163724208,0.11850193462247069
2001-05,0.022963103017426205,0.06426657611374142,0.10082941800951382,0.12043679921578501
2001-06,0.025696802903519098,0.06906049084068935,0.10448320968284457,0.1252134526047198
2001-07,0.022993172016145667,0.06076879403845638,0.09226983765456276,0.1067521202859107
2001-08,0.02089476573095512,0.056420226844933474,0.0871345023739819,0.101187068721658
2001-09,0.016669859070562752,0.051407334265415314,0.07684235719405809,0.08795679928538457
2001-10,0.01417010023575202,0.04257245683412532,0.0654340062817024,0.07138212769477273
2001-11,0.02080136651612361,0.05406404670059667,0.078040533344488,0.08250792374305518
2001-12,0.028028555798699978,0.06766781971554153,0.09397676405803694,0.102568461974901
2002-01,0.026730993003118184,0.06466290405633851,0.08978396298818804,0.10001494801654934
2002-02,0.025889601071031065,0.061357190670409956,0.08248056541148852,0.09010329708862183
2002-03,0.03441293079310859,0.07769103585689303,0.1017992125811109,0.11418214522357124
2002-04,0.029631441062724036,0.0639317497797628,0.08542695743800821,0.09378404973929527
2002-05,0.028674720056802994,0.05802667932543849,0.07641836224281527,0.08166749039743221
2002-06,0.02721525089908062,0.05252597871456393,0.06774167260569325,0.06864293908359073
2002-07,0.014681803433253753,0.034744526884777874,0.042103992300474624,0.041846061314658525
2002-08,0.011829291272551213,0.026132125955857836,0.03186953503384992,0.02754043445078349
2002-09,0.008645641944253987,0.014363029945445258,0.008788334347307039,-0.0016608159946167045
2002-10,0.00741828852407035,0.01571775977273709,0.010349669367606142,0.004704660788008068
2002-11,0.011158538281929585,0.022127959470856343,0.02126692192062883,0.018193113822718994
2002-12,0.00718215918937461,0.0090367658078161,0.002998337088388125,-0.004065916504274417
2003-01,0.00860799367633245,0.011413693648736713,0.007319576945312892,0.0028473864659114417
2003-02,0.006358596847635357,0.0017801439515817124,-0.00761427969308873,-0.014080722125584724
2003-03,0.006719924697888612,0.0022718273888705943,-0.006664267059601145,-0.011049045248415247
2003-04,0.0019411134272944199,-0.0015963866045938663,-0.01021783979396565,-0.01323652518693938
2003-05,-0.0031797623599764246,-0.014377881968696776,-0.03258601289353206,-0.044009065270059496
2003-06,-0.004438435223530527,-0.014003773266009873,-0.03162296835644256,-0.0400361891929277
2003-07,0.0018788960115144662,-0.0010199033098368063,-0.005620909559721459,-0.00034099033265105536
2003-08,0.006911131525114226,0.006876726214395968,0.005083524478150449,0.013228249555530501
2003-09,-0.002797713394869889,-0.012814742524082509,-0.02247663687361453,-0.01678406785198546
2003-10,0.00199974996207934,-0.005014278891457254,-0.010702596031962795,-0.0010867270043586758
2003-11,0.0002380349577345009,-0.006838078175862072,-0.011738317005176545,0.005540351145309187
2003-12,-0.002903785583173909,-0.011895891622783468,-0.018383747109459773,-0.0021877066401403463
2004-01,-0.005116019525366153,-0.015752656856262648,-0.024149518096757194,0.0017802889977024255
2004-02,-0.010799201177723403,-0.02546380321871852,-0.03414846719824708,-0.006581382343795801
2004-03,-0.0137086663887572,-0.03239087055522969,-0.042545240292935625,-0.015072489783923677
2004-04,-0.003440965194682087,-0.010895143492062088,-0.013397987584674385,0.016279899267011406
2004-05,-0.0010833026922611733,-0.00801455948335305,-0.009722362870952385,0.018162354451626637
2004-06,-0.0014807048178563202,-0.011643324024429021,-0.015415484128243988,0.010455049586624136
2004-07,-0.005502343662016022,-0.015363309845777346,-0.018366097018028684,0.007620649987244699
2004-08,-0.008607695116271817,-0.023049922950338732,-0.02612826134621813,-0.002917815198694433
2004-09,-0.009876207586301852,-0.023766536078172515,-0.023964437549364212,0.00048751638746234727
2004-10,-0.013960494379814468,-0.028799011416711817,-0.029984134445425643,-0.002587596114119968
2004-11,-0.010079977656145073,-0.019952576987422706,-0.009383793857925336,0.026689886460857768
2004-12,-0.009990610929115226,-0.02280070057577395,-0.014678193580754784,0.023296791870962473
2005-01,-0.009317773307646972,-0.02147893543829115,-0.0030614640028477844,0.03314078842447075
2005-02,-0.007455814109216606,-0.014613252185364883,0.010686463653811387,0.047312941550608
2005-03,-0.006804440136032416,-0.012327166126834009,0.01642161117842352,0.05508948443820709
2005-04,-0.009485079525303843,-0.018829433191775706,0.0017131503333893197,0.038114408853421294
2005-05,-0.012574511531616976,-0.024767526890722515,-0.009640939581399256,0.02424630751635115
2005-06,-0.014258846057060078,-0.0266790601951711,-0.012992858984467705,0.01820846330592239
2005-07,-0.009254721515487993,-0.014818891399985719,0.004973896686682376,0.04048485535325036
2005-08,-0.010332680720597995,-0.01572057223715842,0.0006589842332441198,0.03467919808520033
2005-09,-0.006503267136067213,-0.00537126401564323,0.018136484896616505,0.05428271508391992
2005-10,-0.0047041356999305214,-0.0005358416505415325,0.029104956487012848,0.06789002187590412
2005-11,-0.00459490878765622,0.006849137162928447,0.041572573611134825,0.08153719845985254
2005-12,-0.006146867585028769,0.0034498645189760466,0.04143824740445835,0.0776648190209296
2006-01,-0.0056686965823813315,0.016487441574693236,0.054847283003105936,0.09326425606446616
2006-02,-0.002658587636262623,0.025187573575273882,0.0620261757581644,0.10094789362060659
2006-03,-0.0011972573073096085,0.03067446131984574,0.07153938456561511,0.11289373993838704
2006-04,-0.001558394510003988,0.02674056340466427,0.06992699928665136,0.11365152588950114
2006-05,-0.0007048559913285235,0.025010152049353085,0.06860444986459974,0.11393516869097166
2006-06,0.0001408998582452109,0.02547018474513363,0.06798844226524804,0.11428651652346491
2006-07,0.00012236839153062506,0.024364414386271294,0.0657414035968541,0.11138724737775034
2006-08,0.0011914239326286102,0.02380642737588931,0.06458221588646056,0.10743501445069491
2006-09,0.0031330528426649074,0.028254977709390477,0.0676550112641168,0.1088112007891138
2006-10,0.003580177928839759,0.03199367598911837,0.07109462144079869,0.11233783835106304
2006-11,0.011165083923298923,0.043784344162689975,0.08269579467732034,0.12234148535830043
2006-12,0.012037923874201821,0.05178569438198771,0.09130761010598935,0.1332112185860396
2007-01,0.025432203097750003,0.06459458528392854,0.10660064842003918,0.15040751700839733
2007-02,0.025554224454369757,0.06015426351940515,0.09925727745565495,0.13972414389556226
2007-03,0.02665859322020555,0.0635953023736036,0.1028695403056424,0.14354686521329119
2007-04,0.021980383155862482,0.0590275823935852,0.09825410616867765,0.13983221229609535
2007-05,0.023844434260096192,0.06456755854868448,0.10757578943230202,0.15253249495116572
2007-06,0.022020036438372206,0.06357084187062229,0.10898057382391174,0.15539666058224472
2007-07,0.01882198833047425,0.05712413907309585,0.09963936862238537,0.1423370897385814
2007-08,0.016358217584316118,0.05322726941244879,0.09379816610646534,0.1346712628015228
2007-09,0.0194643496607151,0.05634545552138669,0.09701890430044197,0.1396958077607486
2007-10,0.02274731027993334,0.057844745445186974,0.09845808656440189,0.14052728394146827
2007-11,0.019493747681699074,0.04756542259095362,0.08322612363657601,0.11884794307564239
2007-12,0.023302847300299877,0.04803607977628517,0.0845388405810647,0.12223245337114885
2008-01,0.014929785113148769,0.035726828048230665,0.06785240279137543,0.10249279960645723
2008-02,0.007575726909905753,0.02657170782253107,0.05626430994276023,0.08936161528176105
2008-03,0.01085949208226878,0.026818198049960704,0.05956925684110512,0.09125278066138368
2008-04,0.02057945136923819,0.04485283965068404,0.08162249692015748,0.11653410695246526
2008-05,0.024523301060152845,0.05582408408525538,0.0957019210655447,0.13376388266655792
2008-06,0.022555031247469732,0.05407957565319121,0.0917075106033868,0.1278815454840806
2008-07,0.02221418200027802,0.05316995861760923,0.0880336375837011,0.1257485132169447
2008-08,0.02099574500491319,0.04974175542762596,0.08438791113831975,0.12083857089790812
2008-09,0.01660704701216858,0.04274737454125608,0.07852495147967178,0.11863096786485741
2008-10,0.008289878807235734,0.033091751854669255,0.062101575215090486,0.11525458672298279
2008-11,0.008480732579781039,0.023216772502496895,0.0326944445680363,0.07708539824882159
2008-12,0.0016179161952106893,0.017188793796653175,0.026670341097451727,0.06192054337895324
2009-01,0.010040300858240083,0.027635280512956148,0.04555947776818685,0.07885297203525889
2009-02,0.007744525810110056,0.026890687540297265,0.049620258914070035,0.08079810202921682
2009-03,0.0048343896274029435,0.021027832950385534,0.03772789209177786,0.06617951320246042
2009-04,0.008816546599887249,0.029732758220283796,0.05455503787669432,0.08617283010734088
2009-05,0.009883233294995939,0.031145962039377174,0.06148133070474361,0.10363720251106402
2009-06,0.013850081634844587,0.03759325063701675,0.07344415527835364,0.11378073271816598
2009-07,0.014864864748079463,0.03723801980418956,0.07073298420793835,0.11304516557577311
2009-08,0.012812004279206729,0.035272695314111646,0.06780878720687304,0.10768946002567142
2009-09,0.011847365649624908,0.033324030554720586,0.063539850410393,0.10385485020220044
2009-10,0.011005703558128108,0.0319847318755694,0.06485783167152155,0.10389162268624896
2009-11,0.00671764475878627,0.024571501196120366,0.052248251099986195,0.08862123553978912
2009-12,0.014043721407061501,0.03906924153009912,0.07464025724601143,0.12031792920549542
2010-01,0.009500354583289392,0.03188936761020345,0.0637033121918247,0.10608018041734012
2010-02,0.009418053527145333,0.0315743186683822,0.06308318527087728,0.10400267105244734
2010-03,0.012429821307512212,0.03748015526330596,0.07385549726958954,0.11592454226527062
2010-04,0.012411902327466572,0.03592825222083323,0.0707589246907255,0.11078016097610724
2010-05,0.009522987987753561,0.029176201355946237,0.06141866079751807,0.09526946917082667
2010-06,0.006439446102561165,0.02118361736291363,0.04879761451228093,0.07930913516456957
2010-07,0.005455702317872415,0.01716094129621664,0.040274363663543984,0.07045419163082252
2010-08,0.005376633980305769,0.014521299582097852,0.03317421977142095,0.05809498418022401
2010-09,0.0035034059588933994,0.012594211758304656,0.030307982416800598,0.054411043324321916
2010-10,0.0019980650831646256,0.008853855370675191,0.02580910290510571,0.049496036878356034
2010-11,0.00393213362989853,0.014382418969754078,0.03439724304245704,0.06300770337909047
2010-12,0.006306806873844639,0.022979703461878716,0.05253926183508039,0.08954794230685362
2011-01,0.006109174967063178,0.022914261623921295,0.05029869179238848,0.08902801858699759
2011-02,0.008271939465266763,0.02796458516666294,0.05834470543506854,0.09699366558120227
2011-03,0.01149609938608281,0.03302165148924204,0.06482729655853754,0.10349610888801264
2011-04,0.007769714450219516,0.025585032558915328,0.05356781290983831,0.09063612722400627
2011-05,0.0053569366213940366,0.01878719913561952,0.042919892512152176,0.07659493377230522
2011-06,0.0048060543993524215,0.018997114971961264,0.04466703463685201,0.07766756998208478
2011-07,0.0029381122601886338,0.011127092800518164,0.029989713241591595,0.057398141316052434
2011-08,0.0007081917798664567,0.005192941095428235,0.018580583973003606,0.03819965614948493
2011-09,0.0014564621307339711,0.007739472217430202,0.020173814930732635,0.037991070542492844
2011-10,0.0012207236027999926,0.007107653566570148,0.02022048399182165,0.038046438874368524
2011-11,0.0014507345199287762,0.006960308605145799,0.019654571469350707,0.03411232872261907
2011-12,0.0011871939781441132,0.006441557377088233,0.015347634883160753,0.0279162230570918
2012-01,0.001500274641082946,0.005237156007018115,0.013961534292156155,0.025337661678045964
2012-02,0.0024649549809979566,0.00873304555274618,0.018374179768898675,0.030281168896335767
2012-03,0.0037323929553247214,0.011911107353969178,0.024454268408720843,0.04024111826621567
2012-04,0.00252960287967137,0.008210330993145892,0.018314803834747387,0.02961786702343579
2012-05,0.0024403672402203,0.0071272587030917975,0.014513142577950996,0.019909250516183325
2012-06,0.00255294637832011,0.00811618319764499,0.0153063314306453,0.02344393706505571
2012-07,0.0011585147332148673,0.004026918202835331,0.00903904167294018,0.015501304690202524
2012-08,0.0011780996729579734,0.004209139970501218,0.007953631997555277,0.014049415508784205
2012-09,0.0015229121142124324,0.005183500134868799,0.010207766709997262,0.01639868469841857
2012-10,0.0023431834095286206,0.006602447798107959,0.01253099102346259,0.020058745278114208
2012-11,0.0014819144024232822,0.004957377693546591,0.0060733025146810634,0.009654407937194617
2012-12,0.0014018333785663015,0.004805395330773567,0.008304515268751917,0.014253419501526239
2013-01,0.002991572884018052,0.008666281912297463,0.01673292619913777,0.026609878420343666
2013-02,0.0021351456729785927,0.005547953445289651,0.010792444258426851,0.017804315719467757
2013-03,0.002371577558780755,0.00576162215742437,0.011432549021153052,0.017184247315330914
2013-04,0.0023039761200253626,0.005316816803341383,0.009272755541806585,0.013115020753362308
2013-05,0.003826792594743017,0.010510166131060612,0.01870047235117083,0.02729808284107283
2013-06,0.004547563778171487,0.014561252256176223,0.031479797236946584,0.046281009481505736
2013-07,0.003373476602074729,0.011960125791141096,0.02832325727403841,0.044619735081245074
2013-08,0.005461798780382136,0.01736294845522238,0.0374644228684577,0.056215976913562275
2013-09,0.0038519936425174587,0.012949107979653082,0.028948851281154948,0.04271823662383512
2013-10,0.003478162016519632,0.010951126267339725,0.025548778972168153,0.03745730303444566
2013-11,0.0024156027884322893,0.006907145649968276,0.020727374332362037,0.03266476405576658
2013-12,0.0035413791806980788,0.012675629300800207,0.0326452080885565,0.049560372190751906
2014-01,0.004053919171892719,0.013582718605324994,0.029274987324752855,0.040146772738470955
2014-02,0.0028647739903380036,0.011474684137371611,0.026841272312354975,0.036657058520677646
2014-03,0.004554518099224044,0.017228562907712318,0.03456757921815148,0.045823092542371505
2014-04,0.004928782040996203,0.0172663649403132,0.03335167579732368,0.042030504894853805
2014-05,0.003782052986113168,0.013631728582211776,0.025965871553426893,0.032398248608447776
2014-06,0.004535285505772361,0.01704744276554772,0.030077771112602566,0.03655316786214455
2014-07,0.005510155250610303,0.01995469108203357,0.03628108855573542,0.04051939804437943
2014-08,0.004674627288578229,0.016873456426691285,0.0308274480673185,0.032961177207584
2014-09,0.006510702232101486,0.020861644373913614,0.03521505560649158,0.03723581494983662
2014-10,0.004143791768931241,0.015978333043081897,0.026989614294795836,0.026663086330340608
2014-11,0.0007017989549214804,0.00908886412831973,0.01607537519456935,0.013768224563159393
2014-12,0.00396962878193078,0.014878900435943416,0.022841808197403765,0.02068978289433055
2015-01,0.002232759667164863,0.007946209241888175,0.0068918083900473565,-0.0007714337319878499
2015-02,0.003992900013493469,0.013296692063514649,0.01532844610634736,0.012125570084712326
2015-03,0.0028742214706134047,0.008389543086178081,0.008087480484835173,0.005763011590255201
2015-04,0.0038656818052781546,0.008902947122724176,0.007918270975073945,0.0073151495140516345
2015-05,0.0026422774862537197,0.007046015515067206,0.006828738667735937,0.009062026338419165
2015-06,0.004373090571445517,0.00960429542508508,0.011085796561413157,0.019221570380049173
2015-07,0.00378085735724537,0.007666546601307413,0.006483316743116162,0.010762222841441571
2015-08,0.003991404924703442,0.009158344849405293,0.007560700169384009,0.012869802909057305
2015-09,0.0021390863979089307,0.0033915810184935577,-0.002281319856113087,0.0010606075705705958
2015-10,0.0033512413351781383,0.004505542069494746,0.0008667437078602163,0.008717226953261324
2015-11,0.0027957676362685745,0.004290145552586167,0.0006216796765186623,0.008757528943885547
2015-12,0.0055344817564527676,0.006436624950958555,0.004872240526227355,0.01370204003979752
2016-01,0.0024001448768224487,-0.002509956371462236,-0.009140685967613114,-0.004273415672039874
2016-02,0.00034788467180293416,-0.008402124159692216,-0.01534621468467542,-0.008395686561771063
2016-03,-0.0012946032815169895,-0.010688252196362866,-0.01731661960115954,-0.0008902775834199912
2016-04,-0.0007603325809394301,-0.010480775671787377,-0.015611765576459477,0.0019689665691713307
2016-05,-0.0012422961217415625,-0.010361962725800596,-0.012822615969580127,0.0044287611215915595
2016-06,-0.005885373580305682,-0.019809814289218217,-0.02443644391679746,-0.01130867084943108
2016-07,-0.005353537110560826,-0.019754116197473064,-0.02551750078846907,-0.012152111286859595
2016-08,-0.0027576478234409754,-0.01529437396272333,-0.01619747630792491,-0.0017638257480710115
2016-09,-0.004391797234927335,-0.019033687533409088,-0.021001607414984958,-0.006355809421179009
2016-10,-0.004511394001015906,-0.01828366727658813,-0.015193169549011919,0.0018724084085780714
2016-11,-0.002901975577395575,-0.009778805844351845,0.0010560820032123903,0.024691561330562196
2016-12,-0.0022660449400222337,-0.008496979526679526,0.0024616607983309145,0.028160029422807875
2017-01,-0.0026526572977524764,-0.007639109862915295,0.0035257662478685014,0.028609849624931113
2017-02,-0.004173520441801113,-0.008489821295461667,0.006935418723944969,0.03171464506007616
2017-03,-0.005770637780690199,-0.009159821884838677,0.014805030740965595,0.03936251980711279
2017-04,-0.007926383242493831,-0.013052133038704606,0.009165030121830873,0.03192531289422898
2017-05,-0.008858356945476632,-0.012967574956951968,0.00699361221529082,0.02879831153154483
2017-06,-0.008284655239648112,-0.008519491415740914,0.012906101090006932,0.036513876229764486
2017-07,-0.009747735148649569,-0.011615538041125764,0.009860569945275614,0.03277132836471559
2017-08,-0.010357923027629034,-0.011674656989567898,0.007719472652714131,0.028311079160141788
2017-09,-0.009813916519282116,-0.008208873306792958,0.013820072176418834,0.03732646637558709
2017-10,-0.009493001814049138,-0.004423206422473184,0.017496146341647596,0.04119331589719912
2017-11,-0.0074974796266965744,-0.001882836929611633,0.021108414594424314,0.04375466373991549
2017-12,-0.006068918423641059,-0.00014812074483450122,0.02377705784625847,0.045284042701408435
2018-01,-0.0014235798973525476,0.01017279749772941,0.0370716318091099,0.05750620418945282
2018-02,-0.0006851818223587124,0.016174952775263183,0.04496093525937009,0.06414342741725325
2018-03,0.0007776705162986369,0.024872679421629768,0.051617843800308254,0.06288921398218053
2018-04,0.003494611356654482,0.03091067205079411,0.05990961312810242,0.06889663565148582
2018-05,0.003593832395102376,0.029551362970985085,0.057615738300913155,0.06496912293794355
2018-06,0.007450257285793432,0.033391384820414385,0.06134239947378265,0.0613454243290012
2018-07,0.008241909656833645,0.03592413942024611,0.06422223089593523,0.06465671995590817
2018-08,0.009398366978558031,0.035815688896051946,0.06295237447649986,0.056192386626721685
2018-09,0.01165798585074158,0.039925710126106684,0.06921558073437191,0.0586545915813519
2018-10,0.014678358560793414,0.043252157962156944,0.07166728708312536,0.05585411506375249
2018-11,0.012390491685476068,0.038739071699310165,0.06463544840569986,0.04693945806446051
2018-12,0.0073137189249657016,0.030049204339747913,0.051596328610321554,0.031814153957122206
2019-01,0.008996687088320337,0.031433224873154295,0.0476900206963234,0.02632494424281493
2019-02,0.01440455136723933,0.037753379326423024,0.052749591588686785,0.028455689786225348
2019-03,0.01928494568559801,0.03927398816470342,0.044967240842961304,0.022414207493184197
2019-04,0.019689296629874516,0.04053229491748159,0.04236028398618418,0.01946840460076858
2019-05,0.014452630641733421,0.031380009267048085,0.0295628969462664,-0.001239483936825287
2019-06,0.013645073943370865,0.02898058108371217,0.01850360720412546,-0.014871945158281656
2019-07,0.015565679082997566,0.03195583966160555,0.021330085622069044,-0.012259345592405747
2019-08,0.010778727152681487,0.022373120122395142,0.0017596171185301178,-0.03685629476058097
2019-09,0.01330956541965033,0.02649254906897683,0.0014969433225346176,-0.03583482796843877
2019-10,0.014242861558140035,0.027128158637273674,-0.003323267761706647,-0.040116089174302524
2019-11,0.015333996497415483,0.02855897514916596,-0.0007248861675698964,-0.03294107786863861
2019-12,0.014659914679005874,0.02735251208636292,4.552768935822682e-06,-0.028035952151041064
2020-01,0.011008861148728526,0.015420677792805069,-0.017020922436732432,-0.04898154408091631
2020-02,0.007480139460059961,0.006184157667346507,-0.033319464206312585,-0.07195160716251542
2020-03,0.0026455928725824156,-0.010070988157046476,-0.0500279538746525,-0.09230482582055427
2020-04,0.0018483911095144416,-0.01559496365871071,-0.05669127494889002,-0.10143794656699477
2020-05,0.0009019482400017566,-0.017213941061863275,-0.06327007937622085,-0.10755931186564435
2020-06,0.0005103987235410355,-0.02570732339378506,-0.07459065809848958,-0.1175691497070884
2020-07,0.0003201167285312686,-0.027163160089841282,-0.07546040314634092,-0.1171475486623747
2020-08,0.0003999044682324324,-0.03171464865659163,-0.07963510799092309,-0.11691815159815033
2020-09,0.0004287796075398277,-0.037463010794783105,-0.0863898051513027,-0.11918380771707393
2020-10,0.0003441247702821763,-0.04253267537061026,-0.08878244047380424,-0.1221545614263036
2020-11,-0.0006830376298665188,-0.04373289580778471,-0.08698091026041929,-0.12052046278870937
2020-12,-0.0023936012769578815,-0.045662727685425834,-0.0856609730963735,-0.11779706625213611
2021-01,-0.0064055870062695005,-0.04885453720801844,-0.08800087341861515,
2021-02,-0.007885434762322016,-0.05138171209036288,-0.08804796394753145,
2021-03,-0.014308680997374326,-0.05140798102961168,-0.08382857781825487,
2021-04,-0.01838154481901156,-0.05769589672495756,-0.09430293374274698,
2021-05,-0.01875214142811246,-0.062274025081647866,-0.09898419702354037,
2021-06,-0.024275288832427074,-0.06746760309317415,-0.10298450335489956,
2021-07,-0.026092631104812716,-0.07088538850128312,-0.10480223451163587,
2021-08,-0.030670796708902808,-0.07441217253039933,-0.10431105576218536,
2021-09,-0.035597593672768504,-0.07856428565572596,-0.10102195367939257,
2021-10,-0.03710130686166104,-0.07659755043595542,-0.09967667307469133,
2021-11,-0.03669973213391875,-0.07163940635376005,-0.09561768380272614,
2021-12,-0.03474588189651286,-0.06619632021834992,-0.08946466188323561,
2022-01,-0.030057884158979954,-0.05763910786214665,,
2022-02,-0.03068206405979281,-0.05940171332413104,,
2022-03,-0.015351088030061123,-0.03509596368282909,,
2022-04,-0.014017950098509774,-0.03246755306240415,,
2022-05,-0.021087077196579863,-0.04036739088564234,,
2022-06,-0.022474122569079935,-0.041098190608248486,,
2022-07,-0.024277496277367132,-0.04349346043177041,,
2022-08,-0.01818444613645135,-0.02541883477111842,,
2022-09,-0.009588359237255435,-0.006883543354919246,,
2022-10,-0.011018946429998663,-0.010421140814705833,,
2022-11,-0.011032207461838667,-0.018493149958918535,,
2022-12,-0.005961930910687807,-0.01018503048861013,,
2023-01,-0.009792923047789066,,,
2023-02,-0.005012081334679508,,,
2023-03,-0.01511019014289311,,,
2023-04,-0.019071494379593643,,,
2023-05,-0.014769307043574889,,,
2023-06,-0.006991223161685024,,,
2023-07,-0.0030095765924863863,,,
2023-08,-0.0005502739841587653,,,
2023-09,0.005895463081631629,,,
2023-10,0.004444798315789283,,,
2023-11,0.0003549882682731195,,,
2023-12,-0.004275906225315387,,,
2024-01,,,,
2024-02,,,,
2024-03,,,,
2024-04,,,,
2024-05,,,,
2024-06,,,,
2024-07,,,,
2024-08,,,,
2024-09,,,,
2024-10,,,,
2024-11,,,,
2024-12,,,,
