month,cp_t,fitted,avg_xr_next,in_regression_sample,usrec
1952-06,0.002116440247763307,-0.011331652220479667,-0.00944623974513593,True,0
1952-07,0.0006492356633388072,-0.012798856804904167,-0.005275437515717576,True,0
1952-08,0.0007798872175629398,-0.012668205250680034,-0.004305162335691822,True,0
1952-09,-0.0013309854287302473,-0.014779077896973221,0.0011582880127810153,True,0
1952-10,0.005230307788058103,-0.00821778468018487,0.007033495107435928,True,0
1952-11,0.0019376787387455022,-0.011510413729497472,0.007083635443761105,True,0
1952-12,0.0009219916777356528,-0.012526100790507321,0.00892357669265029,True,0
1953-01,0.002780585097170255,-0.010667507371072719,0.016770419583789446,True,0
1953-02,0.0021044517987338276,-0.011343640669509146,0.020599431900263584,True,0
1953-03,0.007643420993498991,-0.005804671474743983,0.026721253952362287,True,0
1953-04,0.0004354677821918028,-0.013012624686051171,0.02893675427927107,True,0
1953-05,-0.0020114759303370457,-0.01545956839858002,0.03233477077155568,True,0
1953-06,-0.0012682388447433565,-0.01471633131298633,0.031230051238870658,True,0
1953-07,0.002610601636740501,-0.010837490831502473,0.03122076405128617,True,0
1953-08,0.0043360832727855625,-0.009112009195457411,0.03098957091945756,True,1
1953-09,0.004184090706277396,-0.009264001761965578,0.02396968462104236,True,1
1953-10,0.007986782326991093,-0.0054613101412518805,0.016395300289916676,True,1
1953-11,0.004508851065757921,-0.008939241402485053,0.018032213896395307,True,1
1953-12,0.004283840975366528,-0.009164251492876446,0.011905286263804441,True,1
1954-01,0.0034793033907545116,-0.009968789077488462,0.004351508608002874,True,1
1954-02,0.009823209743643748,-0.0036248827245992255,-0.005918858021672177,True,1
1954-03,0.01187252620317958,-0.0015755662650633936,-0.008224729457770898,True,1
1954-04,0.01769845989284259,0.004250367424599617,-0.011363330835392572,True,1
1954-05,0.03065954844088633,0.017211455972643355,-0.0070253921580974,True,1
1954-06,0.025559981786742555,0.012111889318499582,-0.012090833354131778,True,0
1954-07,0.023722342716186458,0.010274250247943484,-0.014147684110719285,True,0
1954-08,0.02084827855729396,0.007400186089050985,-0.01872270073527005,True,0
1954-09,0.015839451758758682,0.002391359290515708,-0.013905243987441392,True,0
1954-10,0.01924366497581821,0.005795572507575238,-0.010914278302785772,True,0
1954-11,0.022197727839725005,0.008749635371482031,-0.013589500456845722,True,0
1954-12,0.02255844161766278,0.009110349149419807,-0.01267390291640524,True,0
1955-01,0.01921793564478603,0.005769843176543055,-0.005480642893003242,True,0
1955-02,0.02093435320702355,0.0074862607387805764,-0.0031665292980010556,True,0
1955-03,0.015264688528070582,0.0018165960598276083,-0.004205817362162595,True,0
1955-04,0.011962763675103183,-0.001485328793139791,-0.011570463077892161,True,0
1955-05,0.012594405947933655,-0.0008536865203093193,-0.008754958224921307,True,0
1955-06,0.014432292944864271,0.0009842004766212973,-0.002979784007015365,True,0
1955-07,0.010445243951200894,-0.00300284851704208,-0.00567680980151248,True,0
1955-08,0.008851690918248138,-0.004596401549994836,-0.009459073189516913,True,0
1955-09,0.01302957390857595,-0.0004185185596670242,-0.01341681715361136,True,0
1955-10,0.012716985322135228,-0.0007311071461077456,-0.015233131343025386,True,0
1955-11,0.004132389494199418,-0.009315702974043556,-0.019838655589793665,True,0
1955-12,0.0006947106768308738,-0.0127533817914121,-0.01877124453642049,True,0
1956-01,0.008458288864502372,-0.004989803603740602,-0.013347264353027303,True,0
1956-02,0.008176507540252164,-0.00527158492799081,-0.016720612627645903,True,0
1956-03,0.002602780878802006,-0.010845311589440968,-0.00971273036162763,True,0
1956-04,-0.0018997038458510376,-0.015347796314094012,-0.00916445499688374,True,0
1956-05,0.005692057638236086,-0.007756034830006888,-0.01595585524774492,True,0
1956-06,0.008646059631390476,-0.004802032836852498,-0.018933077632406155,True,0
1956-07,0.00856760959579087,-0.004880482872452104,-0.01515732003240015,True,0
1956-08,0.013427783463143116,-2.030900509985764e-05,-0.008781620338451444,True,0
1956-09,0.013664172171665684,0.00021607970342270993,-0.010075829944669521,True,0
1956-10,0.010956512795039439,-0.0024915796732035353,-0.013443797632530077,True,0
1956-11,0.004304548505117856,-0.009143543963125118,0.009807715248934278,True,0
1956-12,0.004514241808307468,-0.008933850659935506,0.022359372684336597,True,0
1957-01,0.006187745811067884,-0.0072603466571750895,0.021886448441653224,True,0
1957-02,0.008518382964627189,-0.004929709503615785,0.029764267992994482,True,0
1957-03,0.011661734097377727,-0.0017863583708652465,0.028810345736268096,True,0
1957-04,0.013236376353720571,-0.00021171611452240266,0.03743796070434094,True,0
1957-05,0.012955160184753695,-0.0004929322834892787,0.04552418747232108,True,0
1957-06,0.016025033112987593,0.0025769406447446186,0.04364049839589568,True,0
1957-07,0.012621930349667132,-0.0008261621185758419,0.03707743897086144,True,0
1957-08,0.01474746437052136,0.0012993719022783862,0.007163462375411555,True,0
1957-09,0.005674170456677823,-0.007773922011565151,0.010815826982615913,True,1
1957-10,0.01938766340834323,0.005939570940100256,0.012781115054886778,True,1
1957-11,0.010037578061635608,-0.0034105144066073657,-0.006656575721485007,True,1
1957-12,0.014483532509566658,0.0010354400413236844,-0.017230235353864528,True,1
1958-01,0.022129380543375703,0.008681288075132729,-0.020384034559089333,True,1
1958-02,0.02331855143785689,0.009870458969613916,-0.02383095034599097,True,1
1958-03,0.019268925573302002,0.005820833105059028,-0.026939115881014816,True,1
1958-04,0.019055792242250836,0.005607699774007862,-0.0351618499160874,True,1
1958-05,0.01574624707953944,0.002298154611296465,-0.040175999947594486,True,0
1958-06,0.0334468787520456,0.019998786283802625,-0.035757563413382265,True,0
1958-07,0.034269694199984255,0.02082160173174128,-0.03133793912649673,True,0
1958-08,0.023332563258626413,0.009884470790383439,-0.0172091408679887,True,0
1958-09,0.019871057397153183,0.006422964928910209,-0.021550301866767124,True,0
1958-10,0.01829436233557703,0.0048462698673340555,-0.014939840946114172,True,0
1958-11,0.02448331645256162,0.011035223984318648,-0.02982190973662708,True,0
1958-12,0.026264793727474242,0.012816701259231268,-0.02423559167947128,True,0
1959-01,0.027964472721015696,0.014516380252772722,-0.012880726167772551,True,0
1959-02,0.02009364328251636,0.006645550814273385,-0.019220894785754068,True,0
1959-03,0.012560591692490915,-0.0008875007757520592,0.002566792896327606,True,0
1959-04,0.01557037910144727,0.0021222866332042956,-0.00275062518423691,True,0
1959-05,0.015383195181320523,0.0019351027130775494,0.001996644614517363,True,0
1959-06,0.015607923389833255,0.0021598309215902813,0.017450977226506945,True,0
1959-07,0.014918128746773042,0.001470036278530068,0.028053176601164066,True,0
1959-08,0.01607122223500886,0.0026231297667658852,0.033655723673866884,True,0
1959-09,0.011984266992830266,-0.0014638254754127077,0.03449010738840937,True,0
1959-10,0.02555155394212088,0.012103461473877905,0.02602253102653107,True,0
1959-11,0.019518931309411583,0.006070838841168609,0.028033134880693242,True,0
1959-12,0.011020430928512053,-0.0024276615397309208,0.04333208786932681,True,0
1960-01,0.011156297621356663,-0.002291794846886311,0.031791771646701474,True,0
1960-02,0.015368311035266494,0.0019202185670235197,0.03130678660125484,True,0
1960-03,0.016273658440278036,0.002825565972035062,0.022751456794945182,True,0
1960-04,0.022746181743755377,0.009298089275512404,0.02793703346543398,True,0
1960-05,0.012963438018498738,-0.00048465444974423594,0.026987022457759257,True,1
1960-06,0.02062694293036684,0.0071788504621238675,0.017163662952807836,True,1
1960-07,0.025327411877723076,0.011879319409480102,0.001596528125595768,True,1
1960-08,0.025952568253079893,0.012504475784836919,0.0003968878104071566,True,1
1960-09,0.03599223643521155,0.022544143966968577,0.0032038512786524316,True,1
1960-10,0.029210808602880528,0.015762716134637554,0.008640847169568557,True,1
1960-11,0.03404372029304831,0.020595627824805333,0.0099052182645252,True,1
1960-12,0.02411249714752469,0.010664404679281717,-0.0023789733012710658,True,1
1961-01,0.024342896760659236,0.010894804292416262,0.001418758513009561,True,1
1961-02,0.019288345760613654,0.00584025329237068,0.0027319514817453535,True,1
1961-03,0.014791104192050101,0.001343011723807127,0.0019515439136815636,True,0
1961-04,0.004369743351562604,-0.00907834911668037,-0.0011982181769235184,True,0
1961-05,0.002620559408064691,-0.010827533060178283,0.005639164170508601,True,0
1961-06,0.021149405866627467,0.007701313398384493,0.007261742726916012,True,0
1961-07,0.02301432551977664,0.009566233051533667,0.007134158583329565,True,0
1961-08,0.029655935871865532,0.01620784340362256,0.01318074795683072,True,0
1961-09,0.025200522877963916,0.011752430409720942,0.011361028859327889,True,0
1961-10,0.015169031808998246,0.0017209393407552724,0.011809697838661886,True,0
1961-11,0.010081088080677193,-0.0033670043875657814,0.013175328643299176,True,0
1961-12,0.01723247327753806,0.003784380809295086,0.015545575255920732,True,0
1962-01,0.01938177114502086,0.005933678676777885,0.01760585930628252,True,0
1962-02,0.01672261263650161,0.0032745201682586357,0.009450922097486261,True,0
1962-03,0.019817792768259186,0.006369700300016212,0.0062133543805582645,True,0
1962-04,0.01932718310859041,0.005879090640347435,0.005271624396070169,True,0
1962-05,0.019606356952498627,0.006158264484255653,0.0033704737938255284,True,0
1962-06,0.016891369318463904,0.0034432768502209304,0.005980681851165768,True,0
1962-07,0.013947276174090781,0.0004991837058478076,0.001303278737356901,True,0
1962-08,0.016466815787625263,0.003018723319382289,-0.00380272084049774,True,0
1962-09,0.015926317734487067,0.0024782252662440933,-0.0025549444089807503,True,0
1962-10,0.013472521399976348,2.442893173337443e-05,-0.004882211620060282,True,0
1962-11,0.014151361013858162,0.0007032685456151884,-0.00515691588310423,True,0
1962-12,0.013395399264643993,-5.2693203598980914e-05,-0.008952600523124122,True,0
1963-01,0.016526609121441063,0.0030785166531980893,-0.007433933822202915,True,0
1963-02,0.016697700566723952,0.003249608098480978,-0.007757583562370869,True,0
1963-03,0.021515766932777985,0.008067674464535012,-0.008901740880621822,True,0
1963-04,0.01946100875637323,0.006012916288130256,-0.006072422959443531,True,0
1963-05,0.02027376091255986,0.006825668444316885,-0.0038623255792986175,True,0
1963-06,0.021515885265681697,0.008067792797438723,-0.0012865367541066621,True,0
1963-07,0.014913407741127125,0.001465315272884151,0.00028490281719006395,True,0
1963-08,0.014067845786883543,0.0006197533186405695,-0.0015134960814739556,True,0
1963-09,0.013558534626644487,0.00011044215840151292,-0.0016372870126077441,True,0
1963-10,0.014446416542919043,0.0009983240746760692,0.00039973274523761107,True,0
1963-11,0.011420328791484743,-0.002027763676758231,-0.00421342729820318,True,0
1963-12,0.013068214675648306,-0.00037987779259466767,0.0011698304967582996,True,0
1964-01,0.010137515919518832,-0.0033105765487241416,0.0011676604269460125,True,0
1964-02,0.009689895108448615,-0.003758197359794359,0.0003187591003843849,True,0
1964-03,0.014203642688197689,0.0007555502199547148,0.003724358493510207,True,0
1964-04,0.013874647862262494,0.0004265553940195205,0.003222549795965351,True,0
1964-05,0.013887603743417642,0.00043951127517466784,0.00016345661055307097,True,0
1964-06,0.014733428305835985,0.0012853358375930109,-6.395470355307839e-05,True,0
1964-07,0.0165842442058339,0.003136151737590926,-0.0019298087362956337,True,0
1964-08,0.015399971946336067,0.001951879478093093,-0.0034705261889019477,True,0
1964-09,0.014176307233091667,0.0007282147648486927,-0.007066302726224993,True,0
1964-10,0.012442670045485323,-0.0010054224227576507,-0.0072942225899166845,True,0
1964-11,0.009413898760390012,-0.004034193707852962,-0.009081523807239887,True,0
1964-12,0.008430647821258384,-0.00501744464698459,-0.020861593455647393,True,0
1965-01,0.007059704083334797,-0.0063883883849081766,-0.022106776091985792,True,0
1965-02,0.004286615980478317,-0.009161476487764657,-0.023289536932352473,True,0
1965-03,0.005212509985721075,-0.0082355824825219,-0.01828371893059381,True,0
1965-04,0.006006863438990127,-0.007441229029252847,-0.019515514849029518,True,0
1965-05,0.005886015156666372,-0.007562077311576602,-0.022755936516844273,True,0
1965-06,0.00945058676688483,-0.003997505701358144,-0.02526094455686097,True,0
1965-07,0.012508606000767069,-0.000939486467475905,-0.02634017544786802,True,0
1965-08,0.011279558902220335,-0.0021685335660226387,-0.039910581955413985,True,0
1965-09,0.009928433374717108,-0.0035196590935258655,-0.02863001893159825,True,0
1965-10,0.012397996665387274,-0.0010500958028556995,-0.023593600032238204,True,0
1965-11,0.01378913209350286,0.00034103962525988685,-0.022998997662183517,True,0
1965-12,0.014531000708094089,0.0010829082398511151,-0.00011073204255481264,True,0
1966-01,0.014260691539780351,0.0008125990715373774,0.006259318540234619,True,0
1966-02,0.014468666931835721,0.0010205744635927473,0.00587576446952723,True,0
1966-03,0.01214911249474911,-0.001298979973493864,0.010249955375525425,True,0
1966-04,0.010741431528919723,-0.0027066609393232507,0.007093075463457391,True,0
1966-05,0.013030115416679994,-0.0004179770515629795,0.010703343941109696,True,0
1966-06,0.014444881194537806,0.0009967887262948318,-0.00040952607264229356,True,0
1966-07,0.013355285895766407,-9.280657247656698e-05,0.005303545979749356,True,0
1966-08,0.016755163025944275,0.0033070705577013006,0.010282511753500367,True,0
1966-09,0.008696917548230973,-0.004751174920012001,-0.006592179811584577,True,0
1966-10,0.008511603585163795,-0.0049364888830791785,-0.012893146235524571,True,0
1966-11,0.012322874600807995,-0.0011252178674349793,-0.008992602494248493,True,0
1966-12,0.007396586547418184,-0.00605150592082479,-0.02548350032920445,True,0
1967-01,0.015271787096164939,0.0018236946279219651,-0.020358870987219516,True,0
1967-02,0.013303774306336055,-0.00014431816190691935,-0.01880456617459138,True,0
1967-03,0.015160286192147026,0.001712193723904052,-0.031105531573965842,True,0
1967-04,0.02051810320009164,0.007070010731848667,-0.024958142839941144,True,0
1967-05,0.019122952915240857,0.0056748604469978835,-0.023964056449527548,True,0
1967-06,0.016606769224628892,0.0031586767563859183,-0.009624227538971976,True,0
1967-07,0.011555665949113367,-0.0018924265191296065,-0.006208751891129087,True,0
1967-08,0.011317777832491726,-0.002130314635751248,0.0003194420350137884,True,0
1967-09,0.015049574880655035,0.0016014824124120607,-0.00034109969496496327,True,0
1967-10,0.010845764077146464,-0.0026023283910965103,0.0053601376756599265,True,0
1967-11,0.008949348958442693,-0.004498743509800281,0.000834045453671781,True,0
1967-12,0.01268650396026388,-0.0007615885079790934,-0.01608858701539825,True,0
1968-01,0.01552579975398775,0.0020777072857447766,-0.014109950459546865,True,0
1968-02,0.016934931002815398,0.0034868385345724236,-0.0205325808146692,True,0
1968-03,0.02117856053227632,0.007730468064033345,-0.013006738658211513,True,0
1968-04,0.02168926219957292,0.008241169731329948,-0.008003831339754786,True,0
1968-05,0.015632885695907338,0.002184793227664364,-0.019542409678038775,True,0
1968-06,0.01348839427904788,4.0301810804905386e-05,-0.038826974051250435,True,0
1968-07,0.006479463613721762,-0.006968628854521212,-0.04776947878383966,True,0
1968-08,0.007912339242313611,-0.005535753225929363,-0.050365652487729166,True,0
1968-09,0.004234969939278976,-0.009213122528963998,-0.0629977525681241,True,0
1968-10,0.00099438410950645,-0.012453708358736524,-0.04843832284160278,True,0
1968-11,0.002240616950442021,-0.011207475517800953,-0.05244740580741796,True,0
1968-12,0.011618255269922065,-0.0018298371983209091,-0.04664909254378814,True,0
1969-01,-0.0016932628294844335,-0.015141355297727407,-0.049180361883784794,True,0
1969-02,0.003757708766913531,-0.009690383701329443,-0.02224400358619407,True,0
1969-03,0.009519435191468816,-0.003928657276774158,-0.02160285397027919,True,0
1969-04,0.0024603073100536027,-0.010987785158189371,-0.03861653385295987,True,0
1969-05,0.007143271709167558,-0.006304820759075416,-0.02739870801777444,True,0
1969-06,0.004083168793973552,-0.009364923674269422,-0.019077831051026527,True,0
1969-07,0.00311087191480856,-0.010337220553434414,-0.012320711488586513,True,0
1969-08,0.005992810380517126,-0.007455282087725848,-0.007922076138000285,True,0
1969-09,0.017657374027670668,0.004209281559427694,0.02400127436635405,True,0
1969-10,0.01773281117071467,0.004284718702471695,0.009907758278219991,True,0
1969-11,0.014490730183865992,0.0010426377156230182,0.039903656884111044,True,0
1969-12,0.02579628394457637,0.012348191476333398,0.05846315489205346,True,0
1970-01,0.020936648655927273,0.007488556187684299,0.06821927471091421,True,1
1970-02,0.02167932207061294,0.008231229602369966,0.057417662789078575,True,1
1970-03,0.02778682182985566,0.014338729361612686,0.06354554794236712,True,1
1970-04,0.0262547869139224,0.012806694445679424,0.05402336918551656,True,1
1970-05,0.019465144900453847,0.006017052432210873,0.048360143731136146,True,1
1970-06,0.02565069902055294,0.012202606552309966,0.028010676221128822,True,1
1970-07,0.030839453484836528,0.017391361016593554,0.022501177784741404,True,1
1970-08,0.030785093784211685,0.01733700131596871,0.04134503219819745,True,1
1970-09,0.025944026334616697,0.012495933866373723,0.03356739424533271,True,1
1970-10,0.026186671776889596,0.012738579308646622,0.041862978716862356,True,1
1970-11,0.027915090896308486,0.014466998428065512,0.01717798019543658,True,1
1970-12,0.025687208687252525,0.012239116219009551,0.02734889083207346,True,0
1971-01,0.04238339638810454,0.028935303919861564,0.016161349168282563,True,0
1971-02,0.037981962967851016,0.02453387049960804,0.009110357185465982,True,0
1971-03,0.03060573121550296,0.017157638747259986,-0.013851878694153672,True,0
1971-04,0.03025021750359071,0.016802125035347736,0.02023112084968759,True,0
1971-05,0.02018802677971756,0.006739934311474585,0.02438563202218027,True,0
1971-06,0.021219612919540526,0.007771520451297552,0.02835266862978293,True,0
1971-07,0.029515453178424828,0.016067360710181854,0.033531442487395244,True,0
1971-08,0.01951943693195964,0.006071344463716665,0.0032626646868758463,True,0
1971-09,0.02042036866253922,0.006972276194296245,0.0012036438234063508,True,0
1971-10,0.024191345847080176,0.010743253378837202,-0.0046795879202407055,True,0
1971-11,0.023058399171231158,0.009610306702988184,-0.0012826683205523926,True,0
1971-12,0.022532442060220138,0.009084349591977164,-0.008144234765024457,True,0
1972-01,0.03125869095258089,0.017810598484337914,-0.007686261974017087,True,0
1972-02,0.030343036613295186,0.016894944145052212,-0.01749173984884252,True,0
1972-03,0.024747479897710655,0.011299387429467681,-0.011797410016747334,True,0
1972-04,0.028787851974879805,0.015339759506636831,-0.013507730490168603,True,0
1972-05,0.029188623445378294,0.01574053097713532,-0.01908847664530039,True,0
1972-06,0.025604206555051648,0.012156114086808674,-0.021277204669937842,True,0
1972-07,0.032546231851590446,0.019098139383347472,-0.04364123426991256,True,0
1972-08,0.03007983060159123,0.016631738133348256,-0.02825708750474481,True,0
1972-09,0.019871944239542232,0.006423851771299258,-0.015631311070658804,True,0
1972-10,0.024936633830760613,0.011488541362517639,-0.012265493482032444,True,0
1972-11,0.02681076996426733,0.013362677496024357,-0.013657301144288675,True,0
1972-12,0.01840922929285937,0.004961136824616397,-0.009952101702302797,True,0
1973-01,0.021300765364408933,0.007852672896165959,-0.00866084969643395,True,0
1973-02,0.018643978321845826,0.005195885853602852,-0.0031533800503693657,True,0
1973-03,0.008573578577707082,-0.004874513890535892,-0.024423492717177843,True,0
1973-04,0.010918523594660005,-0.0025295688735829693,-0.036736052717108364,True,0
1973-05,0.006371489677696653,-0.007076602790546321,-0.03496501883659307,True,0
1973-06,0.0025134219079581757,-0.010934670560284798,-0.04107327536448892,True,0
1973-07,0.01362978064694885,0.00018168817870587578,-0.02167851893812222,True,0
1973-08,-0.0023774057781661244,-0.0158254982464091,-0.042119888713177935,True,0
1973-09,0.0005427048033128899,-0.012905387664930084,-0.03906955319322063,True,0
1973-10,0.011749132553678453,-0.0016989599145645212,-0.029277516824662574,True,0
1973-11,0.006561207815680637,-0.006886884652562337,-0.023795801923869313,True,0
1973-12,0.010484141163999223,-0.002963951304243751,-0.014968232695031013,True,1
1974-01,0.01598808448007451,0.002539992011831537,-0.003203871613773758,True,1
1974-02,0.013636771060214221,0.00018867859197124748,0.0061528424639584155,True,1
1974-03,0.009912221683491304,-0.00353587078475167,0.00795261637316913,True,1
1974-04,0.011452667900583954,-0.0019954245676590196,0.0036120318318583755,True,1
1974-05,0.016592318190527533,0.003144225722284559,0.01582719282133881,True,1
1974-06,0.0177952676118881,0.004347175143645125,0.01801851035207492,True,1
1974-07,0.018772010241490847,0.005323917773247873,0.011301553547008812,True,1
1974-08,0.00043358161329942746,-0.013014510854943546,0.0038491312922050436,True,1
1974-09,0.015297081213043573,0.001848988744800599,-0.00461102495326084,True,1
1974-10,0.019390942791268892,0.005942850323025918,0.017442683463440585,True,1
1974-11,0.015942520012129716,0.0024944275438867416,0.0010786913445741848,True,1
1974-12,0.01827873749957016,0.004830645031327185,0.00883785959423189,True,1
1975-01,0.028447823723641727,0.014999731255398753,0.013938432388311089,True,1
1975-02,0.021648735497826206,0.008200643029583232,0.0008467084200743918,True,1
1975-03,0.03314981353720131,0.019701721068958337,0.014399516608462299,True,1
1975-04,0.03598859059291296,0.02254049812466999,0.032934516152943044,True,0
1975-05,0.033821188001430635,0.02037309553318766,0.008562567682315336,True,0
1975-06,0.017892841380994645,0.004444748912751671,0.013008104280082207,True,0
1975-07,0.022322456205769933,0.00887436373752696,0.02591067124937269,True,0
1975-08,0.023903277068171136,0.010455184599928162,0.0327901125967506,True,0
1975-09,0.03292687275119545,0.019478780282952475,0.043585979868890574,True,0
1975-10,0.027585901877507486,0.014137809409264512,0.036255256741155685,True,0
1975-11,0.0198066023067816,0.006358509838538626,0.053153861035962285,True,0
1975-12,0.02999753182384271,0.016549439355599736,0.04683388334465226,True,0
1976-01,0.041687600576057506,0.02823950810781453,0.029804268911161023,True,0
1976-02,0.03262874276926561,0.019180650301022638,0.02841592757983144,True,0
1976-03,0.033760032931921,0.020311940463678027,0.028662051016949366,True,0
1976-04,0.027168468461359986,0.013720375993117012,0.025766548329770468,True,0
1976-05,0.0281266640823786,0.014678571614135626,0.03461739841664324,True,0
1976-06,0.031656013229943374,0.0182079207617004,0.03415293082656628,True,0
1976-07,0.0334738733043394,0.020025780836096428,0.021977371007943367,True,0
1976-08,0.03223925587180072,0.01879116340355775,0.017118544522731167,True,0
1976-09,0.027187577166903967,0.013739484698660993,0.008027047486014731,True,0
1976-10,0.02838097177776981,0.014932879309526838,-0.00606176832803448,True,0
1976-11,0.02800889367753553,0.014560801209292557,-0.020449128037223544,True,0
1976-12,0.023143344307384003,0.00969525183914103,-0.022610499586180458,True,0
1977-01,0.036267602662523296,0.022819510194280322,-0.009780793704513107,True,0
1977-02,0.03945947889018837,0.026011386421945393,-0.010396481840366092,True,0
1977-03,0.037502366716762305,0.02405427424851933,-0.013327194680728863,True,0
1977-04,0.03839280023352017,0.0249447077652772,-0.01610377353875246,True,0
1977-05,0.0324805851383307,0.019032492670087726,-0.024281239250525995,True,0
1977-06,0.02905026231739833,0.015602169849155356,-0.03708020728006376,True,0
1977-07,0.02714314963386294,0.013695057165619966,-0.02956788226340619,True,0
1977-08,0.02369889601031517,0.010250803542072195,-0.029801993951669346,True,0
1977-09,0.020367763819318145,0.006919671351075171,-0.02986139646520568,True,0
1977-10,0.02228024024156091,0.008832147773317936,-0.04076741642933668,True,0
1977-11,0.021011789856233254,0.00756369738799028,-0.03839074747190467,True,0
1977-12,0.022892483784689048,0.009444391316446074,-0.04381030662935295,True,0
1978-01,0.0239674787207522,0.010519386252509227,-0.030989453632899285,True,0
1978-02,0.024730483049170242,0.011282390580927268,-0.03238809869736661,True,0
1978-03,0.025639425411763395,0.01219133294352042,-0.027843921344591006,True,0
1978-04,0.02369792358180975,0.010249831113566775,-0.029880804183445218,True,0
1978-05,0.01921755685265332,0.005769464384410346,-0.019354135939531312,True,0
1978-06,0.01931238226132128,0.005864289793078306,-0.0055830837156207215,True,0
1978-07,0.01695269503024991,0.0035046025620069365,-0.01277352277093359,True,0
1978-08,0.015652679605394612,0.002204587137151638,-0.02612109637065577,True,0
1978-09,0.013325337809532635,-0.00012275465871033897,-0.031282950309446486,True,0
1978-10,0.017276017125492628,0.003827924657249654,-0.05770441097922287,True,0
1978-11,0.002428879455501687,-0.011019213012741287,-0.045070062355848886,True,0
1978-12,0.0021789796667222305,-0.011269112801520743,-0.03686430974997286,True,0
1979-01,-0.0022873997307497895,-0.015735492198992763,-0.056325996155079064,True,0
1979-02,0.002623263906792489,-0.010824828561450485,-0.09952199493280196,True,0
1979-03,0.005985457008714744,-0.00746263545952823,-0.09678497039176158,True,0
1979-04,0.005403662149742777,-0.008044430318500197,-0.028778444400189396,True,0
1979-05,0.007623153383540665,-0.005824939084702309,-0.011987235403408902,True,0
1979-06,0.014671226459175318,0.0012231339909323444,-0.016903517880175942,True,0
1979-07,0.009948627891113018,-0.0034994645771299557,-0.02611151299550897,True,0
1979-08,0.006102346834735942,-0.007345745633507032,-0.05605761660938133,True,0
1979-09,0.000768309415378185,-0.012679783052864789,-0.06406263097628634,True,0
1979-10,-0.0013556424025996244,-0.014803734870842598,-0.04471573804842613,True,0
1979-11,-0.006984842947203002,-0.020432935415445976,-0.07095131108228747,True,0
1979-12,0.0029041089615247095,-0.010543983506718264,-0.051787793470583376,True,0
1980-01,0.0059751450292779285,-0.0074729474389650455,-0.04423421018146948,True,0
1980-02,0.0031870022340060034,-0.01026109023423697,-0.024263528367482627,True,1
1980-03,-0.026343135971908446,-0.03979122844015142,-0.019569032387418597,True,1
1980-04,0.005669276549704498,-0.007778815918538476,-0.0868625084110678,True,1
1980-05,0.030355706873560227,0.016907614405317253,-0.09023075819549298,True,1
1980-06,0.030578219262925796,0.017130126794682822,-0.09491520714095826,True,1
1980-07,0.024751514446520587,0.011303421978277613,-0.09838636594430948,True,1
1980-08,0.02326048039970363,0.009812387931460657,-0.08916175828427102,True,0
1980-09,0.024557512955426013,0.011109420487183039,-0.09125735904712994,True,0
1980-10,0.005744237118169862,-0.007703855350073112,-0.04635302855712328,True,0
1980-11,0.0016759531748363268,-0.011772139293406647,0.0006672710788817454,True,0
1980-12,0.014745009425098203,0.0012969169568552291,-0.03817752472361956,True,0
1981-01,0.009181394321459452,-0.004266698146783522,-0.041572354901709366,True,0
1981-02,0.019087978932994257,0.005639886464751283,-0.019966789252316625,True,0
1981-03,0.02863839734112144,0.015190304872878466,-0.023482991296051442,True,0
1981-04,0.022572520615947236,0.009124428147704262,0.0053635655890991105,True,0
1981-05,0.01854871383590232,0.005100621367659347,-0.0023313815874570834,True,0
1981-06,0.039596479087058295,0.02614838661881532,-0.012376767481549311,True,0
1981-07,0.01480857043297154,0.0013604779647285667,0.025198088053099928,True,0
1981-08,0.010965782607890565,-0.0024823098603524094,0.06040549713393136,True,1
1981-09,0.05915586446273611,0.045707771994493135,0.09758913951186668,True,1
1981-10,0.042199626647158324,0.02875153417891535,0.09235971476531245,True,1
1981-11,0.04672466076076359,0.03327656829252062,0.05606684162222697,True,1
1981-12,0.043032588412996675,0.0295844959447537,0.0884934563896531,True,1
1982-01,0.041187585875781134,0.02773949340753816,0.08836656828041442,True,1
1982-02,0.029006499260957455,0.015558406792714481,0.08884432045212823,True,1
1982-03,0.04104313441031985,0.027595041942076876,0.08879201061247217,True,1
1982-04,0.027106196588202833,0.013658104119959859,0.08528743434048963,True,1
1982-05,0.031899525568880524,0.01845143310063755,0.07254204925691035,True,1
1982-06,0.017943483486096076,0.004495391017853102,0.08628603803910209,True,1
1982-07,0.021092727431681918,0.007644634963438944,0.05044493037159618,True,1
1982-08,0.053913095636678156,0.04046500316843518,0.033767152408772164,True,1
1982-09,0.02801666623604957,0.014568573767806597,0.0246907006818516,True,1
1982-10,0.03172002211113735,0.018271929642894376,0.00032459519302295223,True,1
1982-11,0.056202483050136635,0.04275439058189366,0.002330376722662404,True,1
1982-12,0.050436919442086725,0.03698882697384375,-0.0037832435538962435,True,0
1983-01,0.033100745424679605,0.01965265295643663,0.0012598972073424516,True,0
1983-02,0.04739739085485377,0.033949298386610795,-0.015133695265678149,True,0
1983-03,0.0235639159475605,0.010115823479317526,-0.02398009878201562,True,0
1983-04,0.03371710318627326,0.020269010718030285,-0.03542250394535931,True,0
1983-05,0.03812830423512927,0.024680211766886298,-0.04812707535645396,True,0
1983-06,0.03172623458687917,0.018278142118636195,-0.04740402449715666,True,0
1983-07,0.04654750789036933,0.033099415422126355,-0.01319059340608637,True,0
1983-08,0.04336185853887135,0.02991376607062838,-0.00835638523812193,True,0
1983-09,0.030856694949422857,0.017408602481179883,-0.01170027367468338,True,0
1983-10,0.047270884454412236,0.03382279198616926,0.01216409305093875,True,0
1983-11,0.04941226275916124,0.035964170290918265,0.01909111170390918,True,0
1983-12,0.044782966526786934,0.03133487405854396,0.029845962342365525,True,0
1984-01,0.04272952302065861,0.029281430552415638,0.029748563298243897,True,0
1984-02,0.044176818627950906,0.030728726159707932,0.021892511814345216,True,0
1984-03,0.0446802700417252,0.031232177573482227,0.03595705718883491,True,0
1984-04,0.04088688402963869,0.02743879156139572,0.05253302291856808,True,0
1984-05,0.04111315108321657,0.0276650586149736,0.09876764957255661,True,0
1984-06,0.043288737114326875,0.0298406446460839,0.10258094954393077,True,0
1984-07,0.03392370099672298,0.02047560852848001,0.07470821533364379,True,0
1984-08,0.034977017570134515,0.02152892510189154,0.07605712736161942,True,0
1984-09,0.04052633681149239,0.027078244343249416,0.07377156093420609,True,0
1984-10,0.039131794323963374,0.0256837018557204,0.06117421955564739,True,0
1984-11,0.05014865412629614,0.03670056165805317,0.06264470675526528,True,0
1984-12,0.04606573484171421,0.032617642373471235,0.07017261279399856,True,0
1985-01,0.05378910131513742,0.04034100884689445,0.0633832016228374,True,0
1985-02,0.05415975710403866,0.04071166463579569,0.08867096532329859,True,0
1985-03,0.056254697475419266,0.04280660500717629,0.09922905704333841,True,0
1985-04,0.0565549963444444,0.043106903876201426,0.09368993155813345,True,0
1985-05,0.05482409606117161,0.04137600359292864,0.05502273695509531,True,0
1985-06,0.05647579878810349,0.04302770631986052,0.06963257591042209,True,0
1985-07,0.06280501603406305,0.049356923565820075,0.07875633859335254,True,0
1985-08,0.054353909057055644,0.04090581658881267,0.08830970369324026,True,0
1985-09,0.05148499453508777,0.0380369020668448,0.0768170273974761,True,0
1985-10,0.04467749496579042,0.031229402497547444,0.07580873707337268,True,0
1985-11,0.0410331293440025,0.027585036875759528,0.06941021220176999,True,0
1985-12,0.034594740982351144,0.02114664851410817,0.052107902417357556,True,0
1986-01,0.0350316849019938,0.021583592433750826,0.052986725706117246,True,0
1986-02,0.025586939597716143,0.01213884712947317,0.03723842130227405,True,0
1986-03,0.02805083053376467,0.014602738065521696,0.016750410293854857,True,0
1986-04,0.03072206706956946,0.017273974601326486,-0.00036898650466699046,True,0
1986-05,0.042114525133283585,0.02866643266504061,0.011493772029241924,True,0
1986-06,0.038096473273966584,0.02464838080572361,0.0019734928322372655,True,0
1986-07,0.03267702134983791,0.019228928881594935,-0.005610084131709145,True,0
1986-08,0.03382739063422973,0.020379298165986756,-0.028053590013575512,True,0
1986-09,0.040425834404860146,0.026977741936617172,-0.029291889969045942,True,0
1986-10,0.03157615055542607,0.018128058087183097,-0.01774608525231626,True,0
1986-11,0.03059308032020326,0.017144987851960287,-0.024116505142488517,True,0
1986-12,0.020578310413933987,0.007130217945691013,-0.022478750653971938,True,0
1987-01,0.029030389492373118,0.015582297024130144,-0.011557048504736638,True,0
1987-02,0.026185752415736965,0.012737659947493991,-0.008602188238378057,True,0
1987-03,0.02460524629400268,0.011157153825759707,-0.009806191873126455,True,0
1987-04,0.033494958915205625,0.02004686644696265,0.003706316405271158,True,0
1987-05,0.03107344453122953,0.017625352062986557,0.0008533787729223599,True,0
1987-06,0.031212005029494436,0.01776391256125146,0.003671531842949511,True,0
1987-07,0.03271282868185952,0.019264736213616546,-0.0005821806535289929,True,0
1987-08,0.033026326876365954,0.01957823440812298,0.0008997569210183985,True,0
1987-09,0.03876651034175832,0.025318417873515346,0.022864276933297022,True,0
1987-10,0.044311427911480766,0.030863335443237792,0.015164984941594118,True,0
1987-11,0.04009377747544386,0.026645685007200888,0.0006417807171927963,True,0
1987-12,0.03100178949926837,0.017553697031025398,-0.01316523788326373,True,0
1988-01,0.03085245336805044,0.017404360899807465,-0.02441913897582491,True,0
1988-02,0.028559008206386925,0.015110915738143951,-0.037102228451818306,True,0
1988-03,0.03130467958442475,0.017856587116181773,-0.031182483075579314,True,0
1988-04,0.034100913775167274,0.0206528213069243,-0.013407261062014373,True,0
1988-05,0.0328518530149419,0.019403760546698928,0.0032937776234759422,True,0
1988-06,0.02729696113759318,0.013848868669350207,0.011552783183564296,True,0
1988-07,0.026943619684196306,0.013495527215953332,0.02918952982947436,True,0
1988-08,0.026945578530486083,0.01349748606224311,0.016199470652108958,True,0
1988-09,0.022815230905321962,0.009367138437078988,0.007032494934852092,True,0
1988-10,0.02186671257796436,0.008418620109721386,0.011893025280284821,True,0
1988-11,0.02351353077117052,0.010065438302927547,0.02647627779218199,True,0
1988-12,0.021344976614805403,0.007896884146562429,0.028740107311286765,True,0
1989-01,0.020406492240432048,0.006958399772189074,0.015922412416407135,True,0
1989-02,0.02141557820586179,0.007967485737618817,0.020746089017283316,True,0
1989-03,0.015539340925886803,0.0020912484576438295,0.01772513555592914,True,0
1989-04,0.018076446282902198,0.004628353814659224,0.0026783297301062707,True,0
1989-05,0.018430964260199842,0.004982871791956868,0.003256318582061716,True,0
1989-06,0.012416396592566638,-0.0010316958756763361,-0.007264949436511823,True,0
1989-07,0.016671381294679384,0.00322328882643641,-0.01140423384781834,True,0
1989-08,0.017809006974393325,0.004360914506150351,0.0019220272233263051,True,0
1989-09,0.01768374426213428,0.004235651793891307,0.004458784724763236,True,0
1989-10,0.019703547980226242,0.006255455511983268,-0.0013995752009405456,True,0
1989-11,0.01938696677341578,0.005938874305172807,0.0018397302506916874,True,0
1989-12,0.01917314150272962,0.005725049034486646,0.01150033546606993,True,0
1990-01,0.02109307436068051,0.007644981892437536,0.025076118804772767,True,0
1990-02,0.023087720714080114,0.00963962824583714,0.029750500711385998,True,0
1990-03,0.02205283374371636,0.008604741275473386,0.032695835376981945,True,0
1990-04,0.025982716521131786,0.012534624052888813,0.04506999863300587,True,0
1990-05,0.024039456674908317,0.010591364206665344,0.03419025214058451,True,0
1990-06,0.023045845163230612,0.009597752694987638,0.02397274801551784,True,0
1990-07,0.022605087104619385,0.009156994636376412,0.021965056052130692,True,0
1990-08,0.030402581952953443,0.01695448948471047,0.04335092629960618,True,1
1990-09,0.02940755200580538,0.015959459537562407,0.04984951833693668,True,1
1990-10,0.028531261388625745,0.015083168920382771,0.049105737524458376,True,1
1990-11,0.026947579292400763,0.013499486824157789,0.04706166697525521,True,1
1990-12,0.02569289243117079,0.012244799962927815,0.05687779111818654,True,1
1991-01,0.0325131554743205,0.019065063006077528,0.04601097401602869,True,1
1991-02,0.03354635047990506,0.02009825801166209,0.04480554405708573,True,1
1991-03,0.034391763802552974,0.02094367133431,0.04105188207477501,True,1
1991-04,0.03953738345452312,0.02608929098628015,0.04074805006420752,True,0
1991-05,0.03781709896830582,0.024369006500062844,0.04754856421483328,True,0
1991-06,0.041527766556583225,0.02807967408834025,0.06186829925257387,True,0
1991-07,0.04121064662756217,0.0277625541593192,0.06846152427365068,True,0
1991-08,0.04042213095520899,0.026974038486966015,0.0651558089072787,True,0
1991-09,0.04038693459431831,0.026938842126075335,0.06340092415569852,True,0
1991-10,0.04142048251865612,0.027972390050413146,0.04274253225121995,True,0
1991-11,0.044270600461030776,0.030822507992787802,0.0324989690413674,True,0
1991-12,0.04740645434955484,0.03395836188131186,0.023903481056502838,True,0
1992-01,0.051377232029391554,0.03792913956114858,0.04731986316868801,True,0
1992-02,0.04858472555345601,0.03513663308521304,0.059062852072073124,True,0
1992-03,0.05361891750046169,0.040170825032218714,0.06749732388752888,True,0
1992-04,0.05182718466193227,0.0383790921936893,0.06942555205899797,True,0
1992-05,0.046532236709409196,0.03308414424116622,0.05470651766835568,True,0
1992-06,0.04821434647745682,0.03476625400921385,0.05134271764688815,True,0
1992-07,0.04853635664521039,0.035088264176967414,0.03883225186062908,True,0
1992-08,0.04852410001707815,0.03507600754883518,0.039512826280615206,True,0
1992-09,0.04478294549003935,0.03133485302179637,0.03156290546006672,True,0
1992-10,0.047846574347292115,0.03439848187904914,0.04725338081999257,True,0
1992-11,0.050364826796055986,0.03691673432781301,0.04750662651681234,True,0
1992-12,0.04625931022267951,0.03281121775443654,0.04243271012949956,True,0
1993-01,0.03885224848316142,0.025404156014918446,0.034146346380556566,True,0
1993-02,0.039348299703043266,0.025900207234800292,0.010518437462840086,True,0
1993-03,0.04080905623726688,0.02736096376902391,-0.004009170867143775,True,0
1993-04,0.03985023993822609,0.026402147469983116,-0.018403516349781143,True,0
1993-05,0.03544287151651267,0.021994779048269693,-0.01697675341330474,True,0
1993-06,0.03090499891131875,0.017456906443075775,-0.028962052009901956,True,0
1993-07,0.02929190068384794,0.015843808215604965,-0.020196133186872814,True,0
1993-08,0.026950888842389477,0.013502796374146503,-0.033453319917958774,True,0
1993-09,0.030237926816873893,0.01678983434863092,-0.04370802128652837,True,0
1993-10,0.02924707597883507,0.015798983510592095,-0.04747445414354313,True,0
1993-11,0.03251359469570169,0.019065502227458717,-0.05067284575792418,True,0
1993-12,0.033113667915604016,0.01966557544736104,-0.05361463300944858,True,0
1994-01,0.029229578815460264,0.01578148634721729,-0.049426781303179984,True,0
1994-02,0.03256963237901758,0.01912153991077461,-0.024083209543653075,True,0
1994-03,0.03781989549354175,0.024371803025298774,-0.008049786679338956,True,0
1994-04,0.037957961164601525,0.02450986869635855,0.00573074090951394,True,0
1994-05,0.034128567609748355,0.02068047514150538,0.02532537893424389,True,0
1994-06,0.03577903786447555,0.02233094539623258,0.031008776011119756,True,0
1994-07,0.03266567364828154,0.019217581180038565,0.021651804481311647,True,0
1994-08,0.03030828728279797,0.016860194814554995,0.025522938032995733,True,0
1994-09,0.03271655923916758,0.019268466770924607,0.03716290332793307,True,0
1994-10,0.03280914776156302,0.019361055293320044,0.04671173135026435,True,0
1994-11,0.028841733470995876,0.015393641002752902,0.058042152070054295,True,0
1994-12,0.02561457746226102,0.012166484994018047,0.06245965816839289,True,0
1995-01,0.026082697264117168,0.012634604795874194,0.0602319571759737,True,0
1995-02,0.02357726978290077,0.010129177314657796,0.03746469936891285,True,0
1995-03,0.023959080882302017,0.010510988414059043,0.029426519415857447,True,0
1995-04,0.024165093570663546,0.010717001102420572,0.018344079308778106,True,0
1995-05,0.01846867302843095,0.005020580560187976,-0.006889316493472438,True,0
1995-06,0.020536909686694634,0.00708881721845166,-0.004813477146433405,True,0
1995-07,0.02392857451054646,0.010480482042303486,-0.0021692324397846498,True,0
1995-08,0.020950545092734887,0.007502452624491913,-0.008435883778058142,True,0
1995-09,0.020113955964871883,0.006665863496628909,-0.004960318165228406,True,0
1995-10,0.01926817383971966,0.0058200813714766875,-0.0015102449679223091,True,0
1995-11,0.017536053502469198,0.004087961034226224,-0.0040501959508573125,True,0
1995-12,0.017989389956080234,0.00454129748783726,-0.014722757579377597,True,0
1996-01,0.018517955027054892,0.005069862558811918,-0.018397877887503,True,0
1996-02,0.02152988721054412,0.008081794742301147,-0.008496727559931135,True,0
1996-03,0.024567535436018736,0.011119442967775763,-0.007466301099939534,True,0
1996-04,0.026469554547747194,0.01302146207950422,0.0043107985418972,True,0
1996-05,0.02734193013105835,0.013893837662815375,0.012244944270260797,True,0
1996-06,0.02532908609407354,0.011880993625830567,0.010165676273854136,True,0
1996-07,0.024088637290737965,0.01064054482249499,0.020614014647592684,True,0
1996-08,0.027025733609619854,0.01357764114137688,0.019053759911114666,True,0
1996-09,0.025451821894043138,0.012003729425800164,0.01692045342835466,True,0
1996-10,0.023198243286743095,0.009750150818500121,0.011790200091883338,True,0
1996-11,0.01867720216790793,0.005229109699664957,0.0015778026235709237,True,0
1996-12,0.023163973064320574,0.0097158805960776,0.0156946419823308,True,0
1997-01,0.02125061567579235,0.007802523207549376,0.023570439915922423,True,0
1997-02,0.02278086506799874,0.009332772599755765,0.02313542348779616,True,0
1997-03,0.025947176269291668,0.012499083801048694,0.03080581600565569,True,0
1997-04,0.023673220277767425,0.010225127809524451,0.02601408873308507,True,0
1997-05,0.0240635702376787,0.010615477769435725,0.02448554364358295,True,0
1997-06,0.02488895360792226,0.011440861139679286,0.023709007864249468,True,0
1997-07,0.017254438446606547,0.0038063459783635734,0.009884230934257313,True,0
1997-08,0.0220231111734399,0.008575018705196925,0.031182137729585023,True,0
1997-09,0.020763982817750975,0.007315890349508001,0.038968619046697725,True,0
1997-10,0.01849330221037067,0.0050452097421276945,0.03463775930625584,True,0
1997-11,0.01928957325103935,0.005841480782796376,0.03127874916214336,True,0
1997-12,0.01639667984587765,0.002948587377634676,0.026689385086807432,True,0
1998-01,0.017181210286761006,0.003733117818518032,0.01920011234307574,True,0
1998-02,0.01727844084546641,0.0038303483772234373,0.009450911494309726,True,0
1998-03,0.01788863656094176,0.004440544092698787,0.014713514027696538,True,0
1998-04,0.017317103683370274,0.0038690112151273,0.013185231896125315,True,0
1998-05,0.018240813500669768,0.004792721032426794,0.0025566626278873805,True,0
1998-06,0.01707473387034984,0.003626641402106865,-0.001427106044859957,True,0
1998-07,0.01508796433207851,0.0016398718638355354,-0.0044652072060333125,True,0
1998-08,0.01276164393366857,-0.0006864485345744048,-0.022946941035438165,True,0
1998-09,0.007171086176730668,-0.0062770062915123055,-0.034227116928985474,True,0
1998-10,0.011029240655536655,-0.0024188518127063185,-0.03525350721182871,True,0
1998-11,0.01638092760237091,0.002932835134127936,-0.034594400803088655,True,0
1998-12,0.01670545804606306,0.003257365577820085,-0.03645576456328017,True,0
1999-01,0.01451642090269991,0.001068328434456936,-0.04517329161039922,True,0
1999-02,0.021136976547512634,0.00768888407926966,-0.02561744378447034,True,0
1999-03,0.019478337921012816,0.0060302454527698425,-0.02425165251573138,True,0
1999-04,0.018576238060965453,0.005128145592722479,-0.026488082634344573,True,0
1999-05,0.022630964196021404,0.00918287172777843,-0.016593451779885783,True,0
1999-06,0.017311688090859347,0.0038635956226163726,-0.009805646098641374,True,0
1999-07,0.021094424695206157,0.007646332226963183,-0.005335588131563793,True,0
1999-08,0.022316457776532805,0.00886836530828983,0.0004189221692234863,True,0
1999-09,0.020734620220794052,0.007286527752551078,0.0007442103259878066,True,0
1999-10,0.022386986926261575,0.008938894458018602,0.006110190613958424,True,0
1999-11,0.01876720641126613,0.005319113943023156,0.014961870816638766,True,0
1999-12,0.018583132336426177,0.005135039868183203,0.0319927005046905,True,0
2000-01,0.015778870410762688,0.002330777942519714,0.04808801810552871,True,0
2000-02,0.01631231638481268,0.0028642239165697046,0.050378836801893416,True,0
2000-03,0.010846044402027789,-0.0026020480662151853,0.04504146220925877,True,0
2000-04,0.013628867819813609,0.0001807753515706348,0.04543000158750888,True,0
2000-05,0.01640601241535527,0.0029579199471122947,0.04858250040444183,True,0
2000-06,0.01226784662206817,-0.0011802458461748037,0.03600147431846138,True,0
2000-07,0.012423697310700678,-0.001024395157542296,0.04596583208402502,True,0
2000-08,0.009667274060343296,-0.0037808184078996776,0.04569458747905056,True,0
2000-09,0.008999564993680209,-0.004448527474562765,0.05591003660849414,True,0
2000-10,0.009679584938189684,-0.0037685075300532903,0.06443181949099971,True,0
2000-11,0.009999877934652394,-0.0034482145335905795,0.04632515289385183,True,0
2000-12,0.009497189886363517,-0.003950902581879457,0.029370432456681955,True,0
2001-01,0.016858495662963564,0.0034104031947205897,0.026752063126858412,True,0
2001-02,0.017056985886630585,0.003608893418387611,0.027491852831473172,True,0
2001-03,0.019179776813822814,0.00573168434557984,0.01028598517726919,True,0
2001-04,0.02654114881805484,0.013093056349811866,0.030906563005567274,True,1
2001-05,0.0309920193528337,0.017543926884590725,0.036344033682852425,True,1
2001-06,0.03083285264711723,0.017384760178874255,0.04424276345310875,True,1
2001-07,0.030351703150091988,0.016903610681849014,0.04781340034414231,True,1
2001-08,0.02931777737027628,0.015869684902033308,0.04895140285231738,True,1
2001-09,0.0326119060499661,0.019163813581723123,0.05026983589460361,True,1
2001-10,0.034079396470779275,0.0206313040025363,0.040018243345484726,True,1
2001-11,0.04286863263634798,0.029420540168105004,0.04521511265771218,True,1
2001-12,0.04740919878774075,0.03396110631949777,0.06825608486540016,True,0
2002-01,0.04319783392039849,0.029749741452155518,0.06346288594845301,True,0
2002-02,0.04118209856328079,0.027734006095037816,0.06482654828385576,True,0
2002-03,0.04328575560819907,0.029837663139956096,0.08143945985688142,True,0
2002-04,0.04334642752351058,0.029898335055267608,0.07066182774776386,True,0
2002-05,0.038187865999805934,0.02473977353156296,0.07373272731117356,True,0
2002-06,0.039377322982636284,0.02592923051439331,0.06654775453722786,True,0
2002-07,0.03635068195071747,0.0229025894824745,0.03453457519780215,True,0
2002-08,0.030367643053714335,0.01691955058547136,0.019625001123845454,True,0
2002-09,0.02374431403709628,0.010296221568853306,0.017056320758739123,True,0
2002-10,0.027628701253172076,0.014180608784929102,0.01297687585344059,True,0
2002-11,0.03501218988418045,0.021564097415937476,0.022771223429859468,True,0
2002-12,0.028399414625479118,0.014951322157236144,0.01208369247418039,True,0
2003-01,0.03192568298875864,0.018477590520515667,0.018801711303669873,True,0
2003-02,0.026782499832716092,0.013334407364473118,0.014213802643808154,True,0
2003-03,0.02990146217485328,0.016453369706610307,0.01998080425391633,True,0
2003-04,0.030230871195909354,0.01678277872766638,0.0011561145283035213,True,0
2003-05,0.019535039887383865,0.006086947419140891,-0.018833124361424536,True,0
2003-06,0.023978331081189814,0.01053023861294684,-0.01539046326709533,True,0
2003-07,0.03598095467083212,0.022532862202589148,0.008532210833781799,True,0
2003-08,0.038010085800183224,0.02456199333194025,0.022471377796504956,True,0
2003-09,0.029840802217899573,0.0163927097496566,0.0006835051423215487,True,0
2003-10,0.033709360129141455,0.02026126766089848,0.014484947069063135,True,0
2003-11,0.032704707526880955,0.01925661505863798,0.006654584855874546,True,0
2003-12,0.033055499069851974,0.019607406601609,0.003024593532521616,True,0
2004-01,0.03232690986829123,0.018878817400048258,-0.0023449331829744156,True,0
2004-02,0.030603601823877728,0.017155509355634754,-0.016402562824428674,True,0
2004-03,0.027954350186270925,0.014506257718027951,-0.025251817984100824,True,0
2004-04,0.0366112332965131,0.023163140828270125,0.0037867913448207686,True,0
2004-05,0.03702989615458089,0.023581803686337915,0.011581276852199694,True,0
2004-06,0.03150452245427592,0.01805642998603295,0.008961575463198422,True,0
2004-07,0.02920360802278642,0.015755515554543447,-0.003127846077446504,True,0
2004-08,0.024584825170517317,0.011136732702274343,-0.008827356471752704,True,0
2004-09,0.022801120117721754,0.00935302764947878,-0.015845404642820575,True,0
2004-10,0.021013684834669356,0.007565592366426382,-0.024799053873153176,True,0
2004-11,0.021623381446567433,0.008175288978324459,-0.0141383160067606,True,0
2004-12,0.019048950299655122,0.005600857831412148,-0.01572848938827178,True,0
2005-01,0.01633772204507134,0.0028896295768283675,-0.016595853079933248,True,0
2005-02,0.01770583111367228,0.004257738645429308,-0.01215620569683444,True,0
2005-03,0.01808846052395644,0.0046403680557134674,-0.012159274806096763,True,0
2005-04,0.013723599341904511,0.00027550687366153723,-0.020899030427895142,True,0
2005-05,0.011481196052276377,-0.001966896415966597,-0.028911604102502972,True,0
2005-06,0.010501631997862287,-0.0029464604703806872,-0.032330457199850844,True,0
2005-07,0.01400268578674244,0.0005545933184994654,-0.017210761812549248,True,0
2005-08,0.009232155353353793,-0.004215937114889181,-0.02007378445857261,True,0
2005-09,0.011124136775562104,-0.00232395569268087,-0.009624593246836548,True,0
2005-10,0.01226818016402427,-0.001179912304218704,-0.0037283685865779747,True,0
2005-11,0.009731204445100807,-0.003716888023142167,-0.0030703055792624095,True,0
2005-12,0.008979668967931925,-0.004468423500311049,-0.00968129125071091,True,0
2006-01,0.01005988950091893,-0.0033882029673240437,-0.009424288185458433,True,0
2006-02,0.01007434115713322,-0.0033737513111097538,0.00013432247208809527,True,0
2006-03,0.011038815613047138,-0.002409276855195836,0.005196723154271684,True,0
2006-04,0.011751422028932826,-0.001696670439310148,0.007374655588171863,True,0
2006-05,0.010212653347179978,-0.003235439121062996,0.0027142830931283154,True,0
2006-06,0.00822197514660766,-0.0052261173216353145,0.003328647814796394,True,0
2006-07,0.00681404498841133,-0.006634047479831644,0.00650748443161272,True,0
2006-08,0.006437650537216778,-0.007010441931026196,0.008407857135610784,True,0
2006-09,0.005605792450168623,-0.007842300018074351,0.008756383280685554,True,0
2006-10,0.004963921005466214,-0.00848417146277676,0.009989042855074412,True,0
2006-11,0.0034008625006587655,-0.010047229967584208,0.027425353553095243,True,0
2006-12,0.005726546556396213,-0.007721545911846761,0.033116169822642184,True,0
2007-01,0.005629954378348689,-0.007818138089894285,0.05713148446434005,True,0
2007-02,0.004812021042928077,-0.008636071425314897,0.058569541162448766,True,0
2007-03,0.00691395415312859,-0.006534138315114384,0.05985583853485203,True,0
2007-04,0.005116215873825231,-0.008331876594417743,0.043009874018535246,True,0
2007-05,0.008202817005550634,-0.00524527546269234,0.04311774274532387,True,0
2007-06,0.011013050917090612,-0.0024350415511523622,0.0454064988027758,True,0
2007-07,0.008836648941341264,-0.0046114435269017096,0.038626201890737136,True,0
2007-08,0.010114434410817216,-0.0033336580574257584,0.03573237608347354,True,0
2007-09,0.012939447458909376,-0.0005086450093335984,0.04366128605254899,True,0
2007-10,0.011520322079449707,-0.0019277703887932672,0.05402355508849875,True,0
2007-11,0.013408358397679933,-3.9734070563041124e-05,0.05118532183363922,True,0
2007-12,0.011602359497561152,-0.0018457329706818223,0.05815829248487075,True,0
2008-01,0.016070386718571753,0.0026222942503287792,0.03444168910495725,True,1
2008-02,0.017804405733983328,0.004356313265740354,0.023879471923120184,True,1
2008-03,0.02193144452859093,0.008483352060347955,0.031227403241287987,True,1
2008-04,0.024118866049881768,0.010670773581638794,0.0426211380489199,True,1
2008-05,0.02668095433562864,0.013232861867385665,0.05182566570959854,True,1
2008-06,0.024029840534537265,0.010581748066294291,0.04283404385947834,True,1
2008-07,0.021563708897168354,0.00811561642892538,0.04158260566458141,True,1
2008-08,0.020169633961068908,0.006721541492825934,0.040017623917143905,True,1
2008-09,0.02266543148408302,0.009217339015840046,0.03694977357080384,True,1
2008-10,0.013066467467786908,-0.00038162500045606576,0.027722381373689806,True,1
2008-11,-0.005693927284883986,-0.01914201975312696,0.014484987711060746,True,1
2008-12,0.004773479007125728,-0.008674613461117246,-0.005088906428725809,True,1
2009-01,0.013326399858861065,-0.00012169260938190915,0.014248749197331108,True,1
2009-02,0.019596107902060608,0.006148015433817634,0.015244504206822343,True,1
2009-03,0.013643301238080996,0.000195208769838022,0.001501038507904761,True,1
2009-04,0.024701221225427145,0.01125312875718417,0.015044523391295236,True,1
2009-05,0.025578226599897478,0.012130134131654504,0.026507469602240714,True,1
2009-06,0.03339712479985983,0.019949032331616857,0.0405618855726563,True,1
2009-07,0.029320328458492067,0.015872235990249093,0.04324750676458687,True,0
2009-08,0.03012561605356928,0.016677523585326304,0.042627698373009566,True,0
2009-09,0.02719330718436754,0.013745214716124565,0.04154012417073508,True,0
2009-10,0.030664628760364576,0.017216536292121602,0.04376971660813063,True,0
2009-11,0.025605389972283944,0.01215729750404097,0.02986170923814308,True,0
2009-12,0.03161307392487598,0.018164981456633006,0.04156134430446594,True,0
2010-01,0.029529227768609712,0.01608113530036674,0.032962771604821174,True,0
2010-02,0.029680659434304837,0.016232566966061863,0.028374249612963483,True,0
2010-03,0.0346181930640814,0.021170100595838424,0.032586242167953985,True,0
2010-04,0.03316465602499359,0.019716563556750617,0.035739170074039844,True,0
2010-05,0.0315900237355127,0.018141931267269727,0.0320808227607197,True,0
2010-06,0.02573207536462681,0.012283982896383838,0.021814902283539897,True,0
2010-07,0.01847173643696723,0.005023643968724255,0.022322570151539295,True,0
2010-08,0.014957428921468528,0.0015093364532255543,0.02167135516643757,True,0
2010-09,0.013580693489700623,0.00013260102145764945,0.01786172354485594,True,0
2010-10,0.012094925161381744,-0.0013531673068612297,0.014402049769027443,True,0
2010-11,0.015234820656327882,0.0017867281880849083,0.021913471106693706,True,0
2010-12,0.02540398841478743,0.011955895946544455,0.03709933205981607,True,0
2011-01,0.02204779455229599,0.008599702084053015,0.03691279550752832,True,0
2011-02,0.027146378785832852,0.013698286317589878,0.04050067883638943,True,0
2011-03,0.029421473305074847,0.015973380836831873,0.04318584690096507,True,0
2011-04,0.024195632370889713,0.010747539902646739,0.037125987358853696,True,0
2011-05,0.018956523901780195,0.005508431433537221,0.02989454838005197,True,0
2011-06,0.021606736416554365,0.008158643948311391,0.030040578245910023,True,0
2011-07,0.012207157509967105,-0.0012409349582758692,0.02180714625234011,True,0
2011-08,0.007542527301481418,-0.005905565166761556,0.01233512533919219,True,0
2011-09,0.008422051468866485,-0.0050260409993764885,0.012611660215577788,True,0
2011-10,0.008690576636202221,-0.004757515832040753,0.011279669451115287,True,0
2011-11,0.008882272808388726,-0.004565819659854248,0.012416337176598354,True,0
2011-12,0.006674159459069047,-0.006773933009173927,0.009095216329348278,True,0
2012-01,0.00515116925955931,-0.008296923208683664,0.004411461405712474,True,0
2012-02,0.007669604947705263,-0.005778487520537711,0.010344451455570872,True,0
2012-03,0.011237514915858629,-0.002210577552384345,0.015193284561718059,True,0
2012-04,0.008464436261676658,-0.004983656206566316,0.010444764066456776,True,0
2012-05,0.007181796818304482,-0.006266295649938492,0.0027381469901179897,True,0
2012-06,0.007898840092893065,-0.0055492523753499085,-0.00029230379990704647,True,0
2012-07,0.0048529172791208705,-0.008595175189122103,-0.0034827700920153325,True,0
2012-08,0.003724025973084061,-0.009724066495158914,-0.008224720738565883,True,0
2012-09,0.005222269397854316,-0.008225823070388657,-0.0031092723114571064,True,0
2012-10,0.006392754856037155,-0.007055337612205819,0.00038932506329646685,True,0
2012-11,0.004643334223438726,-0.008804758244804249,-0.0019707800557292625,True,0
2012-12,0.0069855744395888875,-0.0064625180286540865,-0.00502426327260919,True,0
2013-01,0.009703512964989556,-0.0037445795032534177,0.0020222585784565954,True,0
2013-02,0.007481347223309759,-0.005966745244933215,-0.0012252178359754345,True,0
2013-03,0.00787786559650799,-0.005570226871734984,-0.004900166043099686,True,0
2013-04,0.006011892670032731,-0.007436199798210243,-0.00638456339002436,True,0
2013-05,0.012061557996992139,-0.0013865344712508353,0.004238965199073864,True,0
2013-06,0.01928045703049691,0.0058323645622539375,0.011302280842219348,True,0
2013-07,0.01826017733219958,0.004812084863956605,0.006632664965030003,True,0
2013-08,0.024882607306000754,0.01143451483775778,0.016032403808759123,True,0
2013-09,0.02013436936674272,0.006686276898499745,0.006470196828663485,True,0
2013-10,0.018569994212509655,0.005121901744266681,0.0075809077959160505,True,0
2013-11,0.018426166907073376,0.004978074438830402,0.009212212137179657,True,0
2013-12,0.025089257036591615,0.011641164568348641,0.014183062836382184,True,0
2014-01,0.022100630997292807,0.008652538529049833,0.017496905135335285,True,0
2014-02,0.022202470407679364,0.00875437793943639,0.011304937694346689,True,0
2014-03,0.02717663220083585,0.013728539732592877,0.020705626931458172,True,0
2014-04,0.026758345256559908,0.013310252788316934,0.019222606942602655,True,0
2014-05,0.02411081674336198,0.010662724275119006,0.014815217515285688,True,0
2014-06,0.02544105666928722,0.011992964201044246,0.015787621172030857,True,0
2014-07,0.031138769548649803,0.01769067708040683,0.021083653057772444,True,0
2014-08,0.02851462703194478,0.015066534563701807,0.016156564761669816,True,0
2014-09,0.030570484916854445,0.01712239244861147,0.024143467400513475,True,0
2014-10,0.027725510948344197,0.014277418480101223,0.01626282458115412,True,0
2014-11,0.02456251851911112,0.011114426050868147,0.007981667493899138,True,0
2014-12,0.027501422697884522,0.014053330229641548,0.011384193268992458,True,0
2015-01,0.019054431741963355,0.0056063392737203815,0.006387460257341361,True,0
2015-02,0.02434882698641183,0.010900734518168857,0.017036015610158127,True,0
2015-03,0.020501646022627988,0.007053553554385014,0.013603432927730313,True,0
2015-04,0.02103932052744907,0.007591228059206097,0.013713730811578548,True,0
2015-05,0.02135796873766807,0.007909876269425097,0.012501483206149577,True,0
2015-06,0.02285919346390345,0.009411100995660476,0.023604096181078574,True,0
2015-07,0.020973797050885,0.007525704582642026,0.01982952440990337,True,0
2015-08,0.02143206135658702,0.007983968888344045,0.016957437736659815,True,0
2015-09,0.01821681282720267,0.004768720358959696,0.012184261828545343,True,0
2015-10,0.020184845867297317,0.006736753399054343,0.013857246223102596,True,0
2015-11,0.01843978164689182,0.004991689178648846,0.007022455306948496,True,0
2015-12,0.019752158857689717,0.006304066389446743,0.00971168773545176,True,0
2016-01,0.01463477128811105,0.0011866788198680762,-0.001689478055373376,True,0
2016-02,0.012723783686643338,-0.0007243087815996356,-0.006517054430254488,True,0
2016-03,0.011278394719618202,-0.0021696977486247715,-0.0075160809344740264,True,0
2016-04,0.01330453782916496,-0.00014355463907801333,-0.0032676052751618475,True,0
2016-05,0.013734596571220269,0.000286504102977295,-0.0012914485020982368,True,0
2016-06,0.009864731947728272,-0.0035833605205147015,-0.014385564267592587,True,0
2016-07,0.009300286096342794,-0.0041478063719001795,-0.012818640534715708,True,0
2016-08,0.011717338772604752,-0.0017307536956382222,-0.005425054119419357,True,0
2016-09,0.010282552487896994,-0.00316553998034598,-0.011645045988711036,True,0
2016-10,0.012357929747302375,-0.0010901627209405993,-0.009923940130790789,True,0
2016-11,0.0215186519526553,0.008070559484412328,0.00033469096847776447,True,0
2016-12,0.020421951021558228,0.006973858553315254,0.0005746617691635304,True,0
2017-01,0.02022044222067109,0.006772349752428117,-0.00599425017433873,True,0
2017-02,0.020205738535731606,0.006757646067488632,-0.008615996041379054,True,0
2017-03,0.019001249780791103,0.005553157312548129,-0.009507775713921788,True,0
2017-04,0.015883556219940656,0.002435463751697682,-0.0185507674501724,True,0
2017-05,0.012978941564591378,-0.00046915090365159604,-0.019198735455648396,True,0
2017-06,0.0135911078193353,0.0001430153510923269,-0.017392052728902017,True,0
2017-07,0.013270377067382528,-0.0001777154008604457,-0.021779913713199775,True,0
2017-08,0.010686778474268088,-0.0027613139939748864,-0.023542114638862712,True,0
2017-09,0.012974334890753877,-0.00047375757748909647,-0.02191888199632233,True,0
2017-10,0.011614059927733985,-0.0018340325405089893,-0.021206137400937835,True,0
2017-11,0.011727245850007598,-0.001720846618235376,-0.015070562503113623,True,0
2017-12,0.011268026760342704,-0.0021800657079002698,-0.006528797623960958,True,0
2018-01,0.014579160724121425,0.001131068255878451,0.0038017802352853887,True,0
2018-02,0.015159147232398288,0.0017110547641553137,0.004921652836794665,True,0
2018-03,0.01213873311039776,-0.0013093593578452148,0.009157808256788615,True,0
2018-04,0.014182714277429316,0.0007346218091863425,0.015157414163374135,True,0
2018-05,0.013035687414253682,-0.00041240505398929157,0.020083629937474066,True,0
2018-06,0.012126910592208329,-0.0013211818760346453,0.025600050919445793,True,0
2018-07,0.011356156057681767,-0.0020919364105612074,0.02604834889056275,True,0
2018-08,0.010507209373100837,-0.0029408830951421373,0.0323618381460562,True,0
2018-09,0.01104726486574985,-0.0024008276024931243,0.03453870262035258,True,0
2018-10,0.010261536463170379,-0.0031865560050725952,0.036851041559030295,True,0
2018-11,0.007987633257962631,-0.005460459210280343,0.029884096093983764,True,0
2018-12,0.004607659611351393,-0.00884043285689158,0.019689106574463194,True,0
2019-01,0.004212291949462056,-0.009235800518780918,0.026259065098952948,True,0
2019-02,0.0051736629033205805,-0.008274429564922393,0.03825459478687015,True,0
2019-03,0.0033334741517425017,-0.010114618316500472,0.04584843283639087,True,0
2019-04,0.003819729041095175,-0.009628363427147799,0.048122031908098786,True,0
2019-05,0.0011570102382219387,-0.012291082230021035,0.03843453127907625,True,0
2019-06,0.001581993765038741,-0.011866098703204233,0.03651122496041512,True,0
2019-07,0.0017607785074838806,-0.011687313960759093,0.03972392632047933,True,0
2019-08,-0.00154550618551125,-0.014993598653754225,0.027251255453077015,True,0
2019-09,0.00034221262036567956,-0.013105879847877294,0.03222206654531725,True,0
2019-10,0.0029700673739932112,-0.010478025094249763,0.03222566358338422,True,0
2019-11,0.003688080534974176,-0.009760011933268798,0.035405962827110865,True,0
2019-12,0.006092090469676993,-0.007356001998565981,0.03692458236050519,True,0
2020-01,0.001105575905206514,-0.012342516563036459,0.025922017514196986,True,0
2020-02,0.001636151518489828,-0.011811940949753146,0.013927084139698703,True,0
2020-03,0.0033743198435065634,-0.01007377262473641,-5.3233783607489846e-05,True,1
2020-04,0.0036478450306872594,-0.009800247437555715,-0.0003738546945912379,True,1
2020-05,0.0018280680994645178,-0.011620024368778455,-0.0017827551326065091,True,0
2020-06,0.00020277192645472633,-0.013245320541788248,-0.005657334298830305,True,0
2020-07,0.0015298231421629058,-0.011918269326080068,-0.004417685263073485,True,0
2020-08,0.0017743132394449769,-0.011673779228797997,-0.004618494693986279,True,0
2020-09,0.001559543305487019,-0.011888549162755955,-0.0068560027619332334,True,0
2020-10,0.003333948319221228,-0.010114144149021745,-0.009937505532032032,True,0
2020-11,0.0033066392406299375,-0.010141453227613036,-0.011990121049093732,True,0
2020-12,0.0031070560489109135,-0.01034103641933206,-0.01527687607819873,True,0
2021-01,0.0037581509681377263,-0.009689941500105248,-0.02403088635088982,True,0
2021-02,0.00893766780505735,-0.0045104246631856235,-0.022320507536036503,True,0
2021-03,0.012376732626860747,-0.001071359841382227,-0.03809238355863462,True,0
2021-04,0.010813066063320055,-0.0026350264049229185,-0.049459426682321325,True,0
2021-05,0.009936719093005118,-0.0035113733752378563,-0.047179340211360846,True,0
2021-06,0.012379205095833219,-0.001068887372409755,-0.05168082313112956,True,0
2021-07,0.01102470439077314,-0.0024233880774698346,-0.05167398213624661,True,0
2021-08,0.012157840454245568,-0.001290252013997406,-0.06578491500480793,True,0
2021-09,0.0151152503828925,0.0016671579146495252,-0.07846844572426132,True,0
2021-10,0.018537574579135123,0.005089482110892149,-0.07578469850923186,True,0
2021-11,0.018347334540412746,0.004899242072169772,-0.06757885768479807,True,0
2021-12,0.016010645241940367,0.0025625527736973935,-0.06828646107402027,True,0
2022-01,0.016374514948539295,0.0029264224802963215,-0.052436015051292695,True,0
2022-02,0.0149932067586753,0.001545114290432326,-0.06221348672485508,True,0
2022-03,0.017674497705444617,0.004226405237201643,-0.025234412812465634,True,0
2022-04,0.01832445521761923,0.004876362749376258,-0.013797629141064933,True,0
2022-05,0.017167287333739043,0.0037191948654960692,-0.026985890595025774,True,0
2022-06,0.010041678107246632,-0.003406414360996342,-0.03518398363178576,True,0
2022-07,0.0018219578787729493,-0.011626134589470025,-0.0454086253219489,True,0
2022-08,0.009761300656483451,-0.0036867918117595225,-0.02815631045625904,True,0
2022-09,0.009908849939788893,-0.0035392425284540806,-0.015099526286861625,True,0
2022-10,0.006116442800110478,-0.007331649668132496,-0.01864441077907606,True,0
2022-11,-0.003761291938417226,-0.0172093844066602,-0.021133919290670346,True,0
2022-12,-0.0014194473738505624,-0.014867539842093536,-0.004500235493053116,True,0
2023-01,-0.006623085141898008,-0.020071177610140982,-0.015135300964104623,True,0
2023-02,-0.004516691626575423,-0.017964784094818397,-0.009523734669356637,True,0
2023-03,-0.003265326865997035,-0.01671341933424001,-0.02626369186148415,True,0
2023-04,-0.007951536833645521,-0.021399629301888497,-0.04112079183457958,True,0
2023-05,-0.00825160337641187,-0.021699695844654844,-0.029774711069008884,True,0
2023-06,-0.007342006711788921,-0.020790099180031895,-0.015234293155806265,True,0
2023-07,-0.00766804223866218,-0.021116134706905154,-0.003239224676722767,True,0
2023-08,-0.005343609796545714,-0.018791702264788688,0.004755812681767462,True,0
2023-09,-0.0006322834412429319,-0.014080375909485906,0.0191566468103896,True,0
2023-10,0.0037816067665436513,-0.009666485701699323,0.012876564671380228,True,0
2023-11,-0.001227936998932741,-0.014676029467175715,-0.00037626367857602865,True,0
2023-12,-0.002851854766180148,-0.016299947234423122,-0.015887325530895738,True,0
2024-01,-0.0030942871737960793,-0.016542379642039053,,False,0
2024-02,1.0836553200173349e-05,-0.0134372559150428,,False,0
2024-03,-0.00013728618199047166,-0.013585378650233446,,False,0
2024-04,0.0035961953507100616,-0.009851897117532912,,False,0
2024-05,0.00048028120151126855,-0.012967811266731705,,False,0
2024-06,0.0002904166915536008,-0.013157675776689373,,False,0
2024-07,-0.002264596490811798,-0.015712688959054772,,False,0
2024-08,0.0005363936808222766,-0.012911698787420697,,False,0
2024-09,0.003924788638037302,-0.009523303830205672,,False,0
2024-10,0.008886162619838527,-0.004561929848404447,,False,0
2024-11,0.007333282283847376,-0.006114810184395598,,False,0
2024-12,0.013359596998125382,-8.849547011759162e-05,,False,0
